ENTREZID,ENSEMBL,SYMBOL,GENENAME,baseMean,log2FoldChange,lfcSE,stat,pvalue,padj,Upregulated/Downregulated,Targets with no approved drugs,Oncogene/Tumor Suppressor
56033,ENSG00000131668,BARX1,BARX homeobox 1,51.3589808,21.54905025,3.026855362,7.119286414,1.08E-12,5.41E-10,Upregulated,,
5267,ENSG00000100665,SERPINA4,serpin family A member 4,94.3464392,9.975076371,2.871559234,3.473749124,0.000513241,0.007062491,Upregulated,,
400655,ENSG00000263711,LINC02864,long intergenic non-protein coding RNA 2864,85.56649378,9.834254707,2.734575075,3.596264295,0.00032282,0.005028432,Upregulated,,
3381,ENSG00000029559,IBSP,integrin binding sialoprotein,81.61177082,9.187327882,1.578517577,5.820225266,5.88E-09,9.57E-07,Upregulated,,
6690,ENSG00000164266,SPINK1,serine peptidase inhibitor Kazal type 1,893.1497854,8.808648875,0.926572809,9.506699081,1.97E-21,4.88E-18,Upregulated,,
27283,ENSG00000137251,TINAG,tubulointerstitial nephritis antigen,41.06386097,8.775279079,2.405401991,3.648154908,0.00026413,0.004328464,Upregulated,,
3175,ENSG00000169856,ONECUT1,one cut homeobox 1,57.99904379,8.694425919,1.652649194,5.260902285,1.43E-07,1.19E-05,Upregulated,,
100132916,ENSG00000145642,SHISAL2B,shisa like 2B,26.18416266,8.126074614,3.027497612,2.684089521,0.007272763,0.046519876,Upregulated,,
1469,ENSG00000170373,CST1,cystatin SN,111.9066328,8.042046098,1.50239302,5.352824454,8.66E-08,7.84E-06,Upregulated,,
8091,ENSG00000149948,HMGA2,high mobility group AT-hook 2,695.5597601,7.906798975,1.430891634,5.525784613,3.28E-08,3.61E-06,Upregulated,,
127343,ENSG00000197587,DMBX1,diencephalon/mesencephalon homeobox 1,28.17732536,7.648663093,1.606476251,4.761142961,1.93E-06,9.36E-05,Upregulated,,
112937,ENSG00000166105,GLB1L3,galactosidase beta 1 like 3,193.8138122,7.439611511,1.386092258,5.367327802,7.99E-08,7.40E-06,Upregulated,,
5121,ENSG00000183036,PCP4,Purkinje cell protein 4,77.94533002,7.323257642,1.532553352,4.77846832,1.77E-06,8.71E-05,Upregulated,,
100874194,ENSG00000223392,CLDN10-AS1,CLDN10 antisense RNA 1,28.07262886,7.06397803,1.785507452,3.956285941,7.61E-05,0.001723132,Upregulated,,
389336,ENSG00000178776,C5orf46,chromosome 5 open reading frame 46,18.25231175,7.014462391,1.401085504,5.006448481,5.54E-07,3.50E-05,Upregulated,,
7015,ENSG00000164362,TERT,telomerase reverse transcriptase,11.60702293,6.952741966,1.764375362,3.940625174,8.13E-05,0.001810667,Upregulated,,
1943,ENSG00000099617,EFNA2,ephrin A2,16.44116712,6.872204565,1.579701198,4.350319272,1.36E-05,0.000444809,Upregulated,,
165257,ENSG00000144119,C1QL2,complement C1q like 2,38.53962286,6.770174931,2.422938808,2.794199717,0.005202834,0.036792791,Upregulated,,
146771,ENSG00000240280,TCAM1P,"testicular cell adhesion molecule 1, pseudogene",52.24026527,6.710234754,1.517474301,4.421975877,9.78E-06,0.000335523,Upregulated,,
80078,ENSG00000286042,LCAL1,lung cancer associated lncRNA 1,151.3050196,6.689886048,1.201482541,5.568026017,2.58E-08,2.97E-06,Upregulated,,
153328,ENSG00000145832,SLC25A48,solute carrier family 25 member 48,14.56534716,6.689377283,2.109121458,3.171641565,0.0015158,0.015557346,Upregulated,,
54578,ENSG00000167165,UGT1A6,UDP glucuronosyltransferase family 1 member A6,372.7223166,6.644413101,1.730815812,3.838890918,0.000123591,0.002510955,Upregulated,,
26154,ENSG00000144452,ABCA12,ATP binding cassette subfamily A member 12,214.1084472,6.618444772,1.063624317,6.222539918,4.89E-10,1.21E-07,Upregulated,,
101928978,ENSG00000250546,LINC02994,long intergenic non-protein coding RNA 2994,13.54991426,6.591212735,1.758483335,3.748237248,0.000178082,0.003306351,Upregulated,,
1591,ENSG00000019186,CYP24A1,cytochrome P450 family 24 subfamily A member 1,1189.923528,6.591128483,1.401771036,4.702000764,2.58E-06,0.000117317,Upregulated,,
100124700,ENSG00000228630,HOTAIR,HOX transcript antisense RNA,8.772285942,6.549402164,2.213482921,2.958867268,0.003087721,0.025736197,Upregulated,,
100507377,ENSG00000251138,LINC02882,long intergenic non-protein coding RNA 2882,8.619614058,6.526486253,1.695201341,3.849977048,0.000118129,0.002421803,Upregulated,,
102723356,,ZFPM2-AS1,ZFPM2 antisense RNA 1,116.8119257,6.496840548,1.171133642,5.54748008,2.90E-08,3.25E-06,Upregulated,,
3026,ENSG00000148702,HABP2,hyaluronan binding protein 2,524.9450047,6.487993667,0.764370881,8.488017835,2.10E-17,2.78E-14,Upregulated,,
3227,ENSG00000123388,HOXC11,homeobox C11,8.303933636,6.470433444,2.143360254,3.018826832,0.002537555,0.022283961,Upregulated,,
1301,ENSG00000060718,COL11A1,collagen type XI alpha 1 chain,420.4291422,6.410409359,0.847195532,7.566623189,3.83E-14,2.71E-11,Upregulated,,
81832,ENSG00000166342,NETO1,neuropilin and tolloid like 1,11.78223637,6.383124764,1.234535641,5.170466169,2.34E-07,1.79E-05,Upregulated,,
57127,ENSG00000132677,RHBG,Rh family B glycoprotein,22.92459936,6.183633494,1.557972129,3.969027033,7.22E-05,0.001652417,Upregulated,,
2877,ENSG00000176153,GPX2,glutathione peroxidase 2,619.5510217,6.176573723,1.22304628,5.050155355,4.41E-07,2.97E-05,Upregulated,,
3226,ENSG00000180818,HOXC10,homeobox C10,10.13906463,6.168755571,1.90453867,3.238976276,0.001199596,0.013149132,Upregulated,,
7498,ENSG00000158125,XDH,xanthine dehydrogenase,549.8221055,6.054451491,0.973896576,6.216729412,5.08E-10,1.24E-07,Upregulated,,
55195,ENSG00000100557,CCDC198,coiled-coil domain containing 198,48.18926542,6.00024251,1.367774226,4.386866191,1.15E-05,0.000385177,Upregulated,,
159963,ENSG00000148942,SLC5A12,solute carrier family 5 member 12,42.83133653,5.891773962,1.460674371,4.033598508,5.49E-05,0.001329902,Upregulated,,
2267,ENSG00000104760,FGL1,fibrinogen like 1,74.48012328,5.855378766,1.092015444,5.361992633,8.23E-08,7.56E-06,Upregulated,,
4322,ENSG00000137745,MMP13,matrix metallopeptidase 13,148.1760214,5.816120685,2.023388398,2.874445999,0.00404737,0.031022534,Upregulated,,
101927132,ENSG00000261231,LINC02133,long intergenic non-protein coding RNA 2133,17.41135808,5.804327603,1.372504353,4.229004877,2.35E-05,0.000690565,Upregulated,,
147920,ENSG00000204866,IGFL2,IGF like family member 2,16.97314932,5.761563025,1.061012788,5.430248427,5.63E-08,5.66E-06,Upregulated,,
7546,ENSG00000043355,ZIC2,Zic family member 2,17.87623416,5.755948258,1.443393654,3.987788253,6.67E-05,0.001557643,Upregulated,,
389384,ENSG00000189325,BNIP5,BCL2 interacting protein 5,22.03128986,5.755903221,1.220146226,4.717388047,2.39E-06,0.000110419,Upregulated,,
8038,ENSG00000148848,ADAM12,ADAM metallopeptidase domain 12,830.3849631,4.063876587,0.846600783,4.800227768,1.58E-06,8.08E-05,Upregulated,Yes,
23120,ENSG00000118322,ATP10B,ATPase phospholipid transporting 10B (putative),202.9762645,5.729204926,1.130299337,5.068750142,4.00E-07,2.75E-05,Upregulated,,
6291,ENSG00000148965,SAA4,"serum amyloid A4, constitutive",11.12296746,5.706715964,1.511096567,3.776539559,0.000159022,0.003049568,Upregulated,,
162632,ENSG00000290976,USP32P1,ubiquitin specific peptidase 32 pseudogene 1,301.0841957,5.697979242,1.144679158,4.977795918,6.43E-07,3.86E-05,Upregulated,,
5522,ENSG00000074211,PPP2R2C,protein phosphatase 2 regulatory subunit Bgamma,79.13540849,5.659471449,1.304820376,4.337356738,1.44E-05,0.000466471,Upregulated,,
84740,ENSG00000272620,AFAP1-AS1,AFAP1 antisense RNA 1,530.6927405,5.640173401,0.845402128,6.671586473,2.53E-11,8.80E-09,Upregulated,,
154860,ENSG00000230316,FEZF1-AS1,FEZF1 antisense RNA 1,59.66545157,5.587276248,0.980399125,5.698981267,1.21E-08,1.65E-06,Upregulated,,
260436,ENSG00000181617,FDCSP,follicular dendritic cell secreted protein,49.29140679,5.582552095,1.612426512,3.462205598,0.000535768,0.007291515,Upregulated,,
6289,ENSG00000134339,SAA2,serum amyloid A2,511.6247554,5.518075504,1.244098375,4.435401262,9.19E-06,0.000322532,Upregulated,,
363,ENSG00000086159,AQP6,aquaporin 6,14.7829876,3.490416239,1.215349088,2.871945414,0.004079534,0.031196716,Upregulated,Yes,
55586,ENSG00000100253,MIOX,myo-inositol oxygenase,26.86758442,5.478842648,1.094789042,5.004473408,5.60E-07,3.51E-05,Upregulated,,
1618,ENSG00000092345,DAZL,deleted in azoospermia like,6.345493014,5.474585194,1.802772117,3.036759411,0.002391362,0.021388509,Upregulated,,
641364,ENSG00000250033,SLC7A11-AS1,SLC7A11 antisense RNA 1,4.060033206,5.445366582,1.521432782,3.579104279,0.000344774,0.005271027,Upregulated,,
80117,ENSG00000179674,ARL14,ADP ribosylation factor like GTPase 14,22.54098607,5.436028485,1.417610493,3.834641822,0.000125747,0.002548959,Upregulated,,
727897,ENSG00000117983,MUC5B,"mucin 5B, oligomeric mucus/gel-forming",3621.352229,5.432851183,1.089024248,4.98873298,6.08E-07,3.75E-05,Upregulated,,
102724890,ENSG00000257185,LINC02293,long intergenic non-protein coding RNA 2293,4.012172121,5.424025179,1.842295177,2.944167279,0.003238249,0.026577502,Upregulated,,
27329,ENSG00000132855,ANGPTL3,angiopoietin like 3,17.32510414,5.417022261,1.320140899,4.103366744,4.07E-05,0.001059579,Upregulated,,
5454,ENSG00000184486,POU3F2,POU class 3 homeobox 2,13.30552164,5.413359739,1.826682196,2.963492912,0.003041691,0.025481066,Upregulated,,
257629,ENSG00000175311,ANKS4B,ankyrin repeat and sterile alpha motif domain containing 4B,36.54618804,5.392920569,1.322666963,4.077307985,4.56E-05,0.001152311,Upregulated,,
389549,ENSG00000128610,FEZF1,FEZ family zinc finger 1,21.52158301,5.370513632,1.171389387,4.584738168,4.55E-06,0.000186227,Upregulated,,
768,ENSG00000107159,CA9,carbonic anhydrase 9,73.58885341,5.311750199,1.109434831,4.7877983,1.69E-06,8.49E-05,Upregulated,,
10761,ENSG00000170965,PLAC1,placenta enriched 1,5.582079234,5.28779463,1.578934397,3.348964112,0.000811143,0.009940763,Upregulated,,
653067,ENSG00000204382,XAGE1B,X antigen family member 1B,12.1085547,5.264748504,1.677429635,3.138580835,0.001697681,0.016767187,Upregulated,,
728192,ENSG00000233532,LINC00460,long intergenic non-protein coding RNA 460,15.87327075,5.257067655,1.276419592,4.118604642,3.81E-05,0.001010466,Upregulated,,
4312,ENSG00000196611,MMP1,matrix metallopeptidase 1,1110.41991,5.251093318,0.973718193,5.392826541,6.94E-08,6.58E-06,Upregulated,,
84072,ENSG00000143452,HORMAD1,HORMA domain containing 1,186.2747897,5.244447654,1.089704364,4.812725202,1.49E-06,7.63E-05,Upregulated,,
1300,ENSG00000123500,COL10A1,collagen type X alpha 1 chain,568.0083778,5.237095573,0.528425703,9.910751019,3.74E-23,1.48E-19,Upregulated,,
102723316,,FRG1DP,"FSHD region gene 1 family member D, pseudogene",15.16063748,5.202884189,1.319342163,3.943544242,8.03E-05,0.001795142,Upregulated,,
84985,ENSG00000147689,FAM83A,family with sequence similarity 83 member A,298.9597345,5.183479255,1.143901763,4.531402454,5.86E-06,0.000223364,Upregulated,,
1758,ENSG00000152592,DMP1,dentin matrix acidic phosphoprotein 1,5.033669747,5.146724472,1.872676501,2.748325442,0.005990052,0.040317971,Upregulated,,
26579,ENSG00000172927,MYEOV,myeloma overexpressed,54.49695144,5.141123633,0.910250614,5.64803094,1.62E-08,2.06E-06,Upregulated,,
8521,ENSG00000137270,GCM1,glial cells missing transcription factor 1,14.06762875,5.137188597,1.188212796,4.323458403,1.54E-05,0.000490149,Upregulated,,
100131726,ENSG00000204949,FAM83A-AS1,FAM83A antisense RNA 1,14.10622433,5.096343447,1.235461476,4.125052496,3.71E-05,0.000989256,Upregulated,,
54866,ENSG00000166143,PPP1R14D,protein phosphatase 1 regulatory inhibitor subunit 14D,66.52873381,5.069420073,0.911039846,5.564432879,2.63E-08,3.00E-06,Upregulated,,
3868,ENSG00000186832,KRT16,keratin 16,23.55056384,5.058603193,1.351732733,3.7423102,0.000182336,0.003357077,Upregulated,,
29028,ENSG00000156802,ATAD2,ATPase family AAA domain containing 2,770.6236599,1.428463828,0.397433434,3.594221584,0.000325363,0.005048216,Upregulated,Yes,
1159,ENSG00000237289,CKMT1B,"creatine kinase, mitochondrial 1B",20.71442582,5.030869909,1.135695426,4.429770334,9.43E-06,0.000328741,Upregulated,,
196051,ENSG00000203805,PLPP4,phospholipid phosphatase 4,9.633239068,4.978090917,1.029064881,4.837489848,1.31E-06,6.97E-05,Upregulated,,
9075,ENSG00000165376,CLDN2,claudin 2,981.8622897,4.976894368,1.265206578,3.93366147,8.37E-05,0.001852931,Upregulated,,
389023,ENSG00000235026,DPP10-AS1,DPP10 antisense RNA 1,22.89593675,4.975273135,1.202397679,4.137793364,3.51E-05,0.000949901,Upregulated,,
440590,ENSG00000203995,ZYG11A,"zyg-11 family member A, cell cycle regulator",29.45588167,4.96086573,1.054031611,4.70656257,2.52E-06,0.000115104,Upregulated,,
1380,ENSG00000117322,CR2,complement C3d receptor 2,242.2559367,4.953266608,1.040859383,4.758823994,1.95E-06,9.40E-05,Upregulated,,
26585,ENSG00000166923,GREM1,"gremlin 1, DAN family BMP antagonist",17.44504392,4.925591364,1.558015045,3.161453017,0.001569841,0.015939038,Upregulated,,
284756,ENSG00000176659,LINC02910,long intergenic non-protein coding RNA 2910,281.6425392,4.90689167,0.879745014,5.577629415,2.44E-08,2.83E-06,Upregulated,,
10331,ENSG00000179913,B3GNT3,"UDP-GlcNAc:betaGal beta-1,3-N-acetylglucosaminyltransferase 3",396.3357518,4.903200118,0.866742612,5.657042874,1.54E-08,2.01E-06,Upregulated,,
9480,ENSG00000119547,ONECUT2,one cut homeobox 2,60.57430861,4.892148506,1.012720339,4.830700358,1.36E-06,7.08E-05,Upregulated,,
26525,ENSG00000136695,IL36RN,interleukin 36 receptor antagonist,6.357684353,4.890888997,1.48236494,3.299382538,0.000968978,0.011338252,Upregulated,,
6696,ENSG00000118785,SPP1,secreted phosphoprotein 1,6782.328967,4.866009242,1.048922769,4.639053879,3.50E-06,0.000149254,Upregulated,,
1143,ENSG00000117971,CHRNB4,cholinergic receptor nicotinic beta 4 subunit,4.146081702,4.86240252,1.222783098,3.976504524,6.99E-05,0.001614382,Upregulated,,
441355,ENSG00000254349,MIR2052HG,MIR2052 host gene,13.93673976,4.859279907,1.647341368,2.949771069,0.003180095,0.026238571,Upregulated,,
79962,ENSG00000178401,DNAJC22,DnaJ heat shock protein family (Hsp40) member C22,171.6500138,4.836393121,0.85769728,5.638811309,1.71E-08,2.12E-06,Upregulated,,
283460,ENSG00000241388,HNF1A-AS1,HNF1A antisense RNA 1,83.39766036,4.821320171,1.333835447,3.614628913,0.000300778,0.004782782,Upregulated,,
394263,ENSG00000204544,MUC21,"mucin 21, cell surface associated",2.635852549,4.818427938,1.81356309,2.656884652,0.007886642,0.049379296,Upregulated,,
1015,ENSG00000079112,CDH17,cadherin 17,64.64782577,4.794618685,0.981517633,4.884903259,1.03E-06,5.75E-05,Upregulated,,
131368,ENSG00000170044,ZPLD1,zona pellucida like domain containing 1,15.12205228,4.779868365,1.34111958,3.564088122,0.000365123,0.005480719,Upregulated,,
101805492,ENSG00000249395,CASC9,cancer susceptibility 9,67.45648022,4.766839731,1.348958364,3.533718948,0.000409757,0.005974311,Upregulated,,
699,ENSG00000169679,BUB1,BUB1 mitotic checkpoint serine/threonine kinase,333.9757797,3.37490712,0.702389789,4.804892057,1.55E-06,7.91E-05,Upregulated,Yes,
284729,,ESPNP,espin pseudogene,11.24810173,4.717633617,1.349221487,3.496559802,0.000471299,0.006647756,Upregulated,,
28390,ENSG00000283906,IGHV4-80,immunoglobulin heavy variable 4-80 (pseudogene),11.09272926,4.705819563,1.16978594,4.022804002,5.75E-05,0.001382246,Upregulated,,
25769,ENSG00000155886,SLC24A2,solute carrier family 24 member 2,11.10431349,4.703882742,1.180173273,3.985756033,6.73E-05,0.001567344,Upregulated,,
891,ENSG00000134057,CCNB1,cyclin B1,469.2367466,3.361765684,0.734571906,4.576496402,4.73E-06,0.000191109,Upregulated,Yes,
83417,ENSG00000163518,FCRL4,Fc receptor like 4,12.70727714,4.70133787,1.676621327,2.804054674,0.005046435,0.035943158,Upregulated,,
1237,ENSG00000179934,CCR8,C-C motif chemokine receptor 8,20.12828663,1.907315186,0.503787258,3.785953605,0.00015312,0.002953523,Upregulated,Yes,
57628,ENSG00000175497,DPP10,dipeptidyl peptidase like 10,154.6165981,4.639479209,1.148355388,4.040107493,5.34E-05,0.001303073,Upregulated,,
5308,ENSG00000164093,PITX2,paired like homeodomain 2,10.36566355,4.629152483,1.232429396,3.756119822,0.000172568,0.00322512,Upregulated,,
79623,ENSG00000158089,GALNT14,polypeptide N-acetylgalactosaminyltransferase 14,284.1184688,4.621605687,0.849107415,5.442898747,5.24E-08,5.30E-06,Upregulated,,
143503,ENSG00000180785,OR51E1,olfactory receptor family 51 subfamily E member 1,11.71018616,4.619863415,1.461639212,3.160741295,0.001573682,0.015952827,Upregulated,,
652995,ENSG00000214049,UCA1,urothelial cancer associated 1,7.63305966,4.619711035,1.059155566,4.361692637,1.29E-05,0.000426522,Upregulated,,
10563,ENSG00000156234,CXCL13,C-X-C motif chemokine ligand 13,402.9010657,4.585739539,1.296050052,3.538242626,0.0004028,0.005898904,Upregulated,,
105373551,,LOC105373551,uncharacterized LOC105373551,2.208514092,4.563049803,1.589627103,2.870515856,0.004098026,0.031282187,Upregulated,,
56649,ENSG00000137648,TMPRSS4,transmembrane serine protease 4,568.0895111,4.562084894,0.897478585,5.083224236,3.71E-07,2.57E-05,Upregulated,,
83851,ENSG00000139973,SYT16,synaptotagmin 16,7.566382221,4.558992012,1.552609016,2.936342611,0.003321073,0.027055693,Upregulated,,
347527,ENSG00000205667,ARSH,arylsulfatase family member H,3.327724208,4.539182209,1.47883566,3.069429775,0.002144678,0.019816537,Upregulated,,
3172,ENSG00000101076,HNF4A,hepatocyte nuclear factor 4 alpha,130.8666895,4.536166059,1.292183383,3.510466177,0.000447322,0.006409043,Upregulated,,
22986,ENSG00000156395,SORCS3,sortilin related VPS10 domain containing receptor 3,3.335397283,4.529915027,1.605180511,2.822059573,0.004771631,0.034633341,Upregulated,,
3081,ENSG00000113924,HGD,"homogentisate 1,2-dioxygenase",235.1586781,4.519592851,0.93453931,4.836172009,1.32E-06,6.97E-05,Upregulated,,
1852,ENSG00000130829,DUSP9,dual specificity phosphatase 9,8.914591464,4.516050649,1.539853859,2.932778732,0.003359432,0.02728971,Upregulated,,
347688,ENSG00000261456,TUBB8,tubulin beta 8 class VIII,4.856274185,4.491774969,1.255763562,3.5769273,0.000347657,0.005296672,Upregulated,,
649179,ENSG00000290847,PRAMENP,"PRAME N-terminal like, pseudogene",3.231519719,4.473360212,1.55639171,2.874186609,0.004050696,0.031027849,Upregulated,,
101929504,ENSG00000261039,LINC02544,long intergenic non-protein coding RNA 2544,20.64688904,4.439777072,1.560403404,2.845275176,0.004437307,0.033102643,Upregulated,,
9245,ENSG00000140297,GCNT3,"glucosaminyl (N-acetyl) transferase 3, mucin type",186.4788208,4.432731837,0.952505387,4.653760386,3.26E-06,0.000141723,Upregulated,,
28378,ENSG00000211979,IGHV7-81,immunoglobulin heavy variable 7-81 (non-functional),7.218046442,4.43186735,1.483385166,2.987671342,0.002811117,0.023984496,Upregulated,,
22974,ENSG00000088325,TPX2,TPX2 microtubule nucleation factor,789.7661833,4.420746196,0.858037867,5.152157459,2.58E-07,1.93E-05,Upregulated,,
55635,ENSG00000024526,DEPDC1,DEP domain containing 1,136.5624809,4.405074225,0.778482619,5.658538952,1.53E-08,2.00E-06,Upregulated,,
4605,ENSG00000101057,MYBL2,MYB proto-oncogene like 2,335.2678909,4.369763925,0.831526637,5.255109977,1.48E-07,1.22E-05,Upregulated,,
645249,ENSG00000243479,MNX1-AS1,MNX1 antisense RNA 1 (head to head),6.336012211,4.358291815,1.16830452,3.730441627,0.000191144,0.00347725,Upregulated,,
115701,ENSG00000198796,ALPK2,alpha kinase 2,72.11086115,4.357894006,0.876373374,4.972645374,6.60E-07,3.94E-05,Upregulated,,
2118,ENSG00000175832,ETV4,ETS variant transcription factor 4,530.1974939,4.349062793,0.789945882,5.505519927,3.68E-08,3.97E-06,Upregulated,,
993,ENSG00000164045,CDC25A,cell division cycle 25A,62.77094322,2.993685899,0.709523251,4.219292173,2.45E-05,0.000719926,Upregulated,Yes,Oncogene
27324,ENSG00000103460,TOX3,TOX high mobility group box family member 3,508.7360739,4.330382073,0.859829332,5.036327459,4.75E-07,3.15E-05,Upregulated,,
100506757,ENSG00000227060,LINC00629,long intergenic non-protein coding RNA 629,2.895720273,4.329575342,1.255875296,3.447456413,0.000565892,0.007572014,Upregulated,,
54064,ENSG00000230978,LINC00160,long intergenic non-protein coding RNA 160,1.878520872,4.324505083,1.558972703,2.773945352,0.005538098,0.038247692,Upregulated,,
3265,ENSG00000174775,HRAS,"HRas proto-oncogene, GTPase",12.68109026,4.32445976,1.097630336,3.939814359,8.15E-05,0.001814758,Upregulated,,
728591,ENSG00000242715,CCDC169,coiled-coil domain containing 169,2.900355039,4.320232864,1.182115433,3.654662433,0.000257521,0.004280281,Upregulated,,
259266,ENSG00000066279,ASPM,assembly factor for spindle microtubules,395.5626637,4.309069629,0.85292709,5.052096105,4.37E-07,2.95E-05,Upregulated,,
2974,ENSG00000123201,GUCY1B2,guanylate cyclase 1 soluble subunit beta 2 (pseudogene),58.60657847,4.302624817,0.795786091,5.406760515,6.42E-08,6.30E-06,Upregulated,,
991,ENSG00000117399,CDC20,cell division cycle 20,277.1148591,4.290523076,0.850885503,5.042421176,4.60E-07,3.07E-05,Upregulated,,
7153,ENSG00000131747,TOP2A,DNA topoisomerase II alpha,1615.22922,4.276728627,0.775922087,5.511801637,3.55E-08,3.85E-06,Upregulated,,
5307,ENSG00000069011,PITX1,paired like homeodomain 1,115.2912781,4.260640476,1.091592082,3.903143442,9.50E-05,0.002048739,Upregulated,,
4986,ENSG00000082556,OPRK1,opioid receptor kappa 1,44.04563297,4.256932897,1.391146751,3.060017137,0.002213243,0.020308376,Upregulated,,
101927171,ENSG00000235899,LINC01564,long intergenic non-protein coding RNA 1564,18.51544304,4.249688307,1.532054501,2.773849302,0.005539733,0.038247692,Upregulated,,
81796,ENSG00000137571,SLCO5A1,solute carrier organic anion transporter family member 5A1,85.18350618,4.2496585,0.793122173,5.358138562,8.41E-08,7.68E-06,Upregulated,,
1001,ENSG00000062038,CDH3,cadherin 3,951.2970908,3.126704401,0.819734369,3.81428975,0.000136575,0.002716298,Upregulated,Yes,
344875,ENSG00000291281,COL6A4P1,collagen type VI alpha 4 pseudogene 1,6.138913318,4.24265436,1.329894291,3.190219244,0.001421649,0.014907392,Upregulated,,
25803,ENSG00000124664,SPDEF,SAM pointed domain containing ETS transcription factor,329.4365568,4.241294761,0.757660153,5.597885467,2.17E-08,2.59E-06,Upregulated,,
9787,ENSG00000126787,DLGAP5,DLG associated protein 5,171.5790456,4.236919342,0.767747392,5.51863723,3.42E-08,3.72E-06,Upregulated,,
105375661,,,,10.56563689,4.228954733,1.178086003,3.589682521,0.000331081,0.005105772,Upregulated,,
9615,ENSG00000119125,GDA,guanine deaminase,103.3914205,4.222880437,1.095218321,3.855743057,0.000115379,0.002383571,Upregulated,,
343578,ENSG00000124143,ARHGAP40,Rho GTPase activating protein 40,272.7667883,4.214910327,0.687601781,6.129871157,8.80E-10,1.89E-07,Upregulated,,
345651,ENSG00000169067,ACTBL2,actin beta like 2,9.825160198,4.212683827,1.281565947,3.287137768,0.001012113,0.011722658,Upregulated,,
94026,ENSG00000158553,POM121L2,POM121 transmembrane nucleoporin like 2,4.05499404,4.211732395,1.579666079,2.6662169,0.007671018,0.048405278,Upregulated,,
332,ENSG00000089685,BIRC5,baculoviral IAP repeat containing 5,267.5523843,4.200389704,0.842988912,4.982734228,6.27E-07,3.80E-05,Upregulated,,
4892,ENSG00000197893,NRAP,nebulin related anchoring protein,9.765812163,4.188634547,1.118250534,3.74570315,0.000179889,0.003324346,Upregulated,,
222584,ENSG00000168143,FAM83B,family with sequence similarity 83 member B,91.23952349,4.187837608,1.381984046,3.030308215,0.002443043,0.021636042,Upregulated,,
26762,ENSG00000113249,HAVCR1,hepatitis A virus cellular receptor 1,84.03279317,4.187316594,1.123223204,3.727947018,0.000193046,0.003502203,Upregulated,,
10643,ENSG00000136231,IGF2BP3,insulin like growth factor 2 mRNA binding protein 3,498.417985,4.183326972,1.012802461,4.130447084,3.62E-05,0.000971483,Upregulated,,
131578,ENSG00000172061,LRRC15,leucine rich repeat containing 15,245.9098985,4.17971038,0.718442327,5.817739608,5.96E-09,9.62E-07,Upregulated,,
3110,ENSG00000130675,MNX1,motor neuron and pancreas homeobox 1,29.04637218,4.178891365,0.881609421,4.74007113,2.14E-06,0.000101591,Upregulated,,
60680,ENSG00000161082,CELF5,CUGBP Elav-like family member 5,9.041974328,4.163000318,1.276689833,3.260776588,0.001111075,0.012525023,Upregulated,,
1062,ENSG00000138778,CENPE,centromere protein E,217.604057,3.540985724,0.680758821,5.201527489,1.98E-07,1.58E-05,Upregulated,Yes,
9720,ENSG00000170160,CCDC144A,coiled-coil domain containing 144A,11.31810695,4.15947902,1.165014985,3.570322334,0.000356542,0.0053851,Upregulated,,
55355,ENSG00000123485,HJURP,Holliday junction recognition protein,200.9076208,4.143766053,0.825774564,5.01803547,5.22E-07,3.36E-05,Upregulated,,
83879,ENSG00000144354,CDCA7,cell division cycle associated 7,393.3410723,4.127241846,0.466648315,8.844437482,9.20E-19,1.52E-15,Upregulated,,
400619,ENSG00000227036,LINC00511,long intergenic non-protein coding RNA 511,20.68027984,4.120568936,0.847692856,4.860922098,1.17E-06,6.33E-05,Upregulated,,
10595,ENSG00000134398,ERN2,endoplasmic reticulum to nucleus signaling 2,533.1798318,4.119923614,1.397631843,2.947788885,0.003200556,0.026344465,Upregulated,,
374470,ENSG00000179088,C12orf42,chromosome 12 open reading frame 42,41.25874659,4.119031374,0.839190043,4.908341574,9.18E-07,5.26E-05,Upregulated,,
441282,ENSG00000227471,AKR1B15,aldo-keto reductase family 1 member B15,14.43258186,4.074684559,1.01965255,3.996150019,6.44E-05,0.001512571,Upregulated,,
2528,ENSG00000156413,FUT6,fucosyltransferase 6,51.37688136,4.073080468,0.838217211,4.859218369,1.18E-06,6.36E-05,Upregulated,,
79019,ENSG00000100162,CENPM,centromere protein M,54.72659789,1.779250638,0.61489166,2.893600213,0.003808527,0.029802403,Upregulated,Yes,
146909,ENSG00000186185,KIF18B,kinesin family member 18B,161.4653253,4.063500054,0.793111397,5.123492196,3.00E-07,2.15E-05,Upregulated,,
54443,ENSG00000011426,ANLN,"anillin, actin binding protein",628.6521238,4.051127101,0.884315439,4.58108829,4.63E-06,0.000189117,Upregulated,,
11113,ENSG00000122966,CIT,citron rho-interacting serine/threonine kinase,990.56206,1.652560641,0.619668286,2.666847212,0.007656647,0.048351483,Upregulated,Yes,
79160,ENSG00000268941,LINC01711,long intergenic non-protein coding RNA 1711,5.322230602,4.028487494,1.376780826,2.926019463,0.003433295,0.027754822,Upregulated,,
4751,ENSG00000117650,NEK2,NIMA related kinase 2,135.0778625,4.026947998,0.854155485,4.714537424,2.42E-06,0.000111288,Upregulated,,
192134,ENSG00000198488,B3GNT6,"UDP-GlcNAc:betaGal beta-1,3-N-acetylglucosaminyltransferase 6",38.83321609,4.023436487,1.304226847,3.08492077,0.002036064,0.019070907,Upregulated,,
55388,ENSG00000065328,MCM10,minichromosome maintenance 10 replication initiation factor,124.8677035,4.018663399,0.831494652,4.83305983,1.34E-06,7.03E-05,Upregulated,,
64151,ENSG00000109805,NCAPG,non-SMC condensin I complex subunit G,255.3946662,4.005720083,0.778312203,5.146675162,2.65E-07,1.96E-05,Upregulated,,
116379,ENSG00000164485,IL22RA2,interleukin 22 receptor subunit alpha 2,20.36821212,4.002497501,0.936194267,4.275285206,1.91E-05,0.000584138,Upregulated,,
24137,ENSG00000090889,KIF4A,kinesin family member 4A,227.5109949,3.997417076,0.770944039,5.185093697,2.16E-07,1.69E-05,Upregulated,,
150468,ENSG00000169607,CKAP2L,cytoskeleton associated protein 2 like,190.2768704,3.991717764,0.815168118,4.896803098,9.74E-07,5.50E-05,Upregulated,,
148113,ENSG00000160161,CILP2,cartilage intermediate layer protein 2,149.1062611,3.990271226,1.080288394,3.693709244,0.000221006,0.003849945,Upregulated,,
26,ENSG00000002726,AOC1,amine oxidase copper containing 1,217.9428244,3.982761536,1.007694196,3.95235137,7.74E-05,0.00174773,Upregulated,,
647946,ENSG00000267374,MIR924HG,MIR924 host gene,11.7877146,3.981916231,1.224715127,3.25129995,0.001148786,0.012826169,Upregulated,,
3359,ENSG00000166736,HTR3A,5-hydroxytryptamine receptor 3A,13.65377487,3.980053522,1.363880567,2.918183321,0.003520773,0.028253099,Upregulated,,
4585,ENSG00000145113,MUC4,"mucin 4, cell surface associated",47.64708748,3.978835974,1.320681323,3.012714652,0.002589223,0.022637431,Upregulated,,
25791,ENSG00000066248,NGEF,neuronal guanine nucleotide exchange factor,144.7356356,3.942377566,0.908663939,4.338653046,1.43E-05,0.000465247,Upregulated,,
196410,ENSG00000170439,TMT1B,thiol methyltransferase 1B,174.5840606,3.939039051,0.7344877,5.362974832,8.19E-08,7.55E-06,Upregulated,,
5624,ENSG00000115718,PROC,"protein C, inactivator of coagulation factors Va and VIIIa",46.52468377,3.926430994,0.876696708,4.478665152,7.51E-06,0.000272282,Upregulated,,
8600,ENSG00000120659,TNFSF11,TNF superfamily member 11,24.93954529,3.924183754,0.979595996,4.005920574,6.18E-05,0.001458291,Upregulated,,
134285,ENSG00000157111,TMEM171,transmembrane protein 171,23.24537437,3.919337346,0.818622583,4.787721996,1.69E-06,8.49E-05,Upregulated,,
116449,ENSG00000109684,CLNK,cytokine dependent hematopoietic cell linker,31.9293423,2.535985334,0.759130034,3.340646822,0.000835835,0.0101794,Upregulated,Yes,
27178,ENSG00000125571,IL37,interleukin 37,15.1673699,3.909771696,1.070230511,3.653205226,0.000258987,0.004285507,Upregulated,,
140683,ENSG00000131050,BPIFA2,BPI fold containing family A member 2,4.797687824,3.892732647,1.299143309,2.996384325,0.002732019,0.023502472,Upregulated,,
79782,ENSG00000114248,LRRC31,leucine rich repeat containing 31,263.034593,3.886203352,1.092883593,3.555917003,0.000376663,0.005624134,Upregulated,,
693144,ENSG00000207923,MIR559,microRNA 559,12.24614972,3.873015079,0.94367497,4.104183329,4.06E-05,0.001058524,Upregulated,,
9928,ENSG00000118193,KIF14,kinesin family member 14,151.3925173,3.867631587,0.769823014,5.024052953,5.06E-07,3.28E-05,Upregulated,,
28461,ENSG00000211973,IGHV1-69,immunoglobulin heavy variable 1-69,6.682535502,3.864883528,1.351733778,2.859204667,0.004247047,0.032081787,Upregulated,,
4288,ENSG00000148773,MKI67,marker of proliferation Ki-67,1263.559793,3.863905519,0.736380431,5.247159424,1.54E-07,1.26E-05,Upregulated,,
55247,ENSG00000109674,NEIL3,nei like DNA glycosylase 3,59.02869015,3.859539101,0.962738701,4.008916541,6.10E-05,0.001445076,Upregulated,,
55083,ENSG00000162849,KIF26B,kinesin family member 26B,25.28801657,3.855952228,0.649350779,5.938165241,2.88E-09,5.39E-07,Upregulated,,
6241,ENSG00000171848,RRM2,ribonucleotide reductase regulatory subunit M2,663.1125323,3.837331319,0.809487383,4.740446115,2.13E-06,0.000101591,Upregulated,,
221150,ENSG00000165480,SKA3,spindle and kinetochore associated complex subunit 3,83.83338807,3.836179934,0.788603055,4.864525832,1.15E-06,6.23E-05,Upregulated,,
11065,ENSG00000175063,UBE2C,ubiquitin conjugating enzyme E2 C,200.5922662,3.831273956,0.830571162,4.612818422,3.97E-06,0.000166527,Upregulated,,
251,ENSG00000163286,ALPG,"alkaline phosphatase, germ cell",105.2631265,3.828615261,1.283243049,2.983546464,0.002849288,0.024242444,Upregulated,,
1362,ENSG00000108582,CPD,carboxypeptidase D,10383.54056,2.294449232,0.65844972,3.484623294,0.00049283,0.006848166,Upregulated,Yes,
1382,ENSG00000143320,CRABP2,cellular retinoic acid binding protein 2,289.4021114,2.937980366,0.646830609,4.542117095,5.57E-06,0.000214646,Upregulated,Yes,
8437,ENSG00000111344,RASAL1,RAS protein activator like 1,88.48992169,3.810130202,0.752314281,5.064545891,4.09E-07,2.80E-05,Upregulated,,
1063,ENSG00000117724,CENPF,centromere protein F,684.2494555,3.806076903,0.721317878,5.276559776,1.32E-07,1.12E-05,Upregulated,,
84978,ENSG00000171877,FRMD5,FERM domain containing 5,113.59093,3.80556552,0.763692034,4.983115379,6.26E-07,3.80E-05,Upregulated,,
701,ENSG00000156970,BUB1B,BUB1 mitotic checkpoint serine/threonine kinase B,223.4480287,3.801083354,0.715546461,5.312140523,1.08E-07,9.46E-06,Upregulated,,
55165,ENSG00000138180,CEP55,centrosomal protein 55,309.9895939,3.795466858,0.855927243,4.434333511,9.24E-06,0.000322991,Upregulated,,
131034,ENSG00000196353,CPNE4,copine 4,45.68693554,3.79208625,1.203117814,3.151882722,0.001622214,0.01625411,Upregulated,,
100874374,ENSG00000249885,ARHGEF38-IT1,ARHGEF38 intronic transcript 1,4.46470539,3.789941797,1.413878822,2.680528018,0.007350611,0.046911898,Upregulated,,
55040,ENSG00000049283,EPN3,epsin 3,145.5941819,3.777694201,0.799955505,4.722380402,2.33E-06,0.000108756,Upregulated,,
100616249,ENSG00000265465,MIR4768,microRNA 4768,3.021111501,3.773330985,1.31521702,2.868979741,0.004117982,0.031357704,Upregulated,,
56934,ENSG00000154975,CA10,carbonic anhydrase 10,19.6273633,3.764383924,1.355509089,2.777099731,0.005484635,0.037946553,Upregulated,,
254896,ENSG00000284948,LOC254896,uncharacterized LOC254896,11.42422996,3.755578803,1.177106438,3.190517595,0.001420182,0.014899888,Upregulated,,
2707,ENSG00000188910,GJB3,gap junction protein beta 3,121.7038031,3.753963462,0.997203698,3.764490112,0.000166889,0.003160695,Upregulated,,
401024,ENSG00000188738,FSIP2,fibrous sheath interacting protein 2,151.5506144,3.748736594,0.823830589,4.550373151,5.36E-06,0.000208902,Upregulated,,
57156,ENSG00000165548,TMEM63C,transmembrane protein 63C,145.7401876,3.73753728,0.750035809,4.983145118,6.26E-07,3.80E-05,Upregulated,,
10388,ENSG00000196074,SYCP2,synaptonemal complex protein 2,708.0173955,3.729044285,0.885543699,4.211022324,2.54E-05,0.000739132,Upregulated,,
9156,ENSG00000174371,EXO1,exonuclease 1,87.75855748,3.70985528,0.759941314,4.881765491,1.05E-06,5.81E-05,Upregulated,,
23504,ENSG00000060709,RIMBP2,RIMS binding protein 2,92.48379982,3.709801268,1.144584047,3.241178556,0.001190366,0.013120493,Upregulated,,
145741,ENSG00000198535,C2CD4A,C2 calcium dependent domain containing 4A,91.47787033,3.707547412,0.925781588,4.004775488,6.21E-05,0.00146363,Upregulated,,
64208,ENSG00000132429,POPDC3,popeye domain containing 3,94.86806372,3.699503304,1.232959681,3.00050631,0.002695312,0.023257326,Upregulated,,
100192386,ENSG00000275620,FLJ16779,uncharacterized LOC100192386,7.901906043,3.699361009,1.129330548,3.275711453,0.001053962,0.012087339,Upregulated,,
23624,ENSG00000142273,CBLC,Cbl proto-oncogene C,198.9864717,3.690842499,0.738051048,5.000795689,5.71E-07,3.56E-05,Upregulated,,
55789,ENSG00000035499,DEPDC1B,DEP domain containing 1B,93.58322019,3.68391944,0.770062951,4.783919852,1.72E-06,8.63E-05,Upregulated,,
6564,ENSG00000088386,SLC15A1,solute carrier family 15 member 1,46.22643125,3.666962311,0.962421696,3.810140946,0.000138888,0.002754002,Upregulated,,
83540,ENSG00000143228,NUF2,NUF2 component of NDC80 kinetochore complex,148.7955395,3.657308797,0.803375297,4.55242875,5.30E-06,0.000207813,Upregulated,,
1146,ENSG00000196811,CHRNG,cholinergic receptor nicotinic gamma subunit,1.885258026,3.649021422,1.270478941,2.872162067,0.004076738,0.031187363,Upregulated,,
105370849,,,,15.97834922,3.635816815,1.274888567,2.851870279,0.004346283,0.032682007,Upregulated,,
100132169,ENSG00000231439,WASIR2,WASH and IL9R antisense RNA 2,12.98103015,3.625340868,0.697085412,5.200712575,1.99E-07,1.58E-05,Upregulated,,
7681,ENSG00000179455,MKRN3,makorin ring finger protein 3,19.83945019,3.608898547,1.273315285,2.834253692,0.004593285,0.033846247,Upregulated,,
89958,ENSG00000186193,SAPCD2,suppressor APC domain containing 2,151.8958425,3.602647042,0.719396442,5.007874426,5.50E-07,3.50E-05,Upregulated,,
79924,ENSG00000128165,ADM2,adrenomedullin 2,62.029176,3.582676046,0.563550288,6.357331581,2.05E-10,5.73E-08,Upregulated,,
10874,ENSG00000109255,NMU,neuromedin U,20.52759972,3.581151419,1.277846828,2.802488796,0.005070998,0.03607923,Upregulated,,
118611,ENSG00000154493,C10orf90,chromosome 10 open reading frame 90,2.7062766,3.579593311,1.320669497,2.710438394,0.006719433,0.043967505,Upregulated,,
54825,ENSG00000074276,CDHR2,cadherin related family member 2,36.96571677,3.566859079,0.958930676,3.719621416,0.000199522,0.003571957,Upregulated,,
2524,ENSG00000176920,FUT2,fucosyltransferase 2,243.3609767,3.558423183,0.539812669,6.591959378,4.34E-11,1.39E-08,Upregulated,,
1472,ENSG00000101441,CST4,cystatin S,5.047684785,5.754465875,2.104656821,2.734158756,0.006253988,0.041726223,Upregulated,Yes,
6927,ENSG00000135100,HNF1A,HNF1 homeobox A,108.8191468,3.539653062,0.781197325,4.531061422,5.87E-06,0.000223364,Upregulated,,
10112,ENSG00000112984,KIF20A,kinesin family member 20A,210.5065389,3.534750824,0.703077643,5.02753979,4.97E-07,3.24E-05,Upregulated,,
128239,ENSG00000183856,IQGAP3,IQ motif containing GTPase activating protein 3,400.5593336,3.533388482,0.807848071,4.373827965,1.22E-05,0.000406184,Upregulated,,
101929532,ENSG00000236841,LOC101929532,uncharacterized LOC101929532,14.55161731,3.528672088,0.748492129,4.714374344,2.42E-06,0.000111288,Upregulated,,
3171,ENSG00000170608,FOXA3,forkhead box A3,50.74626334,3.526302094,0.849613162,4.150479597,3.32E-05,0.000912462,Upregulated,,
408050,ENSG00000103226,NOMO3,NODAL modulator 3,8.727885652,3.521660629,0.955499675,3.685674336,0.000228098,0.003929735,Upregulated,,
10024,ENSG00000135451,TROAP,trophinin associated protein,143.2297298,3.514613978,0.718065422,4.89455956,9.85E-07,5.52E-05,Upregulated,,
1515,ENSG00000136943,CTSV,cathepsin V,60.72964965,2.622327365,0.899091738,2.916640487,0.003538233,0.028347325,Upregulated,Yes,
84706,ENSG00000166123,GPT2,glutamic--pyruvic transaminase 2,781.7380881,3.485474168,0.598031767,5.828242515,5.60E-09,9.26E-07,Upregulated,,
317761,ENSG00000179008,C14orf39,chromosome 14 open reading frame 39,12.14111143,3.477279079,1.052072689,3.305169991,0.000949188,0.011163375,Upregulated,,
57524,ENSG00000167971,CASKIN1,CASK interacting protein 1,17.3802502,3.461750911,0.909594031,3.805819731,0.000141335,0.002791911,Upregulated,,
27127,ENSG00000077935,SMC1B,structural maintenance of chromosomes 1B,42.49625637,3.454577257,0.891172832,3.876439154,0.000105996,0.002228845,Upregulated,,
105378189,,,,7.663705685,3.448145682,1.234545124,2.793049534,0.00522137,0.036871274,Upregulated,,
55872,ENSG00000168078,PBK,PDZ binding kinase,112.3503129,3.446125352,0.878252741,3.92384241,8.71E-05,0.001906179,Upregulated,,
6363,ENSG00000172724,CCL19,C-C motif chemokine ligand 19,368.8590046,3.43856896,0.828970775,4.147997812,3.35E-05,0.000918586,Upregulated,,
145837,ENSG00000245750,DRAIC,"downregulated RNA in cancer, inhibitor of cell invasion and migration",86.31811894,3.436063493,1.294260328,2.654847266,0.007934432,0.049600208,Upregulated,,
117531,ENSG00000165091,TMC1,transmembrane channel like 1,5.760920878,3.432620638,1.188352062,2.888555291,0.00387016,0.030118288,Upregulated,,
57834,ENSG00000171903,CYP4F11,cytochrome P450 family 4 subfamily F member 11,169.3229717,3.426872099,1.128725083,3.036055592,0.002396952,0.021424293,Upregulated,,
10403,ENSG00000080986,NDC80,NDC80 kinetochore complex component,174.3097887,3.421980889,0.686986509,4.981147149,6.32E-07,3.82E-05,Upregulated,,
374393,ENSG00000189057,FAM111B,FAM111 trypsin like peptidase B,185.1307486,3.420218165,0.765441989,4.468291804,7.88E-06,0.000284264,Upregulated,,
101927911,ENSG00000262884,LOC101927911,uncharacterized LOC101927911,3.414832617,3.404864834,1.062509404,3.204550305,0.001352736,0.014390242,Upregulated,,
51512,ENSG00000075218,GTSE1,G2 and S-phase expressed 1,166.5787188,3.404792393,0.71200328,4.781989761,1.74E-06,8.65E-05,Upregulated,,
26281,ENSG00000078579,FGF20,fibroblast growth factor 20,9.282968127,3.396921837,1.224185674,2.774842011,0.005522853,0.038157718,Upregulated,,
51557,ENSG00000146166,LGSN,"lengsin, lens protein with glutamine synthetase domain",501.1271669,3.391849047,0.904460217,3.75013625,0.000176739,0.003290655,Upregulated,,
10381,ENSG00000258947,TUBB3,tubulin beta 3 class III,637.2161773,3.379637995,1.14679256,2.94703516,0.003208367,0.026386858,Upregulated,,
29128,ENSG00000276043,UHRF1,ubiquitin like with PHD and ring finger domains 1,211.3073482,3.378725841,0.690042676,4.896401279,9.76E-07,5.50E-05,Upregulated,,
54457,ENSG00000102387,TAF7L,TATA-box binding protein associated factor 7 like,8.048397527,3.37616329,0.963928731,3.50250302,0.000460909,0.00655151,Upregulated,,
440081,,DDX12P,"DEAD/H-box helicase 12, pseudogene",194.1805643,1.800528309,0.431802131,4.1697995,3.05E-05,0.000857478,Upregulated,yes,
284656,ENSG00000183317,EPHA10,EPH receptor A10,125.0145747,3.368147425,0.785718604,4.286709529,1.81E-05,0.00055835,Upregulated,,
11004,ENSG00000142945,KIF2C,kinesin family member 2C,214.1331639,3.36477495,0.703499918,4.782907383,1.73E-06,8.63E-05,Upregulated,,
1870,ENSG00000007968,E2F2,E2F transcription factor 2,78.2911369,2.424060241,0.567135992,4.274213375,1.92E-05,0.00058605,Upregulated,Yes,Tumor Suppressor
3240,ENSG00000257017,HP,haptoglobin,934.1029256,3.35581089,1.082710927,3.099452315,0.001938788,0.018385569,Upregulated,,
4316,ENSG00000137673,MMP7,matrix metallopeptidase 7,3199.848622,3.34534073,0.798312614,4.190514681,2.78E-05,0.000792939,Upregulated,,
90161,ENSG00000171004,HS6ST2,heparan sulfate 6-O-sulfotransferase 2,467.5305053,3.344714337,0.735254407,4.549057179,5.39E-06,0.000209193,Upregulated,,
115908,ENSG00000164932,CTHRC1,collagen triple helix repeat containing 1,905.7942203,3.340823539,0.825668622,4.046203827,5.21E-05,0.001280641,Upregulated,,
54821,ENSG00000186871,ERCC6L,"ERCC excision repair 6 like, spindle assembly checkpoint helicase",93.68976667,3.333855749,0.794018522,4.198712819,2.68E-05,0.000769195,Upregulated,,
26256,ENSG00000154040,CABYR,calcium binding tyrosine phosphorylation regulated,105.2888863,3.332071594,0.82518746,4.037957137,5.39E-05,0.001310238,Upregulated,,
2243,ENSG00000171560,FGA,fibrinogen alpha chain,254.0069073,3.326948352,1.205928265,2.758827742,0.00580091,0.039433065,Upregulated,,
440603,ENSG00000188761,BCL2L15,BCL2 like 15,235.3279055,3.310137484,0.646058503,5.123587827,3.00E-07,2.15E-05,Upregulated,,
28949,ENSG00000211596,IGKJ2,immunoglobulin kappa joining 2,12.23823427,3.296435477,1.086566049,3.03381049,0.002414861,0.021511354,Upregulated,,
8001,ENSG00000145451,GLRA3,glycine receptor alpha 3,8.565232914,3.289759945,1.009342647,3.259309367,0.001116838,0.012582831,Upregulated,,
3161,ENSG00000072571,HMMR,hyaluronan mediated motility receptor,129.0278826,3.286972502,0.724327248,4.537966105,5.68E-06,0.00021827,Upregulated,,
8856,ENSG00000144852,NR1I2,nuclear receptor subfamily 1 group I member 2,25.31885464,3.285272556,0.989502796,3.320124581,0.000899773,0.010709241,Upregulated,,
157313,ENSG00000184661,CDCA2,cell division cycle associated 2,84.13790971,3.28497434,0.702648003,4.6751351,2.94E-06,0.000129444,Upregulated,,
51087,ENSG00000006047,YBX2,Y-box binding protein 2,39.4181856,3.281975835,1.04827471,3.130835651,0.001743097,0.017070032,Upregulated,,
995,ENSG00000158402,CDC25C,cell division cycle 25C,42.54921825,3.279701722,0.804632276,4.076025561,4.58E-05,0.001155733,Upregulated,,
55612,ENSG00000101311,FERMT1,FERM domain containing kindlin 1,415.7680791,3.277599826,0.600508359,5.458041965,4.81E-08,4.95E-06,Upregulated,,
286467,ENSG00000213468,FIRRE,firre intergenic repeating RNA element,44.90238342,3.27077009,0.918735714,3.560077223,0.000370746,0.005552506,Upregulated,,
100499467,ENSG00000227036,LINC00673,long intergenic non-protein coding RNA 673,173.186892,3.270196319,0.652240326,5.013790456,5.34E-07,3.42E-05,Upregulated,,
56667,ENSG00000173702,MUC13,"mucin 13, cell surface associated",18.32248712,3.269922207,0.90454643,3.614985478,0.000300364,0.004780038,Upregulated,,
677770,ENSG00000249784,SCARNA22,small Cajal body-specific RNA 22,2.195583972,3.269919498,1.205279625,2.712996578,0.00666778,0.043722024,Upregulated,,
642477,,,,43.20060694,3.269548581,0.883952359,3.698783707,0.000216635,0.003791396,Upregulated,,
9212,ENSG00000178999,AURKB,aurora kinase B,96.74999965,3.267474321,0.725678201,4.502649129,6.71E-06,0.000250613,Upregulated,,
339761,ENSG00000186684,CYP27C1,cytochrome P450 family 27 subfamily C member 1,95.16528549,3.265903521,1.025840966,3.18363531,0.001454381,0.015154453,Upregulated,,
5803,ENSG00000106278,PTPRZ1,protein tyrosine phosphatase receptor type Z1,294.9859259,3.263924222,1.078820236,3.025456988,0.002482577,0.021937175,Upregulated,,
51050,ENSG00000137558,PI15,peptidase inhibitor 15,321.1541193,3.263868121,0.893661538,3.652241909,0.000259961,0.004290118,Upregulated,,
140469,ENSG00000071909,MYO3B,myosin IIIB,47.62243265,3.262311273,0.809775968,4.028659037,5.61E-05,0.001354843,Upregulated,,
101669762,ENSG00000281406,BLACAT1,BLACAT1 overlapping LEMD1 locus,40.87248593,3.257930789,0.582728735,5.590818837,2.26E-08,2.65E-06,Upregulated,,
81793,ENSG00000174123,TLR10,toll like receptor 10,145.0390055,3.252189165,0.772800725,4.208315368,2.57E-05,0.000745076,Upregulated,,
113130,ENSG00000146670,CDCA5,cell division cycle associated 5,206.7515688,3.247830319,0.726814594,4.468581597,7.87E-06,0.000284264,Upregulated,,
25884,ENSG00000054938,CHRDL2,chordin like 2,92.85493125,3.247675789,0.843095775,3.852084054,0.000117117,0.002406538,Upregulated,,
503639,ENSG00000244306,DUXAP10,double homeobox A pseudogene 10,19.42230532,3.240356597,0.913321075,3.547883308,0.00038834,0.005738002,Upregulated,,
93273,ENSG00000186007,LEMD1,LEM domain containing 1,15.18971563,3.240083478,0.996832429,3.250379286,0.001152512,0.012860528,Upregulated,,
57115,ENSG00000163218,PGLYRP4,peptidoglycan recognition protein 4,8.074526149,3.237198521,1.137254308,2.846503635,0.004420222,0.033051238,Upregulated,,
9837,ENSG00000101003,GINS1,GINS complex subunit 1,172.5982234,3.236043037,0.683704053,4.733104952,2.21E-06,0.00010464,Upregulated,,
4584,ENSG00000169894,MUC3A,"mucin 3A, cell surface associated",228.8692051,3.233700054,0.695939922,4.646521848,3.38E-06,0.000145667,Upregulated,,
93429,ENSG00000268460,LOC93429,uncharacterized LOC93429,5.209170848,3.226191512,0.937034217,3.442981541,0.000575339,0.007682417,Upregulated,,
1470,ENSG00000170369,CST2,cystatin SA,21.11330186,3.214455062,1.095841521,2.933321105,0.003353569,0.027253242,Upregulated,,
150696,ENSG00000155066,PROM2,prominin 2,1098.759029,3.214324292,0.704793094,4.560663719,5.10E-06,0.000201019,Upregulated,,
22983,ENSG00000105613,MAST1,microtubule associated serine/threonine kinase 1,16.94108955,3.197139413,0.788023218,4.057163974,4.97E-05,0.001228117,Upregulated,,
101929690,ENSG00000259518,LINC01583,long intergenic non-protein coding RNA 1583,4.203117676,3.196800703,1.182583096,2.703235582,0.006866806,0.044584772,Upregulated,,
5314,ENSG00000170927,PKHD1,PKHD1 ciliary IPT domain containing fibrocystin/polyductin,100.1885309,3.187888781,0.733656816,4.345204338,1.39E-05,0.000453059,Upregulated,,
2305,ENSG00000111206,FOXM1,forkhead box M1,381.4043286,3.170619581,0.699149596,4.534965906,5.76E-06,0.000220541,Upregulated,,
1281,ENSG00000168542,COL3A1,collagen type III alpha 1 chain,51953.48918,3.167780343,0.887557808,3.56909749,0.000358213,0.005405638,Upregulated,,
1875,ENSG00000133740,E2F5,E2F transcription factor 5,146.4503811,1.055283452,0.350207036,3.013313105,0.002584122,0.022612774,Upregulated,Yes,Tumor Suppressor
57082,ENSG00000137812,KNL1,kinetochore scaffold 1,165.2643335,3.154716594,0.677193959,4.658512603,3.19E-06,0.000139143,Upregulated,,
9133,ENSG00000157456,CCNB2,cyclin B2,198.9127929,3.150459019,0.741368553,4.249518011,2.14E-05,0.000639757,Upregulated,,
79814,ENSG00000116771,AGMAT,agmatinase,48.16949665,3.148698445,0.471304871,6.680810313,2.38E-11,8.41E-09,Upregulated,,
1728,ENSG00000181019,NQO1,NAD(P)H quinone dehydrogenase 1,2598.406636,3.144998986,0.686972226,4.578058423,4.69E-06,0.000190696,Upregulated,,
23676,ENSG00000091482,SMPX,small muscle protein X-linked,5.057201521,3.143122343,1.143905961,2.747710432,0.006001298,0.040366264,Upregulated,,
930,ENSG00000177455,CD19,CD19 molecule,94.98972634,3.139719611,0.957954632,3.277524329,0.001047217,0.012030862,Upregulated,,
100131897,ENSG00000204767,INSYN2B,inhibitory synaptic factor family member 2B,13.84847589,3.138310183,0.59594519,5.266105401,1.39E-07,1.17E-05,Upregulated,,
56992,ENSG00000163808,KIF15,kinesin family member 15,145.3420904,3.137284053,0.720789928,4.352563667,1.35E-05,0.000441006,Upregulated,,
79733,ENSG00000129173,E2F8,E2F transcription factor 8,147.4185655,2.910894956,0.774018455,3.760756527,0.0001694,0.003189969,Upregulated,Yes,
2709,ENSG00000189280,GJB5,gap junction protein beta 5,37.84907418,3.134265443,1.131265489,2.77058345,0.005595596,0.038539449,Upregulated,,
9718,ENSG00000145194,ECE2,endothelin converting enzyme 2,74.51302881,1.883614226,0.471556444,3.994461851,6.48E-05,0.001521585,Upregulated,Yes,
53630,ENSG00000135697,BCO1,beta-carotene oxygenase 1,34.51523915,3.12573618,0.899565745,3.474716771,0.000511393,0.007041952,Upregulated,,
729966,ENSG00000284797,CIST1,"colon, intestine and stomach enriched 1",20.08894585,3.125146557,1.057319489,2.955725862,0.003119342,0.025912624,Upregulated,,
51659,ENSG00000131153,GINS2,GINS complex subunit 2,103.9719768,3.122891227,0.810207781,3.854432531,0.000115998,0.002388506,Upregulated,,
5347,ENSG00000166851,PLK1,polo like kinase 1,257.3753096,3.118067986,0.681322991,4.57649019,4.73E-06,0.000191109,Upregulated,,
2706,ENSG00000165474,GJB2,gap junction protein beta 2,307.2783859,3.113399135,0.720201841,4.322953593,1.54E-05,0.000490149,Upregulated,,
4151,ENSG00000198125,MB,myoglobin,15.3702582,3.112969903,0.867367626,3.588985581,0.000331967,0.005110697,Upregulated,,
27102,ENSG00000086232,EIF2AK1,eukaryotic translation initiation factor 2 alpha kinase 1,3308.229577,1.044790707,0.362824429,2.879604078,0.003981748,0.030722618,Upregulated,Yes,
101929378,ENSG00000226383,LINC01876,long intergenic non-protein coding RNA 1876,42.3613296,3.110278039,1.071049885,2.903952545,0.00368484,0.029180714,Upregulated,,
146956,ENSG00000154920,EME1,essential meiotic structure-specific endonuclease 1,60.54130761,3.106156374,0.691357533,4.492836519,7.03E-06,0.000258552,Upregulated,,
56169,ENSG00000147697,GSDMC,gasdermin C,78.93993461,3.103766116,0.521742757,5.948843703,2.70E-09,5.15E-07,Upregulated,,
56300,ENSG00000136688,IL36G,interleukin 36 gamma,7.634044542,3.103314961,1.157691037,2.680607227,0.007348872,0.046911898,Upregulated,,
202374,ENSG00000169302,STK32A,serine/threonine kinase 32A,557.3609775,3.098744008,0.495130878,6.258434178,3.89E-10,9.89E-08,Upregulated,,
3866,ENSG00000171346,KRT15,keratin 15,499.0363413,3.09866408,0.968621317,3.199045929,0.001378832,0.014633188,Upregulated,,
80178,ENSG00000162062,TEDC2,tubulin epsilon and delta complex 2,50.59883097,3.095091637,0.688518494,4.495291938,6.95E-06,0.000256538,Upregulated,,
284576,ENSG00000226235,LEMD1-AS1,LEMD1 antisense RNA 1,5.731840897,3.094767359,1.076511583,2.874811016,0.004042694,0.031009341,Upregulated,,
5831,ENSG00000183010,PYCR1,pyrroline-5-carboxylate reductase 1,735.253142,3.094656379,0.367207858,8.427533094,3.53E-17,4.38E-14,Upregulated,,
23657,ENSG00000151012,SLC7A11,solute carrier family 7 member 11,498.1265773,3.085590516,0.695827814,4.434416753,9.23E-06,0.000322991,Upregulated,,
3149,ENSG00000029993,HMGB3,high mobility group box 3,1640.968025,3.072297363,0.547976289,5.606624639,2.06E-08,2.49E-06,Upregulated,,
1058,ENSG00000115163,CENPA,centromere protein A,66.6864803,3.070241016,0.800813379,3.833903249,0.000126126,0.002551988,Upregulated,,
2859,ENSG00000178623,GPR35,G protein-coupled receptor 35,268.8835906,3.067214448,0.823525643,3.724491732,0.000195709,0.00352472,Upregulated,,
101928295,ENSG00000268686,LOC101928295,uncharacterized LOC101928295,27.40512079,3.064129723,0.733479567,4.177525673,2.95E-05,0.000833603,Upregulated,,
634,ENSG00000079385,CEACAM1,CEA cell adhesion molecule 1,890.0984261,3.062773632,0.645926222,4.741677191,2.12E-06,0.000101519,Upregulated,,
100287846,,LOC100287846,uncharacterized LOC100287846,26.84129856,3.061365105,0.875986756,3.494761862,0.000474485,0.006658571,Upregulated,,
100288077,ENSG00000255282,WTAPP1,Wilms tumor 1 associated protein pseudogene 1,12.91956585,3.060650309,0.833828123,3.670600958,0.000241981,0.004097556,Upregulated,,
3934,ENSG00000148346,LCN2,lipocalin 2,1297.284919,3.060387645,0.993100174,3.081650498,0.002058564,0.019218109,Upregulated,,
100422943,ENSG00000264175,MIR3189,microRNA 3189,20.8555035,3.059266049,0.981339326,3.117439572,0.001824293,0.017611448,Upregulated,,
101929176,ENSG00000250579,ADAMTS16-DT,ADAMTS16 divergent transcript,8.330616236,3.056763134,1.102053595,2.773697349,0.005542321,0.038252241,Upregulated,,
26499,ENSG00000100558,PLEK2,pleckstrin 2,165.1632903,3.051556011,0.664940654,4.589215583,4.45E-06,0.000183033,Upregulated,,
200810,ENSG00000291096,ALG1L1P,"ALG1 like 1, pseudogene",45.83867717,3.041619843,1.026664201,2.962623845,0.003050291,0.025524109,Upregulated,,
63967,ENSG00000092853,CLSPN,claspin,159.3351217,3.026885969,0.734027599,4.123667791,3.73E-05,0.000992479,Upregulated,,
101929839,,,,8.940124014,3.024693793,1.138423345,2.656914763,0.007885938,0.049379296,Upregulated,,
554202,ENSG00000171889,MIR31HG,MIR31 host gene,11.34016555,3.024256026,0.9905462,3.053119609,0.002264756,0.020618851,Upregulated,,
6495,ENSG00000126778,SIX1,SIX homeobox 1,375.8422107,3.018532075,0.985848344,3.061862502,0.002199645,0.020202295,Upregulated,,
151648,ENSG00000129810,SGO1,shugoshin 1,60.87491027,3.017730775,0.743424694,4.059228593,4.92E-05,0.001221881,Upregulated,,
166348,ENSG00000187715,KBTBD12,kelch repeat and BTB domain containing 12,95.35208714,3.014643593,0.851777713,3.539237463,0.000401285,0.00588106,Upregulated,,
145873,ENSG00000188095,MESP2,mesoderm posterior bHLH transcription factor 2,7.700801076,3.011695545,0.932366123,3.230164066,0.001237192,0.013412947,Upregulated,,
338645,ENSG00000187398,LUZP2,leucine zipper protein 2,33.51096536,3.008189518,0.81480897,3.691895436,0.000222589,0.003868427,Upregulated,,
23397,ENSG00000121152,NCAPH,non-SMC condensin I complex subunit H,195.6853918,3.003384821,0.720660174,4.167546549,3.08E-05,0.00086239,Upregulated,,
348738,,,,11.3605835,3.002256316,0.902927662,3.325024188,0.000884109,0.010573577,Upregulated,,
2191,ENSG00000078098,FAP,fibroblast activation protein alpha,412.9715572,2.019889342,0.441394077,4.576158688,4.74E-06,0.000191109,Upregulated,Yes,
28820,ENSG00000211644,IGLV1-51,immunoglobulin lambda variable 1-51,61.01356676,2.996149579,1.088548899,2.752425344,0.005915563,0.04002037,Upregulated,,
909,ENSG00000158477,CD1A,CD1a molecule,161.0013593,2.994803417,0.97534012,3.070522123,0.002136849,0.019762859,Upregulated,,
931,ENSG00000156738,MS4A1,membrane spanning 4-domains A1,576.5263768,2.994690434,0.951657978,3.146813775,0.001650601,0.016430601,Upregulated,,
2571,ENSG00000128683,GAD1,glutamate decarboxylase 1,111.5163008,4.70317862,0.68860864,6.829973295,8.49E-12,3.50E-09,Upregulated,Yes,
91703,ENSG00000132744,ACY3,aminoacylase 3,29.76481265,2.985747061,0.653943595,4.56575626,4.98E-06,0.000196983,Upregulated,,
100506385,ENSG00000234380,LINC01426,long intergenic non-protein coding RNA 1426,43.12618076,2.983747862,0.742894003,4.01638437,5.91E-05,0.00141017,Upregulated,,
1277,ENSG00000108821,COL1A1,collagen type I alpha 1 chain,37301.30615,2.976287523,0.922903549,3.224917195,0.001260091,0.01359203,Upregulated,,
389434,ENSG00000009765,IYD,iodotyrosine deiodinase,461.4369486,2.97127337,0.85410357,3.478820922,0.000503625,0.006954304,Upregulated,,
503637,ENSG00000206195,DUXAP8,double homeobox A pseudogene 8,39.70269638,2.967614761,0.831196152,3.570294153,0.000356581,0.0053851,Upregulated,,
282973,ENSG00000188385,JAKMIP3,Janus kinase and microtubule interacting protein 3,101.473122,2.965254549,0.751898695,3.943688916,8.02E-05,0.001795142,Upregulated,,
29802,ENSG00000128218,VPREB3,V-set pre-B cell surrogate light chain 3,30.87983155,2.960495539,1.079949073,2.741328839,0.006119123,0.041033512,Upregulated,,
344657,ENSG00000188306,LRRIQ4,leucine rich repeats and IQ motif containing 4,17.82908787,2.958270337,1.006970859,2.937791409,0.003305593,0.026973915,Upregulated,,
256227,ENSG00000105889,STEAP1B,STEAP family member 1B,27.11620054,2.958174501,0.769217374,3.845693818,0.000120212,0.002449825,Upregulated,,
84057,ENSG00000121211,MND1,meiotic nuclear divisions 1,34.06470656,2.955444333,0.826767206,3.574699516,0.00035063,0.005327836,Upregulated,,
27198,ENSG00000196917,HCAR1,hydroxycarboxylic acid receptor 1,98.84157127,2.947970439,1.057923776,2.786562232,0.005327039,0.037232941,Upregulated,,
644974,ENSG00000251287,ALG1L2,ALG1 chitobiosyldiphosphodolichol beta-mannosyltransferase like 2,10.68281614,2.945786546,0.831347096,3.543389468,0.000395019,0.005817445,Upregulated,,
342897,ENSG00000188505,NCCRP1,"NCCRP1, F-box associated domain containing",40.62493173,2.944498577,1.000794748,2.942160301,0.003259312,0.026706153,Upregulated,,
11130,ENSG00000122952,ZWINT,ZW10 interacting kinetochore protein,371.4120918,2.944368178,0.711647516,4.137396829,3.51E-05,0.000950245,Upregulated,,
57549,ENSG00000085552,IGSF9,immunoglobulin superfamily member 9,184.5839645,2.939662065,0.627818707,4.68234226,2.84E-06,0.000126478,Upregulated,,
2676,ENSG00000146013,GFRA3,GDNF family receptor alpha 3,41.59303093,2.911414641,0.709145854,4.105523035,4.03E-05,0.001058192,Upregulated,Yes,
3122,ENSG00000204287,HLA-DRA,"major histocompatibility complex, class II, DR alpha",10.53777893,2.931938059,1.044817072,2.806173577,0.005013368,0.035810544,Upregulated,,
1308,ENSG00000065618,COL17A1,collagen type XVII alpha 1 chain,281.9402162,2.924862042,0.948728409,3.082928702,0.002049743,0.019162822,Upregulated,,
54478,ENSG00000129195,PIMREG,PICALM interacting mitotic regulator,34.6984418,2.924373524,0.771163624,3.792156985,0.000149344,0.002900442,Upregulated,,
728485,ENSG00000267260,LOC728485,uncharacterized LOC728485,8.156075124,2.923678565,1.0148234,2.880972752,0.003964499,0.030659927,Upregulated,,
1033,ENSG00000100526,CDKN3,cyclin dependent kinase inhibitor 3,72.36661758,2.923264212,0.753367953,3.8802609,0.000104344,0.00219644,Upregulated,,
101927957,ENSG00000261008,LINC01572,long intergenic non-protein coding RNA 1572,10.07515444,2.917034759,0.897983023,3.248429742,0.001160439,0.012904102,Upregulated,,
79017,ENSG00000006625,GGCT,gamma-glutamylcyclotransferase,910.6151857,1.767410878,0.432820486,4.08347325,4.44E-05,0.001131216,Upregulated,Yes,
2842,ENSG00000183150,GPR19,G protein-coupled receptor 19,21.89892732,1.62652802,0.428174534,3.798750023,0.000145428,0.002855134,Upregulated,Yes,
284992,ENSG00000144395,CCDC150,coiled-coil domain containing 150,69.29280403,2.904993893,0.742288066,3.913566746,9.09E-05,0.001970824,Upregulated,,
218,ENSG00000108602,ALDH3A1,aldehyde dehydrogenase 3 family member A1,396.2182883,2.903829923,0.940007901,3.089154802,0.002007268,0.018908371,Upregulated,,
114784,ENSG00000121904,CSMD2,CUB and Sushi multiple domains 2,65.07922996,2.903003987,0.863274404,3.362782417,0.000771612,0.009592655,Upregulated,,
100128675,ENSG00000227392,HPN-AS1,HPN antisense RNA 1,30.60867957,2.898351614,0.703624754,4.119172326,3.80E-05,0.00100933,Upregulated,,
4998,ENSG00000085840,ORC1,origin recognition complex subunit 1,85.66104344,2.871286775,0.636380651,4.511901437,6.42E-06,0.000240831,Upregulated,,
81620,ENSG00000167513,CDT1,chromatin licensing and DNA replication factor 1,100.5747353,2.870576817,0.687844577,4.173292792,3.00E-05,0.000846833,Upregulated,,
9493,ENSG00000137807,KIF23,kinesin family member 23,276.0081749,2.870216471,0.644813018,4.451238406,8.54E-06,0.000302309,Upregulated,,
101928885,,LINC02198,long intergenic non-protein coding RNA 2198,11.73551542,2.857618327,0.908946277,3.143880336,0.001667236,0.016546358,Upregulated,,
253982,ENSG00000174939,ASPHD1,aspartate beta-hydroxylase domain containing 1,65.83909535,2.855978408,0.813933454,3.508859838,0.000450032,0.006429168,Upregulated,,
4321,ENSG00000262406,MMP12,matrix metallopeptidase 12,126.6914658,2.854424736,0.953797704,2.992694075,0.002765268,0.023706224,Upregulated,,
1917,ENSG00000101210,EEF1A2,eukaryotic translation elongation factor 1 alpha 2,9.178792865,2.851151854,1.028771929,2.771412957,0.005581359,0.038481492,Upregulated,,
157570,ENSG00000171320,ESCO2,establishment of sister chromatid cohesion N-acetyltransferase 2,76.80094406,2.847995585,0.735559584,3.871876115,0.000108001,0.002261403,Upregulated,,
100507127,ENSG00000238266,LINC00707,long intergenic non-protein coding RNA 707,6.633018416,2.845936949,0.862909981,3.298069338,0.000973521,0.011368637,Upregulated,,
6790,ENSG00000087586,AURKA,aurora kinase A,257.295625,2.844266305,0.669699616,4.2470777,2.17E-05,0.00064579,Upregulated,,
53836,ENSG00000138271,GPR87,G protein-coupled receptor 87,129.0745269,5.484998103,1.30031293,4.218213921,2.46E-05,0.00072124,Upregulated,Yes,
729296,ENSG00000228340,LOC729296,uncharacterized LOC729296,9.94098459,2.826856866,0.877669991,3.220865354,0.001278042,0.013735659,Upregulated,,
23594,ENSG00000091651,ORC6,origin recognition complex subunit 6,110.434839,2.826434094,0.603205396,4.685690994,2.79E-06,0.000125173,Upregulated,,
64220,ENSG00000137868,STRA6,signaling receptor and transporter of retinol STRA6,79.6497007,2.825451628,0.928511418,3.042990721,0.002342396,0.021112437,Upregulated,,
102723766,,LINC02362,long intergenic non-protein coding RNA 2362,57.66151977,2.821883096,0.75632796,3.731031042,0.000190698,0.00347725,Upregulated,,
1996,ENSG00000162374,ELAVL4,ELAV like RNA binding protein 4,9.489459323,2.819826433,0.980484222,2.875952891,0.004028098,0.030958589,Upregulated,,
100505912,,LOC100505912,uncharacterized LOC100505912,8.04412546,2.815334806,0.783736652,3.592194901,0.000327904,0.005069793,Upregulated,,
4810,ENSG00000188158,NHS,NHS actin remodeling regulator,807.6656281,2.814051754,0.474715182,5.927873935,3.07E-09,5.63E-07,Upregulated,,
7020,ENSG00000137203,TFAP2A,transcription factor AP-2 alpha,91.48938168,2.813210958,1.052906493,2.671852608,0.007543377,0.047818935,Upregulated,,
28948,ENSG00000211595,IGKJ3,immunoglobulin kappa joining 3,22.18051222,2.811392284,0.866199494,3.245663734,0.001171772,0.012996692,Upregulated,,
81557,ENSG00000187243,MAGED4B,MAGE family member D4B,6.249621608,2.810862029,1.035954305,2.713306964,0.006661537,0.043695538,Upregulated,,
4085,ENSG00000164109,MAD2L1,mitotic arrest deficient 2 like 1,233.9354685,2.809733942,0.713276472,3.939193361,8.18E-05,0.001817422,Upregulated,,
3174,ENSG00000164749,HNF4G,hepatocyte nuclear factor 4 gamma,154.4035856,4.030344,1.126769376,3.576902323,0.00034769,0.005296672,Upregulated,Yes,
990,ENSG00000094804,CDC6,cell division cycle 6,200.8167183,2.802383361,0.676069748,4.145109832,3.40E-05,0.000927201,Upregulated,,
100129940,ENSG00000197301,HMGA2-AS1,HMGA2 antisense RNA 1,33.05824156,2.800734823,1.029601213,2.720213214,0.006523984,0.043012685,Upregulated,,
83990,ENSG00000136492,BRIP1,BRCA1 interacting helicase 1,141.199274,2.798283626,0.57871192,4.835365459,1.33E-06,6.97E-05,Upregulated,,
83461,ENSG00000111665,CDCA3,cell division cycle associated 3,132.0944537,2.797221136,0.540621337,5.174085712,2.29E-07,1.77E-05,Upregulated,,
4314,ENSG00000149968,MMP3,matrix metallopeptidase 3,5.644031017,2.795515347,0.803194431,3.480496429,0.000500485,0.00692542,Upregulated,,
6689,ENSG00000269404,SPIB,Spi-B transcription factor,118.4885387,2.790314135,0.882298272,3.162551965,0.001563928,0.015903145,Upregulated,,
63827,ENSG00000132692,BCAN,brevican,48.52291137,2.788604873,0.978346726,2.850323714,0.004367475,0.032779208,Upregulated,,
8438,ENSG00000085999,RAD54L,RAD54 like,115.0167011,2.785629466,0.589318116,4.726868882,2.28E-06,0.000107137,Upregulated,,
7516,ENSG00000196584,XRCC2,X-ray repair cross complementing 2,55.16535909,2.781919923,0.513924966,5.413085777,6.19E-08,6.17E-06,Upregulated,,
5013,ENSG00000115507,OTX1,orthodenticle homeobox 1,36.84189927,2.780757136,0.793729614,3.503406057,0.000459349,0.006538711,Upregulated,,
9232,ENSG00000164611,PTTG1,"PTTG1 regulator of sister chromatid separation, securin",217.9065275,2.779309653,0.667758147,4.16215012,3.15E-05,0.000876773,Upregulated,,
132946,ENSG00000196503,ARL9,ADP ribosylation factor like GTPase 9,17.59006761,2.77364301,0.962646104,2.881269658,0.003960766,0.03065497,Upregulated,,
23057,ENSG00000157064,NMNAT2,nicotinamide nucleotide adenylyltransferase 2,313.6826425,2.771278214,0.670315096,4.134291813,3.56E-05,0.000959257,Upregulated,,
55143,ENSG00000134690,CDCA8,cell division cycle associated 8,156.0447611,2.768796571,0.683375742,4.051645972,5.09E-05,0.001254322,Upregulated,,
6712,ENSG00000173898,SPTBN2,"spectrin beta, non-erythrocytic 2",883.3572084,2.766236937,0.54392725,5.08567448,3.66E-07,2.55E-05,Upregulated,,
57167,ENSG00000101115,SALL4,spalt like transcription factor 4,58.96193746,2.762653238,0.580373341,4.760131179,1.93E-06,9.38E-05,Upregulated,,
102465432,,,,64.4050603,2.75659836,0.632503367,4.358235078,1.31E-05,0.000431875,Upregulated,,
222643,ENSG00000124602,UNC5CL,unc-5 family C-terminal like,343.4957401,2.756127789,0.556907139,4.948989873,7.46E-07,4.42E-05,Upregulated,,
100874074,ENSG00000176124,DLEU7-AS1,DLEU7 antisense RNA 1,14.97783145,2.747827567,0.944291996,2.909934192,0.003615049,0.02875363,Upregulated,,
23426,ENSG00000155974,GRIP1,glutamate receptor interacting protein 1,122.4664926,2.746140432,0.591036685,4.646311304,3.38E-06,0.000145667,Upregulated,,
2048,ENSG00000133216,EPHB2,EPH receptor B2,472.5300848,2.744424564,0.62311637,4.404353179,1.06E-05,0.000357799,Upregulated,,
983,ENSG00000170312,CDK1,cyclin dependent kinase 1,482.473515,2.739236846,0.74215808,3.69090753,0.000223455,0.003873161,Upregulated,,
10669,ENSG00000138028,CGREF1,cell growth regulator with EF-hand domain 1,84.98437558,2.727514169,0.967671745,2.818635746,0.004822821,0.034851212,Upregulated,,
200150,ENSG00000180287,PLD5,phospholipase D family member 5,65.07372631,2.718521207,0.716410709,3.794640662,0.000147857,0.002882857,Upregulated,,
2256,ENSG00000161958,FGF11,fibroblast growth factor 11,117.334308,2.713837539,0.566385386,4.791503466,1.66E-06,8.39E-05,Upregulated,,
645784,ENSG00000291127,ANKRD36BP2,ankyrin repeat domain 36B pseudogene 2,200.767035,2.710890363,0.816035534,3.322024901,0.000893667,0.010655759,Upregulated,,
140766,ENSG00000138316,ADAMTS14,ADAM metallopeptidase with thrombospondin type 1 motif 14,213.0727389,2.705112363,0.658949082,4.105191792,4.04E-05,0.001058192,Upregulated,,
51203,ENSG00000137804,NUSAP1,nucleolar and spindle associated protein 1,395.4123966,2.700496701,0.608009204,4.441539179,8.93E-06,0.000314579,Upregulated,,
9768,ENSG00000166803,PCLAF,PCNA clamp associated factor,135.4591191,2.69619519,0.716984927,3.760462861,0.000169599,0.003190687,Upregulated,,
100507118,ENSG00000258725,PRC1-AS1,PRC1 antisense RNA 1,4.164829428,2.695193865,0.987455614,2.729432925,0.006344335,0.042187065,Upregulated,,
9700,ENSG00000135476,ESPL1,"extra spindle pole bodies like 1, separase",177.3808199,2.690520561,0.675220615,3.984654052,6.76E-05,0.001571968,Upregulated,,
29968,ENSG00000135069,PSAT1,phosphoserine aminotransferase 1,258.0981324,2.679483556,0.674316213,3.973630629,7.08E-05,0.001630101,Upregulated,,
100500805,,,,6.799605983,2.669833646,0.860353071,3.103183722,0.001914507,0.018198835,Upregulated,,
105375105,,,,3.012718644,2.664467535,0.979588949,2.719985293,0.006528482,0.043022024,Upregulated,,
54997,ENSG00000088992,TESC,tescalcin,449.1252854,2.663837508,0.766998296,3.473068354,0.000514544,0.007065719,Upregulated,,
646862,ENSG00000269855,RNF225,ring finger protein 225,32.95089682,2.659048967,0.953104393,2.789882187,0.005272722,0.037084199,Upregulated,,
55771,ENSG00000068489,PRR11,proline rich 11,414.5999044,2.655754695,0.698999024,3.799368246,0.000145065,0.002853673,Upregulated,,
338707,ENSG00000182272,B4GALNT4,"beta-1,4-N-acetyl-galactosaminyltransferase 4",34.21052452,2.654273055,0.744045028,3.567355409,0.000360602,0.005433421,Upregulated,,
3070,ENSG00000119969,HELLS,"helicase, lymphoid specific",127.744411,2.640607366,0.544322723,4.851179737,1.23E-06,6.60E-05,Upregulated,,
3294,ENSG00000086696,HSD17B2,hydroxysteroid 17-beta dehydrogenase 2,53.76240559,2.594877311,0.796920955,3.256128847,0.001129425,0.012688592,Upregulated,Yes,
102466985,ENSG00000284067,MIR6837,microRNA 6837,2.890045274,2.619081034,0.985677288,2.657138463,0.007880707,0.049373313,Upregulated,,
8318,ENSG00000093009,CDC45,cell division cycle 45,79.54843672,2.614746374,0.692129858,3.77782629,0.000158203,0.003036796,Upregulated,,
101928103,ENSG00000229267,SNHG31,small nucleolar RNA host gene 31,20.58124604,2.611234196,0.580660592,4.497006052,6.89E-06,0.000255334,Upregulated,,
57633,ENSG00000175928,LRRN1,leucine rich repeat neuronal 1,272.5273846,2.608330949,0.660933496,3.946434799,7.93E-05,0.00178334,Upregulated,,
84900,ENSG00000135119,RNFT2,"ring finger protein, transmembrane 2",41.87024213,2.605188492,0.714066148,3.648385378,0.000263894,0.00432816,Upregulated,,
147841,ENSG00000161888,SPC24,SPC24 component of NDC80 kinetochore complex,57.27827744,2.605037732,0.675632555,3.855701907,0.000115398,0.002383571,Upregulated,,
898,ENSG00000105173,CCNE1,cyclin E1,88.62818132,2.604643705,0.573469306,4.54190604,5.57E-06,0.000214646,Upregulated,,
7184,ENSG00000166598,HSP90B1,heat shock protein 90 beta family member 1,16276.04653,1.032365859,0.252163659,4.094031091,4.24E-05,0.001090305,Upregulated,Yes,
1950,ENSG00000138798,EGF,epidermal growth factor,156.1869913,2.580720408,0.708557351,3.6422181,0.000270299,0.004414956,Upregulated,,
890,ENSG00000145386,CCNA2,cyclin A2,275.5991374,2.578408087,0.655504164,3.933473242,8.37E-05,0.001852931,Upregulated,,
692212,ENSG00000221539,SNORD99,"small nucleolar RNA, C/D box 99",18.36965631,2.57838724,0.518563785,4.972169895,6.62E-07,3.94E-05,Upregulated,,
377841,ENSG00000188833,ENTPD8,ectonucleoside triphosphate diphosphohydrolase 8,12.20339354,2.575226379,0.947857588,2.716891664,0.006589817,0.043325428,Upregulated,,
23251,ENSG00000169330,MINAR1,membrane integral NOTCH2 associated receptor 1,59.55126899,2.57097393,0.424449052,6.057202665,1.39E-09,2.89E-07,Upregulated,,
10863,ENSG00000042980,ADAM28,ADAM metallopeptidase domain 28,920.2869322,2.565588877,0.361695991,7.093219004,1.31E-12,6.34E-10,Upregulated,,
105374378,,LOC105374378,uncharacterized LOC105374378,24.74337207,2.561999113,0.740628667,3.459222184,0.000541738,0.007342529,Upregulated,,
79152,ENSG00000103089,FA2H,fatty acid 2-hydroxylase,196.3192901,2.558670355,0.700593975,3.65214439,0.00026006,0.004290118,Upregulated,,
120071,ENSG00000165905,LARGE2,LARGE xylosyl- and glucuronyltransferase 2,332.7952193,2.554546662,0.678246014,3.766401291,0.000165618,0.003142612,Upregulated,,
389084,ENSG00000182600,SNORC,secondary ossification center associated regulator of chondrocyte maturation,8.772034036,2.552545566,0.82722792,3.08566177,0.002030997,0.019041438,Upregulated,,
2731,ENSG00000178445,GLDC,glycine decarboxylase,51.55613897,2.550886432,0.829474933,3.075302617,0.002102891,0.019534487,Upregulated,,
10733,ENSG00000142731,PLK4,polo like kinase 4,171.5718084,2.550107645,0.60968238,4.18268221,2.88E-05,0.000818415,Upregulated,,
54933,ENSG00000158315,RHBDL2,rhomboid like 2,93.88088092,2.549599818,0.503824664,5.060490287,4.18E-07,2.85E-05,Upregulated,,
6549,ENSG00000115616,SLC9A2,solute carrier family 9 member A2,34.59206328,2.545385061,0.900530528,2.826539448,0.004705395,0.034302674,Upregulated,,
27112,ENSG00000130054,NALF2,NALCN channel auxiliary factor 2,33.91700884,2.539598516,0.832100593,3.052033056,0.002272971,0.020684138,Upregulated,,
79711,ENSG00000196497,IPO4,importin 4,780.0555013,1.347399259,0.238312398,5.653920118,1.57E-08,2.03E-06,Upregulated,Yes,
101926996,,RUNDC3A-AS1,RUNDC3A antisense RNA 1,10.87166575,2.533917287,0.860121277,2.946000006,0.003219124,0.026453381,Upregulated,,
11174,ENSG00000049192,ADAMTS6,ADAM metallopeptidase with thrombospondin type 1 motif 6,284.4034046,2.531092227,0.812397663,3.115582851,0.001835818,0.017679664,Upregulated,,
55359,ENSG00000060140,STYK1,serine/threonine/tyrosine kinase 1,158.0710759,2.527778592,0.596184217,4.239928732,2.24E-05,0.000660742,Upregulated,,
151254,ENSG00000155754,C2CD6,C2 calcium dependent domain containing 6,63.15116092,2.525968616,0.854794418,2.955059794,0.003126085,0.025926213,Upregulated,,
7083,ENSG00000167900,TK1,thymidine kinase 1,382.1216713,2.523903039,0.674157914,3.74378612,0.000181268,0.003343593,Upregulated,,
3960,ENSG00000171747,LGALS4,galectin 4,161.0805387,2.515805563,0.904972803,2.779979194,0.005436238,0.037756626,Upregulated,,
6491,ENSG00000123473,STIL,STIL centriolar assembly protein,219.040627,2.513833867,0.552616303,4.548967976,5.39E-06,0.000209193,Upregulated,,
203447,ENSG00000123572,NRK,Nik related kinase,67.09212166,2.511108716,0.707625917,3.548638706,0.000387228,0.005729626,Upregulated,,
1310,ENSG00000082293,COL19A1,collagen type XIX alpha 1 chain,16.20899288,2.506761466,0.849314019,2.951513116,0.003162211,0.026126452,Upregulated,,
102724156,ENSG00000287750,LINC03026,long intergenic non-protein coding RNA 3026,11.14461379,2.505666357,0.942189104,2.659409184,0.007827783,0.049119338,Upregulated,,
389668,ENSG00000221947,XKR9,XK related 9,9.177793662,2.499925326,0.739326242,3.381356136,0.00072129,0.009140621,Upregulated,,
151507,ENSG00000224287,MSL3P1,MSL complex subunit 3 pseudogene 1,123.2949017,2.497525586,0.609931847,4.094761735,4.23E-05,0.001088284,Upregulated,,
3832,ENSG00000138160,KIF11,kinesin family member 11,433.345603,3.111535661,0.676539834,4.599190623,4.24E-06,0.000175578,Upregulated,Yes,
6804,ENSG00000106089,STX1A,syntaxin 1A,245.0977323,2.497126053,0.577243337,4.325950414,1.52E-05,0.000486517,Upregulated,,
79953,ENSG00000101463,SYNDIG1,synapse differentiation inducing 1,33.82325091,2.496452043,0.800998781,3.116673959,0.001829037,0.017640069,Upregulated,,
2668,ENSG00000168621,GDNF,glial cell derived neurotrophic factor,7.531681864,2.488101963,0.668847194,3.71998565,0.000199234,0.003571957,Upregulated,,
7368,ENSG00000174607,UGT8,UDP glycosyltransferase 8,178.3737738,2.488085278,0.735229237,3.384094581,0.000714134,0.009065661,Upregulated,,
125965,ENSG00000160471,COX6B2,cytochrome c oxidase subunit 6B2,8.883625125,2.486368789,0.842996496,2.949441429,0.003183489,0.026238571,Upregulated,,
10615,ENSG00000076382,SPAG5,sperm associated antigen 5,470.8981194,2.484422342,0.648671035,3.830018928,0.000128133,0.002584697,Upregulated,,
1356,ENSG00000047457,CP,ceruloplasmin,2227.072187,2.482341027,0.788064374,3.149921643,0.001633143,0.016314148,Upregulated,,
22977,ENSG00000162482,AKR7A3,aldo-keto reductase family 7 member A3,59.13101459,2.480484591,0.604954157,4.100285223,4.13E-05,0.001070738,Upregulated,,
8714,ENSG00000108846,ABCC3,ATP binding cassette subfamily C member 3,3689.350668,2.479815153,0.694069454,3.572863118,0.000353099,0.005352911,Upregulated,,
57650,ENSG00000163507,CIP2A,cellular inhibitor of PP2A,242.2223571,2.479312327,0.654577041,3.787655494,0.000152076,0.002939089,Upregulated,,
1138,ENSG00000169684,CHRNA5,cholinergic receptor nicotinic alpha 5 subunit,36.93804049,2.471244436,0.784540339,3.149926542,0.001633115,0.016314148,Upregulated,,
101928913,,LINC01515,long intergenic non-protein coding RNA 1515,19.86739355,2.46583445,0.691968557,3.563506498,0.000365934,0.005488728,Upregulated,,
202915,ENSG00000164855,TMEM184A,transmembrane protein 184A,579.0427554,2.464002458,0.551959099,4.464103343,8.04E-06,0.000287788,Upregulated,,
11075,ENSG00000104435,STMN2,stathmin 2,9.105476007,2.459099183,0.777333221,3.163507122,0.001558805,0.015867326,Upregulated,,
55203,ENSG00000153012,LGI2,leucine rich repeat LGI family member 2,272.0103459,2.459060603,0.558243065,4.404999822,1.06E-05,0.000357341,Upregulated,,
3938,ENSG00000115850,LCT,lactase,19.80439044,4.758277916,1.401061556,3.396194762,0.000683297,0.008792408,Upregulated,Yes,
81930,ENSG00000121621,KIF18A,kinesin family member 18A,132.0767491,2.453921275,0.666226831,3.683311992,0.000230223,0.003959318,Upregulated,,
103752586,ENSG00000290864,BIRC6-AS2,BIRC6 antisense RNA 2,5.841543655,2.441044172,0.706592255,3.454671566,0.000550964,0.007452289,Upregulated,,
5031,ENSG00000171631,P2RY6,pyrimidinergic receptor P2Y6,257.3880113,2.431146387,0.534155672,4.551381765,5.33E-06,0.000208438,Upregulated,,
101927972,ENSG00000269985,FARS2-AS1,FARS2 antisense RNA 1,5.455422575,2.428986671,0.859492919,2.826069437,0.004712305,0.034315201,Upregulated,,
2146,ENSG00000106462,EZH2,enhancer of zeste 2 polycomb repressive complex 2 subunit,418.0146204,2.42753432,0.571806688,4.24537588,2.18E-05,0.000649734,Upregulated,,
1029,ENSG00000147889,CDKN2A,cyclin dependent kinase inhibitor 2A,169.3449281,2.425909461,0.87296874,2.778919049,0.005454012,0.037813844,Upregulated,,
55366,ENSG00000205213,LGR4,leucine rich repeat containing G protein-coupled receptor 4,1024.387091,1.886240339,0.449028234,4.200716559,2.66E-05,0.00076536,Upregulated,Yes,
57822,ENSG00000158055,GRHL3,grainyhead like transcription factor 3,19.06147773,2.423273747,0.77069286,3.144279481,0.001664963,0.016532078,Upregulated,,
1821,ENSG00000102385,DRP2,dystrophin related protein 2,13.29492158,2.42217465,0.644424129,3.758665362,0.000170822,0.00320348,Upregulated,,
80307,ENSG00000088340,FER1L4,fer-1 like family member 4 (pseudogene),700.2016715,2.418632479,0.797710094,3.031969253,0.00242964,0.021555849,Upregulated,,
55010,ENSG00000185480,PARPBP,PARP1 binding protein,92.28408319,2.414031142,0.551740573,4.375301113,1.21E-05,0.000404128,Upregulated,,
79801,ENSG00000171241,SHCBP1,SHC binding and spindle associated 1,194.2810214,2.413029113,0.636116649,3.793375185,0.000148613,0.002891908,Upregulated,,
3898,ENSG00000159166,LAD1,ladinin 1,1169.215762,2.411233232,0.761234694,3.167529345,0.001537402,0.015738329,Upregulated,,
440584,ENSG00000227533,SLC2A1-DT,SLC2A1 divergent transcript,5.24241739,2.410816952,0.791030784,3.047690431,0.002306074,0.020898842,Upregulated,,
5244,ENSG00000005471,ABCB4,ATP binding cassette subfamily B member 4,49.49256398,2.410696877,0.547180095,4.405673558,1.05E-05,0.00035684,Upregulated,,
3783,ENSG00000104783,KCNN4,potassium calcium-activated channel subfamily N member 4,711.0922693,2.410307381,0.750592444,3.211206561,0.001321789,0.014121633,Upregulated,,
1894,ENSG00000114346,ECT2,epithelial cell transforming 2,928.5547575,2.407877432,0.55720674,4.321335795,1.55E-05,0.000492825,Upregulated,,
11247,ENSG00000182379,NXPH4,neurexophilin 4,8.134829106,2.40308298,0.831034732,2.891675748,0.003831932,0.029926499,Upregulated,,
414235,ENSG00000180525,DIP2C-AS1,DIP2C antisense RNA 1,30.15234244,2.402925124,0.901270715,2.666152449,0.007672489,0.048405278,Upregulated,,
105371697,,,,19.7057154,2.401541873,0.792436489,3.030579621,0.002440848,0.021635932,Upregulated,,
101927034,ENSG00000223949,ROR1-AS1,ROR1 antisense RNA 1,8.830562581,2.401401852,0.861199359,2.788438968,0.005296273,0.037174317,Upregulated,,
90381,ENSG00000140534,TICRR,TOPBP1 interacting checkpoint and replication regulator,67.69582957,2.38742638,0.672974498,3.54757333,0.000388798,0.005740481,Upregulated,,
80201,ENSG00000156510,HKDC1,hexokinase domain containing 1,406.0761725,2.385517677,0.719655125,3.314806763,0.000917065,0.010862892,Upregulated,,
23779,ENSG00000241484,ARHGAP8,Rho GTPase activating protein 8,6.213368043,2.384872212,0.88393854,2.698006822,0.006975601,0.045084483,Upregulated,,
50489,ENSG00000116031,CD207,CD207 molecule,216.3340466,2.382666861,0.785574156,3.033026026,0.002421147,0.021547993,Upregulated,,
51280,ENSG00000135052,GOLM1,golgi membrane protein 1,3307.141803,2.374441994,0.403484135,5.884845989,3.98E-09,7.05E-07,Upregulated,,
102465668,ENSG00000276712,MIR7111,microRNA 7111,4.936147519,2.371478455,0.74506642,3.182908787,0.001458035,0.015181125,Upregulated,,
100996291,ENSG00000204277,LINC01993,long intergenic non-protein coding RNA 1993,9.037923944,2.366584746,0.878856755,2.692799175,0.007085493,0.045601509,Upregulated,,
387646,ENSG00000230445,LRRC37A6P,"leucine rich repeat containing 37 member A6, pseudogene",70.66877772,2.365709098,0.602418642,3.927018412,8.60E-05,0.001888595,Upregulated,,
283807,ENSG00000197361,FBXL22,F-box and leucine rich repeat protein 22,90.2210313,2.363010616,0.505042981,4.678830721,2.89E-06,0.000127416,Upregulated,,
130367,ENSG00000163082,SGPP2,sphingosine-1-phosphate phosphatase 2,1802.904328,2.360776184,0.580615653,4.065987841,4.78E-05,0.001194471,Upregulated,,
51804,ENSG00000100625,SIX4,SIX homeobox 4,324.0264967,2.360425051,0.766838884,3.078123841,0.002083083,0.01941046,Upregulated,,
8507,ENSG00000171617,ENC1,ectodermal-neural cortex 1,3099.747525,2.359158886,0.416740351,5.660980228,1.51E-08,1.99E-06,Upregulated,,
8537,ENSG00000064787,BCAS1,brain enriched myelin associated protein 1,331.7237162,2.358525724,0.871879629,2.705104747,0.006828285,0.044451107,Upregulated,,
9319,ENSG00000071539,TRIP13,thyroid hormone receptor interactor 13,180.167217,2.357113348,0.788812438,2.988179744,0.002806445,0.0239837,Upregulated,,
9633,ENSG00000132749,TESMIN,testis expressed metallothionein like protein,88.56109945,2.357064043,0.825788394,2.854319652,0.004312911,0.032487781,Upregulated,,
1832,ENSG00000096696,DSP,desmoplakin,3739.823743,2.355442812,0.682709875,3.450137312,0.000560301,0.007547703,Upregulated,,
5099,ENSG00000169851,PCDH7,protocadherin 7,647.2029788,2.352088967,0.63519059,3.702965699,0.000213094,0.003752607,Upregulated,,
9055,ENSG00000198901,PRC1,protein regulator of cytokinesis 1,410.5649877,2.350261433,0.583481565,4.027996038,5.63E-05,0.001357015,Upregulated,,
1594,ENSG00000111012,CYP27B1,cytochrome P450 family 27 subfamily B member 1,95.49536255,2.344258616,0.619408767,3.784671353,0.000153912,0.002965423,Upregulated,,
653645,ENSG00000267104,TBC1D3P1-DHX40P1,"TBC1D3P1-DHX40P1 readthrough, transcribed pseudogene",7.333735508,2.34398545,0.83774073,2.797984347,0.00514226,0.036429397,Upregulated,,
8612,ENSG00000141934,PLPP2,phospholipid phosphatase 2,587.8239388,2.343683405,0.76956514,3.045464616,0.002323211,0.020958578,Upregulated,,
84419,ENSG00000166920,C15orf48,chromosome 15 open reading frame 48,337.1062045,2.340544376,0.643586729,3.636719454,0.000276132,0.004480711,Upregulated,,
84296,ENSG00000147536,GINS4,GINS complex subunit 4,138.0073655,2.336630799,0.569611501,4.102148209,4.09E-05,0.00106378,Upregulated,,
4907,ENSG00000135318,NT5E,5'-nucleotidase ecto,2186.419621,2.336109133,0.73562258,3.175689811,0.001494807,0.015445819,Upregulated,,
7298,ENSG00000176890,TYMS,thymidylate synthetase,151.7345971,2.324584482,0.584749533,3.975350726,7.03E-05,0.001620343,Upregulated,,
284757,ENSG00000228340,MIR646HG,MIR646 host gene,42.97532361,2.32065119,0.69490311,3.339532027,0.000839197,0.010179458,Upregulated,,
692198,,SNORD78,"small nucleolar RNA, C/D box 78",37.20649865,2.318775201,0.577059905,4.018257342,5.86E-05,0.001402533,Upregulated,,
150197,ENSG00000236499,LINC00896,long intergenic non-protein coding RNA 896,15.802142,2.316411236,0.688068096,3.36654359,0.000761166,0.009486581,Upregulated,,
4171,ENSG00000073111,MCM2,minichromosome maintenance complex component 2,553.477572,2.305491445,0.636836859,3.620223001,0.000294349,0.004699397,Upregulated,,
4830,ENSG00000239672,NME1,NME/NM23 nucleoside diphosphate kinase 1,228.7479741,2.304818427,0.47845534,4.81720703,1.46E-06,7.50E-05,Upregulated,,
144455,ENSG00000165891,E2F7,E2F transcription factor 7,74.98405921,2.301981905,0.717520267,3.208246527,0.00133547,0.014252437,Upregulated,,
101927668,,LOC101927668,uncharacterized LOC101927668,6.908779469,2.301974233,0.780483983,2.949418927,0.003183721,0.026238571,Upregulated,,
79000,ENSG00000127423,AUNIP,aurora kinase A and ninein interacting protein,30.09431634,2.301216408,0.756360865,3.042484764,0.002346337,0.021119163,Upregulated,,
2846,ENSG00000147145,LPAR4,lysophosphatidic acid receptor 4,12.67401369,2.002899,0.750928545,2.667229808,0.007647936,0.048313477,Upregulated,Yes,
677771,ENSG00000281394,SCARNA4,small Cajal body-specific RNA 4,4.964396741,2.29160438,0.857482462,2.672479591,0.007529295,0.047744931,Upregulated,,
283208,ENSG00000149380,P4HA3,prolyl 4-hydroxylase subunit alpha 3,92.46241952,2.291538253,0.555265181,4.126925897,3.68E-05,0.00098381,Upregulated,,
692197,,SNORD77,"small nucleolar RNA, C/D box 77",20.96314866,2.287371227,0.651152167,3.51280598,0.000443401,0.00637116,Upregulated,,
1259,ENSG00000198515,CNGA1,cyclic nucleotide gated channel subunit alpha 1,17.70167121,2.28734127,0.772076552,2.96258352,0.00305069,0.025524109,Upregulated,,
132299,ENSG00000145247,OCIAD2,OCIA domain containing 2,938.4461367,2.28659909,0.55574002,4.1145122,3.88E-05,0.001024452,Upregulated,,
79682,ENSG00000151725,CENPU,centromere protein U,257.5473964,2.285995078,0.664929051,3.437953378,0.000586129,0.007789775,Upregulated,,
64105,ENSG00000123219,CENPK,centromere protein K,127.6211243,2.283707507,0.636296576,3.589061441,0.000331871,0.005110697,Upregulated,,
2491,ENSG00000102384,CENPI,centromere protein I,91.73758813,2.281340461,0.683037309,3.339993923,0.000837802,0.0101794,Upregulated,,
205,ENSG00000162433,AK4,adenylate kinase 4,469.3438821,2.274576783,0.659536702,3.448749364,0.000563189,0.007566042,Upregulated,,
25788,ENSG00000197275,RAD54B,RAD54 homolog B,162.7216898,2.274552613,0.58786105,3.869201089,0.000109193,0.002281536,Upregulated,,
692196,,SNORD76,"small nucleolar RNA, C/D box 76",56.33509146,2.272823217,0.589539792,3.855249887,0.000115611,0.002385494,Upregulated,,
57722,ENSG00000103742,IGDCC4,immunoglobulin superfamily DCC subclass member 4,132.7732923,2.26923796,0.633513143,3.58199034,0.000340986,0.005221173,Upregulated,,
147645,ENSG00000186806,VSIG10L,V-set and immunoglobulin domain containing 10 like,250.0300014,2.265271888,0.818446947,2.767768756,0.005644149,0.03869911,Upregulated,,
100506076,,LOC100506076,uncharacterized LOC100506076,14.82441172,2.264946645,0.782304686,2.895223159,0.003788891,0.029683885,Upregulated,,
4192,ENSG00000110492,MDK,midkine,1405.069277,2.261953181,0.594767386,3.803088797,0.000142903,0.002813928,Upregulated,,
284403,ENSG00000075702,WDR62,WD repeat domain 62,145.5526744,2.254867702,0.632293214,3.566174131,0.000362231,0.005441419,Upregulated,,
55723,ENSG00000105011,ASF1B,anti-silencing function 1B histone chaperone,141.3541699,2.250997116,0.606022554,3.71437845,0.000203704,0.00362793,Upregulated,,
84069,ENSG00000187583,PLEKHN1,pleckstrin homology domain containing N1,79.69721009,2.248934447,0.398133129,5.648699604,1.62E-08,2.06E-06,Upregulated,,
400798,ENSG00000213057,C1orf220,chromosome 1 putative open reading frame 220,38.64356138,2.241103102,0.501989741,4.464440048,8.03E-06,0.000287788,Upregulated,,
147166,ENSG00000291110,TRIM16L,tripartite motif containing 16 like (pseudogene),301.6829392,2.240838549,0.679093751,3.299748444,0.000967715,0.011334215,Upregulated,,
345079,ENSG00000186212,SOWAHB,sosondowah ankyrin repeat domain family member B,174.5807642,2.240637435,0.80887971,2.770050241,0.005604765,0.038564308,Upregulated,,
646300,,COL6A4P2,collagen type VI alpha 4 pseudogene 2,36.77505971,2.233375608,0.763814326,2.923977115,0.003455902,0.027879199,Upregulated,,
60437,ENSG00000124215,CDH26,cadherin 26,446.0860965,2.230772816,0.795823227,2.803100914,0.005061383,0.036036683,Upregulated,,
5820,ENSG00000249859,PVT1,Pvt1 oncogene,205.0898023,2.22950853,0.504090924,4.422830139,9.74E-06,0.000335359,Upregulated,,
286151,ENSG00000156509,FBXO43,F-box protein 43,23.41449583,2.229501492,0.640421832,3.481301513,0.000498983,0.006909457,Upregulated,,
55765,ENSG00000163362,INAVA,innate immunity activator,547.0676772,2.228241703,0.786789643,2.832067913,0.004624802,0.03395427,Upregulated,,
221336,ENSG00000151917,BEND6,BEN domain containing 6,69.94029875,2.226474815,0.581046099,3.831838505,0.000127189,0.002570882,Upregulated,,
165545,ENSG00000144045,DQX1,DEAQ-box RNA dependent ATPase 1,21.53326215,2.223834499,0.696312683,3.193729704,0.001404476,0.014787504,Upregulated,,
9401,ENSG00000160957,RECQL4,RecQ like helicase 4,275.2553456,2.21681853,0.527792334,4.200171903,2.67E-05,0.00076536,Upregulated,,
133396,ENSG00000164509,IL31RA,interleukin 31 receptor A,21.14921891,2.213173963,0.753190208,2.938399809,0.003299113,0.026954308,Upregulated,,
27132,ENSG00000178773,CPNE7,copine 7,78.78765009,2.212116003,0.594145895,3.723186549,0.000196724,0.003536574,Upregulated,,
653820,ENSG00000188610,FAM72B,family with sequence similarity 72 member B,32.70697156,2.211380413,0.785137109,2.816553169,0.004854201,0.034950598,Upregulated,,
51252,ENSG00000168754,FAM178B,family with sequence similarity 178 member B,21.52168646,2.209626253,0.806751774,2.73891713,0.006164191,0.041210297,Upregulated,,
415,ENSG00000157399,ARSL,arylsulfatase L,228.4649435,2.20686794,0.74153561,2.97607817,0.002919604,0.024677252,Upregulated,,
3766,ENSG00000177807,KCNJ10,potassium inwardly rectifying channel subfamily J member 10,16.79995978,2.20671602,0.799783388,2.759142105,0.005795333,0.039408661,Upregulated,,
54894,ENSG00000108375,RNF43,ring finger protein 43,958.8441931,2.20615614,0.783099842,2.817209278,0.004844295,0.034930009,Upregulated,,
10058,ENSG00000115657,ABCB6,ATP binding cassette subfamily B member 6 (Langereis blood group),639.1555243,2.202827578,0.386924673,5.69316907,1.25E-08,1.68E-06,Upregulated,,
692210,ENSG00000221740,SNORD93,"small nucleolar RNA, C/D box 93",5.745913716,2.201813586,0.825997853,2.665640811,0.007684174,0.04843277,Upregulated,,
2187,ENSG00000181544,FANCB,FA complementation group B,42.5252092,2.197197151,0.624594766,3.51779629,0.000435146,0.006270723,Upregulated,,
10635,ENSG00000111247,RAD51AP1,RAD51 associated protein 1,151.4388088,2.196776335,0.61069111,3.597197173,0.000321665,0.005014378,Upregulated,,
9601,ENSG00000155660,PDIA4,protein disulfide isomerase family A member 4,5859.822724,2.193368465,0.552017352,3.973368694,7.09E-05,0.001630101,Upregulated,,
26065,ENSG00000257103,LSM14A,LSM14A mRNA processing body assembly factor,119.5786859,2.192761062,0.632526077,3.466672981,0.000526943,0.007209512,Upregulated,,
440295,ENSG00000197978,GOLGA6L9,golgin A6 family like 9,35.92088745,2.186399645,0.734574226,2.976417587,0.002916375,0.024660465,Upregulated,,
127602,ENSG00000185842,DNAH14,dynein axonemal heavy chain 14,191.2088746,2.182462237,0.484947549,4.50040884,6.78E-06,0.000252319,Upregulated,,
78995,ENSG00000125319,HROB,homologous recombination factor with OB-fold,66.08347244,2.178851158,0.594622863,3.664257286,0.000248057,0.004164454,Upregulated,,
26470,ENSG00000174938,SEZ6L2,seizure related 6 homolog like 2,575.9977105,2.17609393,0.451880921,4.815635774,1.47E-06,7.54E-05,Upregulated,,
388228,ENSG00000188322,SBK1,SH3 domain binding kinase 1,221.0612638,2.175315451,0.764182044,2.846593253,0.004418978,0.033051238,Upregulated,,
1946,ENSG00000184349,EFNA5,ephrin A5,572.1662509,2.167919262,0.463145933,4.680855663,2.86E-06,0.000127012,Upregulated,,
284233,ENSG00000290462,CYP4F35P,"cytochrome P450 family 4 subfamily F member 35, pseudogene",85.0988148,2.164137784,0.527834085,4.100034172,4.13E-05,0.001070738,Upregulated,,
5881,ENSG00000169750,RAC3,Rac family small GTPase 3,99.067174,2.162352858,0.599677909,3.605857118,0.000311124,0.004904041,Upregulated,,
23491,ENSG00000172828,CES3,carboxylesterase 3,175.1854109,2.16206762,0.587161281,3.682238064,0.000231195,0.003969154,Upregulated,,
92291,ENSG00000162949,CAPN13,calpain 13,941.8229249,2.161046852,0.760732695,2.840744018,0.004500842,0.033354067,Upregulated,,
151477,ENSG00000181798,LINC00471,long intergenic non-protein coding RNA 471,10.38313024,2.146108083,0.625053029,3.433481615,0.000595883,0.007892957,Upregulated,,
6285,ENSG00000160307,S100B,S100 calcium binding protein B,169.8702613,2.131656767,0.770675762,2.765957969,0.005675585,0.038820688,Upregulated,,
131096,ENSG00000183960,KCNH8,potassium voltage-gated channel subfamily H member 8,30.37804977,2.130397995,0.582300853,3.658586421,0.00025361,0.004230783,Upregulated,,
54972,ENSG00000006118,TMEM132A,transmembrane protein 132A,566.7490508,2.124580443,0.368519543,5.765177127,8.16E-09,1.18E-06,Upregulated,,
100874097,ENSG00000229780,UBE2Q1-AS1,UBE2Q1 antisense RNA 1,14.56237336,2.120400707,0.605557044,3.501570544,0.000462525,0.006565067,Upregulated,,
140700,ENSG00000130590,SAMD10,sterile alpha motif domain containing 10,203.5849206,2.109565055,0.503272384,4.191696428,2.77E-05,0.000789954,Upregulated,,
147700,ENSG00000104892,KLC3,kinesin light chain 3,111.1738164,2.105118337,0.602128082,3.496130472,0.000472058,0.006647756,Upregulated,,
113157,ENSG00000243742,RPLP0P2,ribosomal protein lateral stalk subunit P0 pseudogene 2,44.81828114,2.101545572,0.69187022,3.037485226,0.002385611,0.02135651,Upregulated,,
4072,ENSG00000119888,EPCAM,epithelial cell adhesion molecule,5465.319172,2.099948824,0.78323668,2.681116549,0.007337695,0.046889837,Upregulated,,
724102,ENSG00000281398,SNHG4,small nucleolar RNA host gene 4,78.32106499,2.099216935,0.47445707,4.424461274,9.67E-06,0.000333995,Upregulated,,
23329,ENSG00000111490,TBC1D30,TBC1 domain family member 30,519.7247128,2.097091467,0.609812091,3.438914214,0.000584052,0.007770659,Upregulated,,
6652,ENSG00000140263,SORD,sorbitol dehydrogenase,515.6274779,2.096277444,0.42026798,4.987954218,6.10E-07,3.76E-05,Upregulated,,
91614,ENSG00000121690,DEPDC7,DEP domain containing 7,64.47134531,2.091237961,0.631878006,3.309559663,0.000934428,0.011029037,Upregulated,,
56479,ENSG00000185760,KCNQ5,potassium voltage-gated channel subfamily Q member 5,56.03803839,2.087357919,0.705747256,2.957656442,0.003099874,0.025791459,Upregulated,,
5003,ENSG00000254827,SLC22A18AS,SLC22A18 antisense RNA,24.22802811,2.082658699,0.69076457,3.015005098,0.002569749,0.022536736,Upregulated,,
56938,ENSG00000029153,BMAL2,basic helix-loop-helix ARNT like 2,505.1950523,2.076901902,0.712656714,2.914309035,0.003564768,0.028513832,Upregulated,,
55215,ENSG00000140525,FANCI,FA complementation group I,507.6533474,2.070924236,0.51603692,4.013131916,5.99E-05,0.001421199,Upregulated,,
220963,ENSG00000165449,SLC16A9,solute carrier family 16 member 9,164.8732476,2.067249051,0.631968425,3.271127117,0.001071197,0.012207342,Upregulated,,
50943,ENSG00000049768,FOXP3,forkhead box P3,68.61644453,2.066546467,0.459323289,4.499111015,6.82E-06,0.000253389,Upregulated,,
100462981,,MTRNR2L2,MT-RNR2 like 2 (pseudogene),13.92143317,2.063768208,0.52934235,3.898740023,9.67E-05,0.002079561,Upregulated,,
100130418,,CECR7,"cat eye syndrome chromosome region, candidate 7",44.33778728,2.058590119,0.696001471,2.957738175,0.003099052,0.025791459,Upregulated,,
340706,ENSG00000165816,VWA2,von Willebrand factor A domain containing 2,1299.191167,2.052487152,0.57264399,3.584228926,0.000338075,0.005180602,Upregulated,,
728963,,RPS15AP10,ribosomal protein S15a pseudogene 10,30.53530504,2.051549338,0.497381783,4.12469738,3.71E-05,0.000989378,Upregulated,,
51283,ENSG00000103429,BFAR,bifunctional apoptosis regulator,18.27743785,2.047680623,0.681832482,3.003201925,0.002671551,0.023092496,Upregulated,,
3159,ENSG00000137309,HMGA1,high mobility group AT-hook 1,2584.596258,2.040918393,0.759041749,2.68880914,0.007170741,0.046030629,Upregulated,,
1663,ENSG00000013573,DDX11,DEAD/H-box helicase 11,509.8679907,2.039060323,0.478749764,4.259135929,2.05E-05,0.000618868,Upregulated,,
8908,ENSG00000056998,GYG2,glycogenin 2,103.7832337,2.035647331,0.501625123,4.058104825,4.95E-05,0.001226239,Upregulated,,
116372,ENSG00000150551,LYPD1,LY6/PLAUR domain containing 1,14.6638376,2.031582829,0.475091485,4.276192884,1.90E-05,0.000582662,Upregulated,,
57047,ENSG00000163746,PLSCR2,phospholipid scramblase 2,17.69413697,2.029249787,0.709258039,2.861088171,0.004221896,0.031928291,Upregulated,,
135398,ENSG00000197261,C6orf141,chromosome 6 open reading frame 141,170.6931066,2.028034349,0.590890868,3.432163973,0.000598785,0.007921514,Upregulated,,
6424,ENSG00000106483,SFRP4,secreted frizzled related protein 4,1271.313904,2.027128802,0.533822395,3.797384336,0.000146231,0.002865942,Upregulated,,
55379,ENSG00000108829,LRRC59,leucine rich repeat containing 59,2736.230289,1.002641906,0.36071887,2.779565999,0.005443159,0.03777823,Upregulated,Yes,
115265,ENSG00000145358,DDIT4L,DNA damage inducible transcript 4 like,98.03766913,2.018300921,0.573268821,3.520688459,0.000430428,0.006216283,Upregulated,,
81607,ENSG00000143217,NECTIN4,nectin cell adhesion molecule 4,495.1064547,2.01800224,0.625953977,3.223882768,0.001264652,0.013628683,Upregulated,,
5050,ENSG00000079462,PAFAH1B3,platelet activating factor acetylhydrolase 1b catalytic subunit 3,221.9687106,2.017883398,0.473795192,4.258978208,2.05E-05,0.000618868,Upregulated,,
9585,ENSG00000138182,KIF20B,kinesin family member 20B,349.8857807,2.01712995,0.607305981,3.321439296,0.000895545,0.010671727,Upregulated,,
63910,ENSG00000101194,SLC17A9,solute carrier family 17 member 9,625.7092975,2.011204865,0.48242606,4.168939103,3.06E-05,0.000859502,Upregulated,,
388906,,OGFRP1,opioid growth factor receptor pseudogene 1,8.460143065,2.009811263,0.589970333,3.406631066,0.0006577,0.008529448,Upregulated,,
80119,ENSG00000140451,PIF1,PIF1 5'-to-3' DNA helicase,68.37876349,2.009734414,0.489713203,4.103900821,4.06E-05,0.001058524,Upregulated,,
100126791,ENSG00000235947,EGOT,eosinophil granule ontogeny transcript,6.146172858,2.009232998,0.608439302,3.302273525,0.000959045,0.01125784,Upregulated,,
151246,ENSG00000163535,SGO2,shugoshin 2,200.0258011,2.008202249,0.572069688,3.510415409,0.000447407,0.006409043,Upregulated,,
65108,ENSG00000175130,MARCKSL1,MARCKS like 1,1580.378555,1.603712866,0.406464622,3.945516481,7.96E-05,0.001787133,Upregulated,Yes,
127707,ENSG00000179023,KLHDC7A,kelch domain containing 7A,250.1601884,1.997168516,0.737418718,2.708323598,0.006762405,0.044181789,Upregulated,,
24,ENSG00000198691,ABCA4,ATP binding cassette subfamily A member 4,66.1880855,1.996244993,0.553406398,3.607195363,0.000309525,0.004892693,Upregulated,,
85415,ENSG00000131941,RHPN2,rhophilin Rho GTPase binding protein 2,563.3311611,1.995450194,0.588706266,3.389551478,0.000700071,0.008961108,Upregulated,,
101927770,,ZNF217-AS1,ZNF217 antisense RNA 1,66.9198324,1.990415551,0.427837395,4.65227111,3.28E-06,0.000142136,Upregulated,,
286827,ENSG00000213186,TRIM59,tripartite motif containing 59,273.0252061,1.988000854,0.568791381,3.495131821,0.000473828,0.006654057,Upregulated,,
94161,ENSG00000200913,SNORD46,"small nucleolar RNA, C/D box 46",10.02093129,1.983461461,0.50802883,3.904230122,9.45E-05,0.002044005,Upregulated,,
285180,ENSG00000188282,RUFY4,RUN and FYVE domain containing 4,30.66591898,1.975686072,0.587268695,3.364194428,0.000767674,0.009557434,Upregulated,,
26059,ENSG00000187672,ERC2,ELKS/RAB6-interacting/CAST family member 2,21.67431994,1.97436791,0.736926008,2.679194231,0.007379957,0.047050628,Upregulated,,
256714,ENSG00000184368,MAP7D2,MAP7 domain containing 2,42.72754509,1.973632059,0.636886828,3.098874043,0.001942576,0.018412685,Upregulated,,
730101,ENSG00000291006,LOC730101,uncharacterized LOC730101,219.0156252,1.966332482,0.479026653,4.104849844,4.05E-05,0.00105836,Upregulated,,
342979,ENSG00000187867,PALM3,paralemmin 3,179.3123362,1.965369285,0.686873047,2.861328296,0.0042187,0.031916289,Upregulated,,
222663,ENSG00000146197,SCUBE3,"signal peptide, CUB domain and EGF like domain containing 3",214.6686271,1.961484825,0.560732822,3.498073856,0.000468631,0.006632756,Upregulated,,
84561,ENSG00000221955,SLC12A8,solute carrier family 12 member 8,362.4942257,1.953973795,0.497989635,3.923723821,8.72E-05,0.001906179,Upregulated,,
83959,ENSG00000088836,SLC4A11,solute carrier family 4 member 11,190.3174337,1.950234245,0.682608244,2.85703295,0.004276214,0.032252969,Upregulated,,
200634,ENSG00000157992,KRTCAP3,keratinocyte associated protein 3,450.4357467,1.949077303,0.662968351,2.939925112,0.003282916,0.026862011,Upregulated,,
83876,ENSG00000134042,MRO,maestro,32.95395224,1.948140388,0.710076612,2.743563658,0.006077626,0.040796632,Upregulated,,
376267,ENSG00000139998,RAB15,"RAB15, member RAS oncogene family",871.5004417,1.94667491,0.721086799,2.699640201,0.00694145,0.044934162,Upregulated,,
283038,ENSG00000228021,LOC283038,uncharacterized LOC283038,8.982466762,1.941811002,0.628681709,3.088702876,0.002010324,0.018920749,Upregulated,,
23213,ENSG00000137573,SULF1,sulfatase 1,2796.58227,1.938336779,0.707652331,2.739108874,0.006160597,0.041205039,Upregulated,,
5444,ENSG00000005421,PON1,paraoxonase 1,46.64829244,1.932217029,0.707131776,2.732470942,0.006286122,0.041898321,Upregulated,,
55472,ENSG00000279331,RBM12B-AS1,RBM12B antisense RNA 1,21.04316508,1.927557118,0.642630155,2.999481276,0.002704397,0.023303923,Upregulated,,
79075,ENSG00000136982,DSCC1,DNA replication and sister chromatid cohesion 1,161.677342,1.926003525,0.60646065,3.175809551,0.00149419,0.015445819,Upregulated,,
10609,ENSG00000141696,P3H4,prolyl 3-hydroxylase family member 4 (inactive),415.6244391,1.921357275,0.449252914,4.276783107,1.90E-05,0.000582019,Upregulated,,
5563,ENSG00000162409,PRKAA2,protein kinase AMP-activated catalytic subunit alpha 2,516.7989872,1.921212839,0.695898326,2.760766575,0.005766588,0.039267055,Upregulated,,
100874111,ENSG00000229867,STEAP3-AS1,STEAP3 antisense RNA 1,16.57203186,1.913689146,0.481884894,3.971257808,7.15E-05,0.001640437,Upregulated,,
638,ENSG00000100290,BIK,BCL2 interacting killer,66.56664218,1.910492518,0.588912146,3.24410446,0.001178205,0.013025897,Upregulated,,
4237,ENSG00000117122,MFAP2,microfibril associated protein 2,298.2667626,1.910246366,0.490996244,3.890551891,0.000100016,0.002137098,Upregulated,,
25878,ENSG00000101825,MXRA5,matrix remodeling associated 5,2305.268342,1.908849431,0.671075924,2.844461203,0.00444866,0.033137673,Upregulated,,
9833,ENSG00000165304,MELK,maternal embryonic leucine zipper kinase,174.0290915,3.82268444,0.844362288,4.527303618,5.97E-06,0.000226502,Upregulated,yes,
4173,ENSG00000104738,MCM4,minichromosome maintenance complex component 4,963.1694809,1.906650773,0.4138945,4.606610558,4.09E-06,0.000170498,Upregulated,,
1111,ENSG00000149554,CHEK1,checkpoint kinase 1,205.7161488,1.905876416,0.527761492,3.611245694,0.00030473,0.00483399,Upregulated,,
105373382,,,,5.983084064,1.904877689,0.709736306,2.683923133,0.007276383,0.046528025,Upregulated,,
101928079,ENSG00000224081,SLC44A3-AS1,SLC44A3 antisense RNA 1,60.19571558,1.904818374,0.39843302,4.780774376,1.75E-06,8.67E-05,Upregulated,,
1290,ENSG00000204262,COL5A2,collagen type V alpha 2 chain,4486.949976,1.900518503,0.673625899,2.821326355,0.004782552,0.034699314,Upregulated,,
79094,ENSG00000128965,CHAC1,ChaC glutathione specific gamma-glutamylcyclotransferase 1,41.77831053,1.897562178,0.411662603,4.609508282,4.04E-06,0.000168493,Upregulated,,
899,ENSG00000162063,CCNF,cyclin F,228.5455317,1.894659476,0.483383476,3.919578496,8.87E-05,0.001926718,Upregulated,,
100289388,ENSG00000246174,KCTD21-AS1,KCTD21 antisense RNA 1,17.97818513,1.886962501,0.71074732,2.654899213,0.007933211,0.049600208,Upregulated,,
80168,ENSG00000166391,MOGAT2,monoacylglycerol O-acyltransferase 2,2.454570378,4.695646854,1.492847958,3.145428728,0.001658436,0.016483773,Upregulated,yes,
171169,ENSG00000177202,SPACA4,sperm acrosome associated 4,37.81746237,1.886220085,0.665763211,2.833169591,0.004608893,0.033910847,Upregulated,,
85366,ENSG00000101306,MYLK2,myosin light chain kinase 2,7.65718018,4.243363542,1.156194004,3.670113775,0.000242443,0.004101871,Upregulated,yes,
51514,ENSG00000143476,DTL,denticleless E3 ubiquitin protein ligase homolog,189.845181,1.882703287,0.681079426,2.764293287,0.005704624,0.038992412,Upregulated,,
27347,ENSG00000198648,STK39,serine/threonine kinase 39,1021.316811,1.875271863,0.508223604,3.689855898,0.000224381,0.003885811,Upregulated,,
57475,ENSG00000054690,PLEKHH1,"pleckstrin homology, MyTH4 and FERM domain containing H1",376.2501289,1.865197911,0.662157234,2.816850463,0.00484971,0.034943641,Upregulated,,
116028,ENSG00000175643,RMI2,RecQ mediated genome instability 2,92.57484859,1.8633997,0.607204661,3.068816526,0.002149085,0.019829787,Upregulated,,
677805,ENSG00000207145,SNORA18,"small nucleolar RNA, H/ACA box 18",69.59743903,1.863107661,0.333071569,5.593715696,2.22E-08,2.62E-06,Upregulated,,
55240,ENSG00000115107,STEAP3,STEAP3 metalloreductase,1594.96093,1.861080331,0.315865521,5.892002156,3.82E-09,6.88E-07,Upregulated,,
84536,ENSG00000183250,LINC01547,long intergenic non-protein coding RNA 1547,64.28683462,1.858314014,0.536128934,3.466169976,0.000527929,0.007210445,Upregulated,,
647121,ENSG00000291141,EMBP1,embigin pseudogene 1,29.97562912,1.855849671,0.596420427,3.11164673,0.00186047,0.01784773,Upregulated,,
10360,ENSG00000107833,NPM3,nucleophosmin/nucleoplasmin 3,223.4009208,1.852387336,0.470523379,3.936865666,8.26E-05,0.001831028,Upregulated,,
2175,ENSG00000187741,FANCA,FA complementation group A,277.6403588,1.851795915,0.38791857,4.773671739,1.81E-06,8.88E-05,Upregulated,,
5427,ENSG00000100479,POLE2,"DNA polymerase epsilon 2, accessory subunit",120.7250097,1.842444818,0.350050134,5.263374121,1.41E-07,1.18E-05,Upregulated,,
725,ENSG00000123843,C4BPB,complement component 4 binding protein beta,199.7467588,1.83997045,0.47249816,3.894132521,9.86E-05,0.002112609,Upregulated,,
145773,ENSG00000157470,FAM81A,family with sequence similarity 81 member A,92.40573998,1.837477466,0.598029873,3.072551303,0.002122373,0.01965674,Upregulated,,
84842,ENSG00000186603,HPDL,4-hydroxyphenylpyruvate dioxygenase like,13.17872913,1.836779636,0.643648167,2.853701341,0.004321314,0.032531255,Upregulated,,
9299,ENSG00000277846,SNORD30,"small nucleolar RNA, C/D box 30",9.457909821,1.834869321,0.584984562,3.136611529,0.001709124,0.016844047,Upregulated,,
196792,ENSG00000213185,FAM24B,family with sequence similarity 24 member B,50.96688784,1.834111467,0.518653139,3.536296857,0.000405778,0.005933762,Upregulated,,
81928,ENSG00000149679,CABLES2,Cdk5 and Abl enzyme substrate 2,351.3708766,1.833528621,0.579992206,3.161298724,0.001570673,0.015939038,Upregulated,,
1462,ENSG00000038427,VCAN,versican,6499.181261,1.832629586,0.577454039,3.173637144,0.001505418,0.01550436,Upregulated,,
284338,ENSG00000188368,PRR19,proline rich 19,11.54940411,1.832386621,0.624507882,2.934128892,0.003344853,0.027204711,Upregulated,,
29057,ENSG00000268350,FAM156A,family with sequence similarity 156 member A,13.73999606,1.829447926,0.41399379,4.41902263,9.91E-06,0.000338967,Upregulated,,
677807,ENSG00000206634,SNORA22,"small nucleolar RNA, H/ACA box 22",7.682721921,1.827298,0.556809597,3.281728635,0.001031728,0.011887358,Upregulated,,
389058,ENSG00000204335,SP5,Sp5 transcription factor,80.53508361,1.822297221,0.653225443,2.789691125,0.005275835,0.037084199,Upregulated,,
439990,ENSG00000237523,LINC00857,long intergenic non-protein coding RNA 857,44.2358849,1.820142236,0.460774063,3.950183795,7.81E-05,0.001759626,Upregulated,,
4831,ENSG00000243678,NME2,NME/NM23 nucleoside diphosphate kinase 2,116.7702118,1.818111762,0.357192876,5.090000062,3.58E-07,2.51E-05,Upregulated,,
9735,ENSG00000184445,KNTC1,kinetochore associated 1,731.6342423,1.8150856,0.390755349,4.645069111,3.40E-06,0.000145912,Upregulated,,
157574,ENSG00000214050,FBXO16,F-box protein 16,46.50443036,1.814745904,0.520336545,3.487638761,0.000487306,0.006790436,Upregulated,,
10518,ENSG00000136425,CIB2,calcium and integrin binding family member 2,75.18966859,1.814591309,0.590132069,3.074890191,0.002105801,0.019541546,Upregulated,,
728175,ENSG00000180712,LINC02363,long intergenic non-protein coding RNA 2363,15.48262925,1.813600923,0.593218251,3.057223747,0.002233975,0.020441846,Upregulated,,
6508,ENSG00000114923,SLC4A3,solute carrier family 4 member 3,124.6899053,1.812610493,0.667082268,2.717221816,0.006583247,0.043296586,Upregulated,,
79774,ENSG00000139835,GRTP1,growth hormone regulated TBC protein 1,234.4048935,1.812532723,0.674865899,2.68576724,0.007236348,0.046361727,Upregulated,,
165215,ENSG00000144369,FAM171B,family with sequence similarity 171 member B,446.2780681,1.812371924,0.485071843,3.736295869,0.000186751,0.00342561,Upregulated,,
91057,ENSG00000109881,CCDC34,coiled-coil domain containing 34,118.6902657,1.807647267,0.588982231,3.069103226,0.002147024,0.019819989,Upregulated,,
1869,ENSG00000101412,E2F1,E2F transcription factor 1,235.1778472,1.806678077,0.671864315,2.689051994,0.007165526,0.04601205,Upregulated,,
55808,ENSG00000070526,ST6GALNAC1,"ST6 N-acetylgalactosaminide alpha-2,6-sialyltransferase 1",717.2322999,1.805683341,0.637588901,2.832049521,0.004625069,0.03395427,Upregulated,,
84433,ENSG00000198286,CARD11,caspase recruitment domain family member 11,685.9264068,1.804942785,0.640519123,2.81793739,0.004833323,0.034901664,Upregulated,,
100128881,ENSG00000261373,VPS9D1-AS1,VPS9D1 antisense RNA 1,46.05311787,1.801658015,0.50211675,3.588125702,0.000333064,0.005119628,Upregulated,,
41,ENSG00000110881,ASIC1,acid sensing ion channel subunit 1,69.62870121,1.801604758,0.438160387,4.111747227,3.93E-05,0.001034047,Upregulated,,
79400,ENSG00000290203,NOX5,NADPH oxidase 5,30.9440109,3.162529018,1.03217537,3.063945439,0.002184387,0.020087347,Upregulated,Yes,
8645,ENSG00000164626,KCNK5,potassium two pore domain channel subfamily K member 5,824.425943,1.799808099,0.472993732,3.805141545,0.000141723,0.002793467,Upregulated,,
84000,ENSG00000137747,TMPRSS13,transmembrane serine protease 13,344.6773787,1.798799156,0.65965898,2.726862229,0.006393973,0.04237503,Upregulated,,
10606,ENSG00000128050,PAICS,phosphoribosylaminoimidazole carboxylase and phosphoribosylaminoimidazolesuccinocarboxamide synthase,1715.703536,1.796335035,0.392788946,4.573283059,4.80E-06,0.000191564,Upregulated,,
9134,ENSG00000175305,CCNE2,cyclin E2,201.9844239,1.790418129,0.605921214,2.954869524,0.003128013,0.025926213,Upregulated,,
9297,,SNORD29,"small nucleolar RNA, C/D box 29",15.05212996,1.79026779,0.514550322,3.479286114,0.000502752,0.00694708,Upregulated,,
26011,ENSG00000149256,TENM4,teneurin transmembrane protein 4,239.9141257,1.78526316,0.566591715,3.150881159,0.001627787,0.016285262,Upregulated,,
79370,ENSG00000121380,BCL2L14,BCL2 like 14,48.27786854,1.780049143,0.631341168,2.819472627,0.004810263,0.034819749,Upregulated,,
29943,ENSG00000142623,PADI1,peptidyl arginine deiminase 1,18.47708937,4.332716662,1.066697847,4.061803139,4.87E-05,0.001211513,Upregulated,yes,
79783,ENSG00000175600,SUGCT,succinyl-CoA:glutarate-CoA transferase,45.45982681,1.779112505,0.515745609,3.449593123,0.000561432,0.007557798,Upregulated,,
283248,ENSG00000167771,RCOR2,REST corepressor 2,30.74383067,1.775169444,0.58510586,3.033928669,0.002413915,0.021511354,Upregulated,,
440044,ENSG00000197847,SLC22A20P,"solute carrier family 22 member 20, pseudogene",31.29473569,1.768453417,0.57460447,3.077688237,0.00208613,0.019420601,Upregulated,,
344787,ENSG00000197385,ZNF860,zinc finger protein 860,109.916648,1.768104328,0.641930759,2.754353648,0.005880818,0.039826076,Upregulated,,
5058,ENSG00000149269,PAK1,p21 (RAC1) activated kinase 1,1490.281457,1.21368183,0.306653781,3.957824444,7.56E-05,0.00171403,Upregulated,yes,
9603,ENSG00000050344,NFE2L3,NFE2 like bZIP transcription factor 3,1122.883251,1.763532107,0.607745812,2.901759375,0.003710734,0.029303128,Upregulated,,
80115,ENSG00000128298,BAIAP2L2,BAR/IMD domain containing adaptor protein 2 like 2,96.41886918,1.760340144,0.663573083,2.652820299,0.007982235,0.049851889,Upregulated,,
114787,ENSG00000169258,GPRIN1,G protein regulated inducer of neurite outgrowth 1,77.03143191,1.757770315,0.629621706,2.791787987,0.005241769,0.036936402,Upregulated,,
3838,ENSG00000182481,KPNA2,karyopherin subunit alpha 2,1180.142501,1.756661699,0.601611388,2.919927603,0.003501127,0.028129599,Upregulated,,
11339,ENSG00000104147,OIP5,Opa interacting protein 5,49.50291616,1.756621007,0.526428248,3.336866918,0.000847285,0.0102444,Upregulated,,
286103,ENSG00000255559,ZNF252P-AS1,ZNF252P antisense RNA 1,14.85492409,1.75567278,0.572200825,3.068280757,0.002152942,0.019856137,Upregulated,,
79915,ENSG00000176208,ATAD5,ATPase family AAA domain containing 5,281.429772,1.755449053,0.470790395,3.728727418,0.000192449,0.003494574,Upregulated,,
114822,ENSG00000158106,RHPN1,rhophilin Rho GTPase binding protein 1,630.7759719,1.75253085,0.46911622,3.735813807,0.000187109,0.003429007,Upregulated,,
146857,ENSG00000154760,SLFN13,schlafen family member 13,1295.730887,1.751224513,0.519485962,3.371071872,0.000748763,0.00937917,Upregulated,,
200197,ENSG00000175147,TMEM51-AS1,TMEM51 antisense RNA 1,45.41113307,1.746724298,0.356774825,4.895873176,9.79E-07,5.50E-05,Upregulated,,
284083,,,,8.464289678,1.742850609,0.646694401,2.695014224,0.007038563,0.04536279,Upregulated,,
10293,ENSG00000183763,TRAIP,TRAF interacting protein,69.93652744,1.742567644,0.579906681,3.004910447,0.002656591,0.023037785,Upregulated,,
100310846,ENSG00000157999,ANKRD61,ankyrin repeat domain 61,44.76668228,1.741850733,0.512091618,3.401443555,0.00067031,0.008664322,Upregulated,,
255631,ENSG00000171502,COL24A1,collagen type XXIV alpha 1 chain,99.19198529,1.733952676,0.434668393,3.989139086,6.63E-05,0.001550626,Upregulated,,
246181,ENSG00000211454,AKR7L,aldo-keto reductase family 7 like (gene/pseudogene),25.14384624,1.732163367,0.576734996,3.00339563,0.002669851,0.023087866,Upregulated,,
100506551,ENSG00000257279,LOC100506551,uncharacterized LOC100506551,7.335118399,1.730991161,0.614072195,2.818872398,0.004819267,0.034838224,Upregulated,,
92797,ENSG00000127311,HELB,DNA helicase B,148.7399183,1.730531827,0.519331053,3.332232526,0.000861522,0.010365976,Upregulated,,
27094,ENSG00000171121,KCNMB3,potassium calcium-activated channel subfamily M regulatory beta subunit 3,104.9578369,1.729447902,0.358198429,4.828183935,1.38E-06,7.13E-05,Upregulated,,
64946,ENSG00000153044,CENPH,centromere protein H,111.9099462,1.726351324,0.551503733,3.130262263,0.001746503,0.017093489,Upregulated,,
1468,ENSG00000183048,SLC25A10,solute carrier family 25 member 10,261.5862971,1.720730717,0.486069026,3.540095384,0.000399982,0.005875001,Upregulated,,
399815,ENSG00000255624,C10orf88B,C10orf88B (pseudogene),17.01201594,1.717009793,0.645664334,2.659291684,0.007830514,0.049120929,Upregulated,,
10799,ENSG00000124787,RPP40,ribonuclease P/MRP subunit p40,91.46873893,1.714522408,0.363275478,4.719620542,2.36E-06,0.000109705,Upregulated,,
645121,ENSG00000205089,CCNI2,cyclin I family member 2,46.20439525,1.713298627,0.571220086,2.999366917,0.002705413,0.023303923,Upregulated,,
50636,ENSG00000146205,ANO7,anoctamin 7,58.64443946,1.710863962,0.503953859,3.394882153,0.000686581,0.008811795,Upregulated,,
284751,ENSG00000203999,LINC01270,long intergenic non-protein coding RNA 1270,19.66106897,1.704838218,0.38627445,4.413541253,1.02E-05,0.000346474,Upregulated,,
56924,ENSG00000137843,PAK6,p21 (RAC1) activated kinase 6,214.0669154,1.323681502,0.465191479,2.845455175,0.0044348,0.033097441,Upregulated,yes,
26806,,SNORD44,"small nucleolar RNA, C/D box 44",40.03780942,1.698562791,0.590863842,2.874711011,0.004043974,0.031009341,Upregulated,,
55353,ENSG00000104341,LAPTM4B,lysosomal protein transmembrane 4 beta,3764.833408,1.698103561,0.394971981,4.299301324,1.71E-05,0.00053419,Upregulated,,
100500873,ENSG00000266509,MIR3934,microRNA 3934,16.05745656,1.695213025,0.425974072,3.979615516,6.90E-05,0.00159526,Upregulated,,
160365,ENSG00000184293,CLECL1P,"C-type lectin like 1, pseudogene",44.82199063,1.688874359,0.414539313,4.074099388,4.62E-05,0.001163858,Upregulated,,
338440,ENSG00000185101,ANO9,anoctamin 9,626.6186332,1.687714826,0.396750149,4.253847998,2.10E-05,0.000630352,Upregulated,,
100170229,ENSG00000226763,SRRM5,serine/arginine repetitive matrix 5,35.1992957,1.685578878,0.453347953,3.718068794,0.000200752,0.003586219,Upregulated,,
619505,ENSG00000199293,SNORA21,"small nucleolar RNA, H/ACA box 21",8.964440602,1.683154819,0.569685783,2.954531898,0.003131438,0.025926213,Upregulated,,
11169,ENSG00000198554,WDHD1,WD repeat and HMG-box DNA binding protein 1,251.2330186,1.68198833,0.51188911,3.285845115,0.001016769,0.011762843,Upregulated,,
641,ENSG00000197299,BLM,BLM RecQ like helicase,149.0089358,1.681443946,0.457488938,3.675376179,0.000237499,0.004042379,Upregulated,,
726,ENSG00000149260,CAPN5,calpain 5,552.6880028,1.67699376,0.440537984,3.806695047,0.000140836,0.002789852,Upregulated,,
65243,ENSG00000187801,ZFP69B,ZFP69 zinc finger protein B,46.15676501,1.675968995,0.41281502,4.059854688,4.91E-05,0.001220136,Upregulated,,
10371,ENSG00000075213,SEMA3A,semaphorin 3A,369.2514109,1.675471997,0.576674524,2.905403183,0.003667803,0.029068292,Upregulated,,
26770,,SNORD79,"small nucleolar RNA, C/D box 79",29.35044681,1.675171874,0.454967603,3.681958592,0.000231449,0.003970071,Upregulated,,
245973,ENSG00000143882,ATP6V1C2,ATPase H+ transporting V1 subunit C2,108.5606394,1.667764925,0.545741961,3.055958755,0.002243421,0.02048103,Upregulated,,
2237,ENSG00000168496,FEN1,flap structure-specific endonuclease 1,363.4642133,1.666857994,0.489840516,3.40285856,0.000666848,0.008625523,Upregulated,,
1789,ENSG00000088305,DNMT3B,DNA methyltransferase 3 beta,137.3735071,1.665757041,0.575883444,2.892524622,0.003821592,0.029869276,Upregulated,,
3875,ENSG00000111057,KRT18,keratin 18,5603.464654,1.665680708,0.626546877,2.658509315,0.007848718,0.049219554,Upregulated,,
9300,ENSG00000274544,SNORD28,"small nucleolar RNA, C/D box 28",23.65064719,1.664812651,0.450968639,3.691637305,0.000222815,0.003868826,Upregulated,,
11015,ENSG00000100196,KDELR3,KDEL endoplasmic reticulum protein retention receptor 3,489.5685651,1.661572681,0.333348295,4.984494315,6.21E-07,3.80E-05,Upregulated,,
51361,ENSG00000134709,HOOK1,hook microtubule tethering protein 1,873.6778369,1.658427678,0.614942922,2.696880668,0.006999235,0.04519304,Upregulated,,
1104,ENSG00000180198,RCC1,regulator of chromosome condensation 1,754.9441977,1.656242602,0.373995197,4.428513029,9.49E-06,0.000330083,Upregulated,,
91862,ENSG00000140832,MARVELD3,MARVEL domain containing 3,237.5830139,1.655983652,0.617828486,2.680329071,0.007354982,0.046913491,Upregulated,,
105370548,,,,13.91091406,1.65475608,0.425653229,3.887568483,0.000101253,0.00214963,Upregulated,,
8914,ENSG00000111602,TIMELESS,timeless circadian regulator,654.156065,1.653193404,0.356956688,4.631355741,3.63E-06,0.000152891,Upregulated,,
5832,ENSG00000059573,ALDH18A1,aldehyde dehydrogenase 18 family member A1,1312.033017,1.653158138,0.297071849,5.564842803,2.62E-08,3.00E-06,Upregulated,,
5079,ENSG00000196092,PAX5,paired box 5,100.0744359,2.843340425,1.057271679,2.689318631,0.007159804,0.045990203,Upregulated,yes,Oncogene
84848,,MIR503HG,MIR503 host gene,22.29561072,1.6494467,0.500731502,3.294074156,0.000987464,0.011490864,Upregulated,,
9302,ENSG00000276788,SNORD26,"small nucleolar RNA, C/D box 26",13.71430931,1.645421659,0.531515594,3.095716623,0.001963379,0.018574352,Upregulated,,
51427,ENSG00000196247,ZNF107,zinc finger protein 107,581.831055,1.640858483,0.431177892,3.805525549,0.000141503,0.002791911,Upregulated,,
26795,ENSG00000238650,SNORD54,"small nucleolar RNA, C/D box 54",24.32310285,1.636561426,0.353384036,4.631113062,3.64E-06,0.000152891,Upregulated,,
5984,ENSG00000163918,RFC4,replication factor C subunit 4,306.478686,1.635356449,0.550232838,2.972117143,0.002957538,0.024899676,Upregulated,,
10276,ENSG00000173848,NET1,neuroepithelial cell transforming 1,2846.024316,1.635255934,0.501432248,3.261170256,0.001109534,0.012514761,Upregulated,,
9301,ENSG00000275996,SNORD27,"small nucleolar RNA, C/D box 27",11.79306689,1.634332386,0.514625324,3.1757714,0.001494387,0.015445819,Upregulated,,
4796,ENSG00000160949,TONSL,"tonsoku like, DNA repair protein",283.1051002,1.632109017,0.419679033,3.888945807,0.000100681,0.002148973,Upregulated,,
55103,ENSG00000116191,RALGPS2,Ral GEF with PH domain and SH3 binding motif 2,926.1492863,1.626822112,0.496438994,3.276982935,0.001049227,0.012046974,Upregulated,,
2923,ENSG00000167004,PDIA3,protein disulfide isomerase family A member 3,10829.8612,1.236082312,0.360149115,3.43214036,0.000598838,0.007921514,Upregulated,yes,
5017,ENSG00000172818,OVOL1,ovo like transcriptional repressor 1,29.29029981,1.622651701,0.536109291,3.026718114,0.002472244,0.021855606,Upregulated,,
51703,ENSG00000197142,ACSL5,acyl-CoA synthetase long chain family member 5,4095.230387,1.620434366,0.479258166,3.381130426,0.000721883,0.009140621,Upregulated,,
121227,ENSG00000139263,LRIG3,leucine rich repeats and immunoglobulin like domains 3,1794.595493,1.618444334,0.577073086,2.804574278,0.005038308,0.035918617,Upregulated,,
79778,ENSG00000164877,MICALL2,MICAL like 2,1413.27982,1.614136693,0.400399442,4.031316035,5.55E-05,0.001341248,Upregulated,,
54733,ENSG00000110660,SLC35F2,solute carrier family 35 member F2,606.8532014,1.614058736,0.383716513,4.20638331,2.59E-05,0.000750062,Upregulated,,
80034,ENSG00000178662,CSRNP3,cysteine and serine rich nuclear protein 3,146.7792645,1.613889223,0.557264883,2.896089945,0.003778441,0.029658746,Upregulated,,
80336,ENSG00000101104,PABPC1L,poly(A) binding protein cytoplasmic 1 like,774.3796726,1.613492207,0.49803907,3.239690026,0.001196597,0.013144146,Upregulated,,
25837,ENSG00000167964,RAB26,"RAB26, member RAS oncogene family",27.58648169,1.609867412,0.483478836,3.329757772,0.000869216,0.010439538,Upregulated,,
100996273,,,,61.27525736,1.609457316,0.389464704,4.132485695,3.59E-05,0.000964208,Upregulated,,
677810,ENSG00000212588,SNORA26,"small nucleolar RNA, H/ACA box 26",13.69827393,1.609280842,0.407284738,3.951242683,7.77E-05,0.00175385,Upregulated,,
675,ENSG00000139618,BRCA2,BRCA2 DNA repair associated,212.5734727,1.608218266,0.428496657,3.753164088,0.000174616,0.00326033,Upregulated,,
7188,ENSG00000082512,TRAF5,TNF receptor associated factor 5,1238.697114,1.605232217,0.303849194,5.282989879,1.27E-07,1.10E-05,Upregulated,,
9220,,,,30.10099087,1.603832963,0.494176259,3.24546745,0.00117258,0.012996692,Upregulated,,
9088,ENSG00000127564,PKMYT1,"protein kinase, membrane associated tyrosine/threonine 1",89.6170813,3.136850647,0.821885714,3.816650653,0.000135275,0.002701287,Upregulated,yes,
6715,ENSG00000145545,SRD5A1,steroid 5 alpha-reductase 1,319.1985956,1.603344437,0.528401787,3.034328189,0.00241072,0.021503451,Upregulated,,
2196,ENSG00000086570,FAT2,FAT atypical cadherin 2,104.0881617,1.601751169,0.538458045,2.974700043,0.002932752,0.024756719,Upregulated,,
100506994,ENSG00000241472,PTPRG-AS1,PTPRG antisense RNA 1,26.50309802,1.60098703,0.553794554,2.890940366,0.00384091,0.029984805,Upregulated,,
6659,ENSG00000124766,SOX4,SRY-box transcription factor 4,2724.24642,1.600525317,0.593961592,2.694661302,0.007046021,0.045391669,Upregulated,,
3619,ENSG00000149503,INCENP,inner centromere protein,472.3044409,1.593633126,0.505359918,3.153461662,0.001613464,0.016204961,Upregulated,,
27034,ENSG00000151498,ACAD8,acyl-CoA dehydrogenase family member 8,1335.992181,1.588854875,0.52119142,3.048505435,0.002299828,0.020861519,Upregulated,,
153770,ENSG00000173261,PLAC8L1,PLAC8 like 1,11.26885339,1.583270771,0.51670659,3.064158267,0.002182834,0.020087347,Upregulated,,
89944,ENSG00000149328,GLB1L2,galactosidase beta 1 like 2,385.0695548,1.580079731,0.575422482,2.745947163,0.006033648,0.040542598,Upregulated,,
100506696,ENSG00000228288,PCAT6,prostate cancer associated transcript 6,19.97973841,1.577372323,0.432258712,3.649139463,0.00026312,0.004319049,Upregulated,,
100302240,ENSG00000284458,MIR1304,microRNA 1304,26.60774925,1.577290307,0.368640283,4.278670513,1.88E-05,0.000578001,Upregulated,,
375444,ENSG00000172244,C5orf34,chromosome 5 open reading frame 34,74.70918215,1.576531992,0.447467783,3.523230166,0.000426321,0.006170451,Upregulated,,
26775,ENSG00000207067,SNORA72,"small nucleolar RNA, H/ACA box 72",34.74000224,1.576310821,0.35145589,4.485088647,7.29E-06,0.000267339,Upregulated,,
481,ENSG00000143153,ATP1B1,ATPase Na+/K+ transporting subunit beta 1,5219.681091,1.574615774,0.508457349,3.09684928,0.001955893,0.018512363,Upregulated,,
8208,ENSG00000159259,CHAF1B,chromatin assembly factor 1 subunit B,151.4252127,1.568686709,0.425362815,3.687879274,0.000226131,0.003905879,Upregulated,,
53335,ENSG00000119866,BCL11A,BCL11 transcription factor A,126.2140913,1.567052981,0.46147406,3.39575529,0.000684395,0.008800607,Upregulated,,
166824,ENSG00000169435,RASSF6,Ras association domain family member 6,322.5766332,1.566907096,0.565960997,2.768577877,0.005630153,0.038656614,Upregulated,,
7804,ENSG00000157193,LRP8,LDL receptor related protein 8,349.4122682,1.55695951,0.485442148,3.207301875,0.001339863,0.014291633,Upregulated,,
27237,ENSG00000130762,ARHGEF16,Rho guanine nucleotide exchange factor 16,425.8920326,1.556288884,0.558866052,2.784726104,0.005357296,0.037352255,Upregulated,,
619498,,SNORD74,"small nucleolar RNA, C/D box 74",16.26659887,1.549164281,0.529118691,2.927819991,0.003413476,0.027615593,Upregulated,,
100506258,ENSG00000251364,SYT9-AS1,SYT9 antisense RNA 1,78.03827321,1.547697153,0.467859156,3.308040748,0.000939511,0.011069264,Upregulated,,
80759,ENSG00000135314,KHDC1,KH domain containing 1,52.62901987,1.547606355,0.4260353,3.632577759,0.000280604,0.004534716,Upregulated,,
57214,ENSG00000103888,CEMIP,cell migration inducing hyaluronidase 1,797.5022836,1.546277835,0.550100877,2.810898692,0.004940334,0.035390853,Upregulated,,
50939,ENSG00000081148,IMPG2,interphotoreceptor matrix proteoglycan 2,24.96037095,1.543213597,0.566254646,2.725299666,0.006424315,0.042547676,Upregulated,,
677809,ENSG00000275994,SNORA24,"small nucleolar RNA, H/ACA box 24",19.08225028,1.54242752,0.443688448,3.476375209,0.000508241,0.007003408,Upregulated,,
26774,,SNORD80,"small nucleolar RNA, C/D box 80",99.02128781,1.541929535,0.436089463,3.535810113,0.000406527,0.005940324,Upregulated,,
27085,ENSG00000172167,MTBP,MDM2 binding protein,134.430951,1.539981852,0.407478044,3.779300199,0.00015727,0.003021804,Upregulated,,
100287616,ENSG00000261801,LOXL1-AS1,LOXL1 antisense RNA 1,76.03898198,1.538801444,0.464247246,3.314616207,0.00091769,0.010863809,Upregulated,,
5471,ENSG00000128059,PPAT,phosphoribosyl pyrophosphate amidotransferase,353.7825626,1.538344034,0.328757537,4.679266207,2.88E-06,0.000127416,Upregulated,,
126248,ENSG00000166359,WDR88,WD repeat domain 88,43.84043939,1.534997004,0.480342251,3.195631865,0.00139525,0.01473185,Upregulated,,
130827,ENSG00000170417,TMEM182,transmembrane protein 182,136.9875666,1.532882126,0.342058692,4.481342417,7.42E-06,0.000270371,Upregulated,,
4188,ENSG00000112559,MDFI,MyoD family inhibitor,340.2891978,1.532231035,0.42237354,3.627668143,0.000285993,0.00459558,Upregulated,,
10721,ENSG00000051341,POLQ,DNA polymerase theta,187.0515546,3.818876767,0.775910778,4.921798842,8.58E-07,4.93E-05,Upregulated,Yes,
79883,ENSG00000132000,PODNL1,podocan like 1,95.15947206,1.527998308,0.443579987,3.444696224,0.000571702,0.007638995,Upregulated,,
55089,ENSG00000139209,SLC38A4,solute carrier family 38 member 4,33.7137915,1.52721909,0.515291833,2.96379448,0.003038712,0.025466869,Upregulated,,
26472,ENSG00000173457,PPP1R14B,protein phosphatase 1 regulatory inhibitor subunit 14B,780.4255128,1.524260226,0.487348916,3.127656952,0.001762057,0.017211739,Upregulated,,
25879,ENSG00000164934,DCAF13,DDB1 and CUL4 associated factor 13,976.3730354,1.520264934,0.444018101,3.423880534,0.000617338,0.008106746,Upregulated,,
84908,ENSG00000035141,FAM136A,family with sequence similarity 136 member A,935.4206977,1.520037165,0.263195145,5.77532372,7.68E-09,1.15E-06,Upregulated,,
9303,ENSG00000275043,SNORD25,"small nucleolar RNA, C/D box 25",16.08259651,1.51995943,0.539626947,2.816685562,0.0048522,0.034948886,Upregulated,,
101927217,,LINC01473,long intergenic non-protein coding RNA 1473,12.83834382,1.51785831,0.552032043,2.749583703,0.005967102,0.040259158,Upregulated,,
116238,ENSG00000160606,TLCD1,TLC domain containing 1,134.0800952,1.517692579,0.483567105,3.138535611,0.001697943,0.016767187,Upregulated,,
10196,ENSG00000185238,PRMT3,protein arginine methyltransferase 3,387.3025967,1.063721399,0.302879011,3.512034048,0.000444691,0.006385068,Upregulated,yes,
100463486,,MTRNR2L8,MT-RNR2 like 8 (pseudogene),36.87872732,1.515456104,0.392480395,3.861227526,0.000112819,0.002342496,Upregulated,,
692085,ENSG00000206620,SNORD45C,"small nucleolar RNA, C/D box 45C",22.41441338,1.513185886,0.421037241,3.593947848,0.000325705,0.005049574,Upregulated,,
388591,ENSG00000158286,RNF207,ring finger protein 207,444.1793767,1.511955685,0.408795762,3.698560075,0.000216826,0.003791396,Upregulated,,
123722,ENSG00000186628,FSD2,fibronectin type III and SPRY domain containing 2,55.12009672,1.502704103,0.454437302,3.306735814,0.000943899,0.011113318,Upregulated,,
150590,ENSG00000273045,C2orf15,chromosome 2 open reading frame 15,68.18026202,1.501382099,0.486864454,3.083778423,0.002043898,0.019135243,Upregulated,,
28969,ENSG00000136261,BZW2,basic leucine zipper and W2 domains 2,1243.302947,1.497194283,0.42610505,3.513674116,0.000441955,0.006358639,Upregulated,,
6732,ENSG00000096063,SRPK1,SRSF protein kinase 1,1658.174949,1.495984658,0.369792153,4.045474315,5.22E-05,0.001282941,Upregulated,,
6819,ENSG00000198203,SULT1C2,sulfotransferase family 1C member 2,575.6966857,1.492756948,0.479083764,3.115857934,0.001834106,0.017671764,Upregulated,,
221914,ENSG00000213420,GPC2,glypican 2,32.61548396,1.490059445,0.559428976,2.663536406,0.007732404,0.048690329,Upregulated,,
348654,ENSG00000178295,GEN1,GEN1 Holliday junction 5' flap endonuclease,447.9144683,1.488185618,0.320328941,4.645804442,3.39E-06,0.000145708,Upregulated,,
113763,,ZBED10P,"zinc finger BED-type containing 10, pseudogene",273.6905076,1.487533077,0.521959674,2.849900387,0.004373292,0.03281004,Upregulated,,
51809,ENSG00000109586,GALNT7,polypeptide N-acetylgalactosaminyltransferase 7,1307.396225,1.485177289,0.31337631,4.739277488,2.14E-06,0.000101745,Upregulated,,
147686,ENSG00000196724,ZNF418,zinc finger protein 418,202.3304056,1.483056755,0.452093051,3.280423689,0.001036513,0.011921703,Upregulated,,
80731,ENSG00000144229,THSD7B,thrombospondin type 1 domain containing 7B,35.1266324,1.479882814,0.553217486,2.675047069,0.007471876,0.047492343,Upregulated,,
80775,ENSG00000144120,TMEM177,transmembrane protein 177,100.3831746,1.479056776,0.309219846,4.783188392,1.73E-06,8.63E-05,Upregulated,,
677792,ENSG00000206834,SNORA1,"small nucleolar RNA, H/ACA box 1",25.67926445,1.478368568,0.423446734,3.491273985,0.000480723,0.00672667,Upregulated,,
102725509,,LINC01232,long intergenic non-protein coding RNA 1232,32.71201397,1.475601079,0.370422387,3.983563439,6.79E-05,0.001576325,Upregulated,,
401145,ENSG00000184305,CCSER1,coiled-coil serine rich protein 1,97.02389091,1.474820361,0.489772342,3.011236515,0.002601861,0.022717879,Upregulated,,
51678,ENSG00000105926,PALS2,"protein associated with LIN7 2, MAGUK p55 family member",410.0062663,1.471932646,0.500038423,2.943639086,0.00324378,0.026600877,Upregulated,,
2177,ENSG00000144554,FANCD2,FA complementation group D2,342.3983556,1.469253348,0.472965387,3.106471189,0.001893348,0.018058292,Upregulated,,
84904,ENSG00000137135,ARHGEF39,Rho guanine nucleotide exchange factor 39,111.3982379,1.465126082,0.414123084,3.537900057,0.000403323,0.005902203,Upregulated,,
349667,ENSG00000186907,RTN4RL2,reticulon 4 receptor like 2,117.3251552,1.464705019,0.407758024,3.592093673,0.000328032,0.005069793,Upregulated,,
3382,ENSG00000003147,ICA1,islet cell autoantigen 1,912.0074355,1.463082172,0.393351237,3.719531129,0.000199593,0.003571957,Upregulated,,
401409,ENSG00000146955,RAB19,"RAB19, member RAS oncogene family",28.98506363,1.462071683,0.494388638,2.957332696,0.003103131,0.025799574,Upregulated,,
51599,ENSG00000105699,LSR,lipolysis stimulated lipoprotein receptor,1868.507763,1.457297141,0.447248383,3.25836201,0.001120574,0.012614868,Upregulated,,
471,ENSG00000138363,ATIC,5-aminoimidazole-4-carboxamide ribonucleotide formyltransferase/IMP cyclohydrolase,1442.090025,1.457249565,0.327600192,4.448256137,8.66E-06,0.000305576,Upregulated,,
10819,ENSG00000184669,OR7E14P,olfactory receptor family 7 subfamily E member 14 pseudogene,28.92375895,1.454687079,0.429242404,3.388964055,0.000701572,0.008969357,Upregulated,,
151009,,LINC01106,long intergenic non-protein coding RNA 1106,77.01626546,1.454662302,0.46603859,3.121334445,0.001800334,0.017456641,Upregulated,,
79968,ENSG00000092470,WDR76,WD repeat domain 76,186.2740973,1.449846846,0.475280028,3.050510775,0.002284525,0.02077229,Upregulated,,
79854,,LINC00115,long intergenic non-protein coding RNA 115,27.7524622,1.449700717,0.447143154,3.242140028,0.001186357,0.013098149,Upregulated,,
101928243,,DARS1-AS1,DARS1 antisense RNA 1,15.67894378,1.447103008,0.513127509,2.820162597,0.004799932,0.034787227,Upregulated,,
162461,ENSG00000167105,TMEM92,transmembrane protein 92,141.9776363,1.445499814,0.483775832,2.987953757,0.00280852,0.0239837,Upregulated,,
9304,ENSG00000277194,SNORD22,"small nucleolar RNA, C/D box 22",42.25028686,1.438711223,0.458445501,3.138238285,0.001699666,0.016775851,Upregulated,,
81792,ENSG00000151388,ADAMTS12,ADAM metallopeptidase with thrombospondin type 1 motif 12,520.4295729,1.438103605,0.368381438,3.903843834,9.47E-05,0.002045041,Upregulated,,
283209,ENSG00000165434,PGM2L1,phosphoglucomutase 2 like 1,679.4241855,1.437628854,0.341246847,4.212870729,2.52E-05,0.000734184,Upregulated,,
85465,ENSG00000138018,SELENOI,selenoprotein I,1445.43104,1.435089562,0.371655594,3.861342558,0.000112766,0.002342496,Upregulated,,
171423,,PDIA3P1,protein disulfide isomerase family A member 3 pseudogene 1,809.8539967,1.434835969,0.345621437,4.151466939,3.30E-05,0.000911023,Upregulated,,
83955,ENSG00000228224,NACA4P,"NACA family member 4, pseudogene",36.35387044,1.430537955,0.291494133,4.907604629,9.22E-07,5.27E-05,Upregulated,,
5754,ENSG00000112655,PTK7,protein tyrosine kinase 7 (inactive),2902.628977,1.258246604,0.377022057,3.337328895,0.000845878,0.010233625,Upregulated,yes,
114904,ENSG00000133466,C1QTNF6,C1q and TNF related 6,342.1550695,1.425163057,0.40885705,3.48572455,0.000490806,0.00682961,Upregulated,,
55653,ENSG00000124243,BCAS4,breast carcinoma amplified sequence 4,111.7756451,1.424565917,0.45981019,3.098160822,0.001947257,0.018439429,Upregulated,,
692225,ENSG00000208772,SNORD94,"small nucleolar RNA, C/D box 94",19.76332518,1.424329723,0.407359173,3.496496015,0.000471412,0.006647756,Upregulated,,
442075,,EMC3-AS1,EMC3 antisense RNA 1,104.3375605,1.42309804,0.4844693,2.937436984,0.003309374,0.026993657,Upregulated,,
26802,,SNORD47,"small nucleolar RNA, C/D box 47",55.3393254,1.42288218,0.506595983,2.808711929,0.004974013,0.035593543,Upregulated,,
2151,ENSG00000164220,F2RL2,coagulation factor II thrombin receptor like 2,34.379819,1.420595496,0.507183197,2.80095142,0.005095219,0.036220148,Upregulated,,
3145,ENSG00000256269,HMBS,hydroxymethylbilane synthase,301.5541478,1.418687789,0.448163639,3.165557543,0.00154786,0.015772109,Upregulated,,
57460,ENSG00000111110,PPM1H,"protein phosphatase, Mg2+/Mn2+ dependent 1H",534.2116038,1.418158841,0.493587063,2.87316858,0.004063772,0.031112176,Upregulated,,
8458,ENSG00000116830,TTF2,transcription termination factor 2,553.7967073,1.413343445,0.447304874,3.159687108,0.001579387,0.015986552,Upregulated,,
4175,ENSG00000076003,MCM6,minichromosome maintenance complex component 6,856.5853859,1.41004056,0.403264122,3.49656834,0.000471284,0.006647756,Upregulated,,
79616,ENSG00000135083,CCNJL,cyclin J like,512.9258151,1.408797045,0.465886684,3.023904938,0.002495348,0.022001006,Upregulated,,
5888,ENSG00000051180,RAD51,RAD51 recombinase,82.94371932,2.497282315,0.633576623,3.94156322,8.10E-05,0.001807661,Upregulated,yes,
254827,ENSG00000177694,NAALADL2,N-acetylated alpha-linked acidic dipeptidase like 2,317.0257442,1.403066009,0.332730623,4.216822599,2.48E-05,0.000723565,Upregulated,,
2444,ENSG00000111816,FRK,fyn related Src family tyrosine kinase,144.3988267,1.397888535,0.516958227,2.704064779,0.006849693,0.044531991,Upregulated,,
55157,ENSG00000117593,DARS2,"aspartyl-tRNA synthetase 2, mitochondrial",696.0639061,1.397683903,0.479687112,2.913740784,0.003571263,0.028542755,Upregulated,,
10970,ENSG00000136026,CKAP4,cytoskeleton associated protein 4,2230.332612,1.39642218,0.511701547,2.728977837,0.006353097,0.042231166,Upregulated,,
57486,ENSG00000123213,NLN,neurolysin,695.3649409,1.395332468,0.361072606,3.864409659,0.000111358,0.002317022,Upregulated,,
113540,ENSG00000089505,CMTM1,CKLF like MARVEL transmembrane domain containing 1,42.42548045,1.393613597,0.512017615,2.721807914,0.006492587,0.042899535,Upregulated,,
90427,ENSG00000104081,BMF,Bcl2 modifying factor,1252.63065,1.393049124,0.52004358,2.678716126,0.007390502,0.047060457,Upregulated,,
5818,ENSG00000110400,NECTIN1,nectin cell adhesion molecule 1,588.6064238,1.391991332,0.474520824,2.933467326,0.003351989,0.027251577,Upregulated,,
5255,ENSG00000067177,PHKA1,phosphorylase kinase regulatory subunit alpha 1,365.6291684,1.391281093,0.295202705,4.71296864,2.44E-06,0.0001118,Upregulated,,
7105,ENSG00000000003,TSPAN6,tetraspanin 6,1152.662357,1.390748404,0.379883031,3.660991121,0.000251241,0.004207329,Upregulated,,
26586,ENSG00000136108,CKAP2,cytoskeleton associated protein 2,441.86442,1.390358018,0.420991153,3.302582507,0.000957989,0.011253533,Upregulated,,
54847,ENSG00000072858,SIDT1,SID1 transmembrane family member 1,487.2112522,1.389358755,0.481208431,2.887228622,0.003886517,0.030210015,Upregulated,,
348327,ENSG00000183647,ZNF530,zinc finger protein 530,123.8893326,1.38694271,0.439946706,3.152524365,0.001618653,0.016239421,Upregulated,,
30001,ENSG00000197930,ERO1A,endoplasmic reticulum oxidoreductase 1 alpha,2699.876829,1.38498264,0.426189503,3.249687359,0.001155319,0.012870129,Upregulated,,
100287722,ENSG00000226167,AP4B1-AS1,AP4B1 antisense RNA 1,51.75159755,1.378638916,0.392820846,3.509586954,0.000448803,0.006420866,Upregulated,,
5002,ENSG00000110628,SLC22A18,solute carrier family 22 member 18,67.80346203,1.378130406,0.512100546,2.691132467,0.007120991,0.045800239,Upregulated,,
283104,ENSG00000246273,SBF2-AS1,SBF2 antisense RNA 1,103.110199,1.376980165,0.357241129,3.85448386,0.000115974,0.002388506,Upregulated,,
84793,ENSG00000237424,FOXD2-AS1,FOXD2 adjacent opposite strand RNA 1,60.29215196,1.373212487,0.380333514,3.610548203,0.000305551,0.004835404,Upregulated,,
84070,ENSG00000135436,FAM186B,family with sequence similarity 186 member B,26.25063326,1.367228022,0.41207528,3.317908372,0.000906942,0.01077517,Upregulated,,
9500,ENSG00000179222,MAGED1,MAGE family member D1,2935.87891,1.366012095,0.204394809,6.683203477,2.34E-11,8.41E-09,Upregulated,,
26575,ENSG00000091844,RGS17,regulator of G protein signaling 17,65.69162932,4.161407383,0.759354873,5.480187893,4.25E-08,4.46E-06,Upregulated,yes,
150726,ENSG00000163013,FBXO41,F-box protein 41,373.7797755,1.364177851,0.293162182,4.653321391,3.27E-06,0.000141723,Upregulated,,
57473,ENSG00000196700,ZNF512B,zinc finger protein 512B,763.541899,1.364162501,0.375256005,3.635284938,0.000277674,0.004502035,Upregulated,,
25894,ENSG00000196155,PLEKHG4,pleckstrin homology and RhoGEF domain containing G4,586.6640642,1.363131977,0.426410579,3.196759283,0.001389809,0.014693134,Upregulated,,
10984,ENSG00000269821,KCNQ1OT1,KCNQ1 opposite strand/antisense transcript 1,409.9054698,1.360981065,0.340845874,3.992951562,6.53E-05,0.001529503,Upregulated,,
55876,ENSG00000073605,GSDMB,gasdermin B,584.8570729,1.355973444,0.382129647,3.548464385,0.000387484,0.005729626,Upregulated,,
1163,ENSG00000173207,CKS1B,CDC28 protein kinase regulatory subunit 1B,333.0125545,1.355435993,0.486971722,2.783397748,0.005379282,0.037439724,Upregulated,,
444,ENSG00000198363,ASPH,aspartate beta-hydroxylase,6982.697271,1.354313087,0.481261544,2.814089561,0.00489156,0.035168506,Upregulated,,
102288414,ENSG00000278615,C11orf98,chromosome 11 open reading frame 98,13.09079493,1.350695262,0.426286211,3.168517366,0.001532186,0.015693035,Upregulated,,
677822,ENSG00000210825,SNORA40,"small nucleolar RNA, H/ACA box 40",86.3343534,1.348366559,0.290890727,4.635302657,3.56E-06,0.000151012,Upregulated,,
84798,ENSG00000167747,C19orf48P,multidrug resistance-related protein,460.2212192,1.347905132,0.483915316,2.785415317,0.00534592,0.037299174,Upregulated,,
6382,ENSG00000115884,SDC1,syndecan 1,6293.205663,1.406287161,0.384945986,3.653206457,0.000258986,0.004285507,Upregulated,yes,
2673,ENSG00000198380,GFPT1,glutamine--fructose-6-phosphate transaminase 1,3336.513265,1.34374808,0.297032071,4.523915798,6.07E-06,0.000228847,Upregulated,,
5738,ENSG00000134247,PTGFRN,prostaglandin F2 receptor inhibitor,1740.524205,1.342895369,0.432390511,3.105746626,0.001897993,0.018093893,Upregulated,,
119559,ENSG00000183605,SFXN4,sideroflexin 4,480.4664447,1.34148829,0.328586408,4.082604322,4.45E-05,0.001132129,Upregulated,,
2762,ENSG00000112699,GMDS,"GDP-mannose 4,6-dehydratase",335.9850076,1.333817611,0.230072913,5.79736917,6.74E-09,1.07E-06,Upregulated,,
5163,ENSG00000152256,PDK1,pyruvate dehydrogenase kinase 1,602.5919991,1.330127992,0.402265101,3.306595545,0.000944371,0.011113318,Upregulated,,
677838,ENSG00000278274,SNORA61,"small nucleolar RNA, H/ACA box 61",73.26175772,1.328149217,0.333329022,3.98449919,6.76E-05,0.001571968,Upregulated,,
871,ENSG00000149257,SERPINH1,serpin family H member 1,3836.538873,1.364756294,0.420697359,3.244033427,0.001178499,0.013025897,Upregulated,yes,
51205,ENSG00000162836,ACP6,"acid phosphatase 6, lysophosphatidic",356.7545306,1.316933002,0.393066753,3.350405482,0.000806933,0.009901413,Upregulated,,
84777,,DLGAP1-AS2,DLGAP1 antisense RNA 2,50.13282563,1.314003399,0.453774862,2.895716595,0.003782939,0.029658746,Upregulated,,
6596,ENSG00000071794,HLTF,helicase like transcription factor,1192.567167,1.313359986,0.454608523,2.88899112,0.0038648,0.030097623,Upregulated,,
27242,ENSG00000146072,TNFRSF21,TNF receptor superfamily member 21,1953.918033,1.30527013,0.368783115,3.539397755,0.000401041,0.00588106,Upregulated,,
23480,ENSG00000132432,SEC61G,SEC61 translocon subunit gamma,952.3229301,1.304738957,0.392165351,3.32701233,0.000877825,0.010523815,Upregulated,,
51114,ENSG00000188706,ZDHHC9,zinc finger DHHC-type palmitoyltransferase 9,2560.690224,1.303296728,0.44805647,2.908777832,0.003628446,0.028825504,Upregulated,,
51373,ENSG00000239789,MRPS17,mitochondrial ribosomal protein S17,231.3405577,1.302846163,0.405421884,3.213556583,0.00131102,0.014021687,Upregulated,,
128272,ENSG00000142632,ARHGEF19,Rho guanine nucleotide exchange factor 19,532.2000008,1.298345736,0.387277752,3.352492441,0.000800874,0.009857564,Upregulated,,
102465454,ENSG00000284152,MIR6758,microRNA 6758,9.946097548,1.297934831,0.456015957,2.846248715,0.004423763,0.033064,Upregulated,,
2530,ENSG00000033170,FUT8,fucosyltransferase 8,946.1933745,1.296469055,0.371363911,3.491101362,0.000481034,0.00672667,Upregulated,,
1945,ENSG00000243364,EFNA4,ephrin A4,112.2150969,1.295922484,0.283813314,4.566108851,4.97E-06,0.000196983,Upregulated,,
100101490,ENSG00000101898,MCTS2,MCTS family member 2,63.45326153,1.295545855,0.314069032,4.125035336,3.71E-05,0.000989256,Upregulated,,
25902,ENSG00000120254,MTHFD1L,methylenetetrahydrofolate dehydrogenase (NADP+ dependent) 1 like,691.8760449,1.294894188,0.401369205,3.226192173,0.001254491,0.013556022,Upregulated,,
2617,ENSG00000106105,GARS1,glycyl-tRNA synthetase 1,2083.181138,1.293535094,0.479851115,2.695700924,0.00702407,0.045309137,Upregulated,,
10525,ENSG00000149428,HYOU1,hypoxia up-regulated 1,3990.043568,1.291877333,0.398035346,3.245634704,0.001171891,0.012996692,Upregulated,,
150759,,LINC00342,long intergenic non-protein coding RNA 342,333.1675069,1.288438089,0.462178093,2.787752404,0.005307509,0.037215215,Upregulated,,
200765,ENSG00000221944,TIGD1,tigger transposable element derived 1,142.7254257,1.287816982,0.442118816,2.912830072,0.003581694,0.028562217,Upregulated,,
7873,ENSG00000145050,MANF,mesencephalic astrocyte derived neurotrophic factor,1115.171571,1.28705962,0.471817913,2.727873581,0.006374403,0.042301888,Upregulated,,
23607,ENSG00000198087,CD2AP,CD2 associated protein,3069.750174,1.279997357,0.378981122,3.377469968,0.000731559,0.009227794,Upregulated,,
6173,ENSG00000241343,RPL36A,ribosomal protein L36a,197.6339541,1.279924107,0.39102214,3.273277845,0.001063079,0.012142741,Upregulated,,
790,ENSG00000084774,CAD,"carbamoyl-phosphate synthetase 2, aspartate transcarbamylase, and dihydroorotase",1279.050732,1.277700522,0.172307415,7.415238162,1.21E-13,8.02E-11,Upregulated,,
101927018,ENSG00000265845,LOC101927018,uncharacterized LOC101927018,14.67958478,1.275505637,0.443046656,2.878942026,0.003990117,0.030762063,Upregulated,,
219731,ENSG00000225778,PROSER2-AS1,PROSER2 antisense RNA 1,14.02796003,1.27515463,0.427776127,2.980892459,0.002874097,0.024390171,Upregulated,,
102724009,ENSG00000227495,KIF1C-AS1,KIF1C antisense RNA 1,17.9257397,1.273292487,0.410718152,3.100161219,0.001934153,0.018350395,Upregulated,,
644068,,RPS14P3,ribosomal protein S14 pseudogene 3,28.19107704,1.272484942,0.323629561,3.931918145,8.43E-05,0.001860807,Upregulated,,
474338,,SUMO1P3,SUMO1 pseudogene 3,11.21192095,1.271080538,0.447237267,2.842072056,0.004482136,0.033311947,Upregulated,,
84524,ENSG00000144161,ZC3H8,zinc finger CCCH-type containing 8,184.4011656,1.269012126,0.385727383,3.289919728,0.00100216,0.011634518,Upregulated,,
57464,ENSG00000128578,STRIP2,striatin interacting protein 2,120.1270238,1.268220549,0.463452216,2.736464526,0.006210329,0.041490773,Upregulated,,
100506516,ENSG00000281404,LINC01176,long intergenic non-protein coding RNA 1176,66.49434334,1.267413166,0.38757896,3.270077318,0.001075181,0.012245699,Upregulated,,
389641,ENSG00000246582,TNFRSF10A-DT,TNFRSF10A divergent transcript,79.89848682,1.265218734,0.320836534,3.943499566,8.03E-05,0.001795142,Upregulated,,
92558,ENSG00000135127,BICDL1,BICD family like cargo adaptor 1,265.2964079,1.264778773,0.346929153,3.645639928,0.000266727,0.004363807,Upregulated,,
9315,ENSG00000134986,NREP,neuronal regeneration related protein,975.6807235,1.262295923,0.40050967,3.151723958,0.001623096,0.016254736,Upregulated,,
10110,ENSG00000101049,SGK2,serum/glucocorticoid regulated kinase 2,116.1546942,2.998378465,0.821610033,3.649393683,0.00026286,0.004318352,Upregulated,yes,
57181,ENSG00000196950,SLC39A10,solute carrier family 39 member 10,1289.848321,1.258240107,0.447063081,2.814457648,0.004885962,0.035140998,Upregulated,,
54517,ENSG00000091127,PUS7,pseudouridine synthase 7,507.6915191,1.256263699,0.249658056,5.031937356,4.86E-07,3.18E-05,Upregulated,,
653308,ENSG00000204147,ASAH2B,N-acylsphingosine amidohydrolase 2B,95.04648561,1.254935456,0.406221609,3.089287791,0.00200637,0.018908371,Upregulated,,
51645,ENSG00000137168,PPIL1,peptidylprolyl isomerase like 1,500.4490393,1.253718785,0.293709329,4.268569843,1.97E-05,0.000600148,Upregulated,,
135295,ENSG00000154548,SRSF12,serine and arginine rich splicing factor 12,26.17328821,1.246952328,0.395417026,3.153511975,0.001613186,0.016204961,Upregulated,,
440423,,SUZ12P1,SUZ12 pseudogene 1,222.7313441,1.245836639,0.268357572,4.642450106,3.44E-06,0.000147381,Upregulated,,
5723,ENSG00000146733,PSPH,phosphoserine phosphatase,271.0156469,1.245442544,0.404473095,3.07917278,0.002075763,0.019351338,Upregulated,,
200916,ENSG00000163584,RPL22L1,ribosomal protein L22 like 1,442.4408896,1.241301743,0.329840433,3.763340146,0.000167659,0.003163186,Upregulated,,
113174,ENSG00000166788,SAAL1,serum amyloid A like 1,280.9216277,1.240565544,0.391092809,3.172048975,0.001513675,0.015543582,Upregulated,,
6768,ENSG00000149418,ST14,ST14 transmembrane serine protease matriptase,2818.164214,1.531603879,0.489145837,3.131180447,0.001741051,0.017070032,Upregulated,Yes,
84300,ENSG00000137288,UQCC2,ubiquinol-cytochrome c reductase complex assembly factor 2,351.8823936,1.234328729,0.21208612,5.81994112,5.89E-09,9.57E-07,Upregulated,,
1503,ENSG00000171793,CTPS1,CTP synthase 1,676.9326683,1.234283459,0.368891272,3.345927522,0.000820078,0.010013136,Upregulated,,
400986,ENSG00000174501,ANKRD36C,ankyrin repeat domain 36C,147.0037623,1.234206133,0.446092633,2.766703692,0.00566262,0.038776658,Upregulated,,
23642,ENSG00000255717,SNHG1,small nucleolar RNA host gene 1,938.2527178,1.234158712,0.353180804,3.494410505,0.00047511,0.006662626,Upregulated,,
84262,ENSG00000157778,PSMG3,proteasome assembly chaperone 3,328.6252548,1.233090893,0.357146669,3.452617652,0.000555175,0.007504139,Upregulated,,
93081,ENSG00000151287,TEX30,testis expressed 30,156.2640639,1.232240301,0.441037305,2.793959345,0.005206702,0.036793907,Upregulated,,
55345,ENSG00000138658,ZGRF1,zinc finger GRF-type containing 1,173.074421,1.232177068,0.419856337,2.934758771,0.003338071,0.027168697,Upregulated,,
84306,ENSG00000126249,PDCD2L,programmed cell death 2 like,124.1372934,1.229664316,0.344798156,3.566330892,0.000362014,0.005441419,Upregulated,,
337875,ENSG00000291123,H2BP1,H2B histone pseudogene 1,23.05141168,1.227092854,0.388992006,3.154545172,0.001607485,0.016185551,Upregulated,,
11022,ENSG00000182134,TDRKH,tudor and KH domain containing,395.1686484,1.226597097,0.444124811,2.761829711,0.005747845,0.039179792,Upregulated,,
192683,ENSG00000198794,SCAMP5,secretory carrier membrane protein 5,296.6356123,1.22493872,0.448954806,2.728423225,0.00636379,0.042288068,Upregulated,,
102659353,ENSG00000280634,THRIL,TNF and HNRNPL related immunoregulatory long non-coding RNA,150.095856,1.222908023,0.432900919,2.824914363,0.004729325,0.034413869,Upregulated,,
348378,ENSG00000182183,SHISAL2A,shisa like 2A,26.5344998,1.2227586,0.432190162,2.829214333,0.004666244,0.034117606,Upregulated,,
84224,ENSG00000142794,NBPF3,NBPF member 3,275.2223415,1.219542031,0.319590935,3.815946875,0.000135662,0.002706273,Upregulated,,
27039,ENSG00000078795,PKD2L2,"polycystin 2 like 2, transient receptor potential cation channel",17.08483801,1.218571973,0.408277869,2.984663305,0.002838906,0.024170318,Upregulated,,
57510,ENSG00000124571,XPO5,exportin 5,1280.873851,1.217811483,0.197842344,6.155464298,7.49E-10,1.69E-07,Upregulated,,
100996511,,LINC01355,long intergenic non-protein coding RNA 1355,317.4394421,1.215671841,0.422600942,2.876642522,0.004019306,0.030902996,Upregulated,,
56952,ENSG00000099256,PRTFDC1,phosphoribosyl transferase domain containing 1,231.6117086,1.214146085,0.394178054,3.080197069,0.002068637,0.019303058,Upregulated,,
26872,ENSG00000164647,STEAP1,STEAP family member 1,575.5745531,2.458171308,0.704219383,3.490632845,0.000481878,0.006733727,Upregulated,yes,
23321,ENSG00000109654,TRIM2,tripartite motif containing 2,2076.657131,1.213396469,0.387146592,3.134204185,0.001723209,0.016940759,Upregulated,,
9618,ENSG00000076604,TRAF4,TNF receptor associated factor 4,1387.951768,1.212696617,0.33064592,3.667659401,0.000244781,0.004116846,Upregulated,,
85474,ENSG00000179528,LBX2,ladybird homeobox 2,17.22253421,1.210826953,0.455530833,2.65805707,0.007859258,0.04927007,Upregulated,,
83694,ENSG00000198208,RPS6KL1,ribosomal protein S6 kinase like 1,101.7076062,1.208406671,0.359235081,3.363832588,0.000768682,0.009562225,Upregulated,,
386627,ENSG00000245275,SAP30L-AS1,SAP30L antisense RNA 1 (head to head),110.1876547,1.208140522,0.432671325,2.792282392,0.005233766,0.036906238,Upregulated,,
113457,ENSG00000075886,TUBA3D,tubulin alpha 3d,16.61017864,1.207089095,0.447571628,2.696974115,0.006997271,0.04519304,Upregulated,,
55759,ENSG00000138442,WDR12,WD repeat domain 12,439.5813737,1.206836698,0.240265386,5.022932019,5.09E-07,3.29E-05,Upregulated,,
6139,ENSG00000265681,RPL17,ribosomal protein L17,261.6289669,1.206537592,0.353822754,3.410005651,0.000649615,0.008433727,Upregulated,,
729375,ENSG00000291081,FAM86HP,"family with sequence similarity 86, member A pseudogene",63.64476037,1.205923537,0.369679697,3.262076732,0.001105992,0.012496134,Upregulated,,
101927260,,,,68.15381683,1.205891747,0.396431177,3.041869099,0.002351141,0.021152803,Upregulated,,
11232,ENSG00000256525,POLG2,"DNA polymerase gamma 2, accessory subunit",347.8558858,1.20512234,0.240524284,5.010397796,5.43E-07,3.47E-05,Upregulated,,
5203,ENSG00000101132,PFDN4,prefoldin subunit 4,301.9608781,1.202038008,0.338326934,3.552888902,0.000381025,0.005663682,Upregulated,,
6472,ENSG00000182199,SHMT2,serine hydroxymethyltransferase 2,1187.07288,1.199467131,0.398165589,3.01248316,0.002591198,0.022644719,Upregulated,,
84102,ENSG00000136052,SLC41A2,solute carrier family 41 member 2,549.3345861,1.1992705,0.349499781,3.431391281,0.000600494,0.007932839,Upregulated,,
692063,ENSG00000206799,SNORA32,"small nucleolar RNA, H/ACA box 32",69.52220801,1.198716343,0.381161527,3.144903818,0.001661414,0.016505104,Upregulated,,
10166,ENSG00000102743,SLC25A15,solute carrier family 25 member 15,227.1868534,1.196989869,0.309434132,3.86831879,0.000109588,0.002284992,Upregulated,,
908,ENSG00000146731,CCT6A,chaperonin containing TCP1 subunit 6A,4239.79118,1.187736425,0.322258409,3.685664648,0.000228107,0.003929735,Upregulated,,
101752400,ENSG00000260942,CAPN10-DT,CAPN10 divergent transcript,84.33134885,1.187246082,0.42600371,2.786938359,0.00532086,0.037215215,Upregulated,,
728498,ENSG00000261794,GOLGA8H,golgin A8 family member H,24.66151306,1.186031075,0.321774954,3.6859024,0.000227894,0.003929735,Upregulated,,
84941,ENSG00000196684,HSH2D,hematopoietic SH2 domain containing,599.2699332,1.184804861,0.435553325,2.720229174,0.006523669,0.043012685,Upregulated,,
65997,ENSG00000128045,RASL11B,RAS like family 11 member B,52.75678191,1.182939019,0.346435378,3.414602249,0.000638752,0.008327295,Upregulated,,
7748,ENSG00000005801,ZNF195,zinc finger protein 195,685.9185872,1.182327595,0.387036477,3.05482213,0.00225194,0.020511587,Upregulated,,
201266,ENSG00000133195,SLC39A11,solute carrier family 39 member 11,812.5852405,1.180793218,0.364926781,3.235698993,0.001213453,0.013257055,Upregulated,,
84817,ENSG00000129235,TXNDC17,thioredoxin domain containing 17,534.0814759,1.179201951,0.403778702,2.920416417,0.00349564,0.028129599,Upregulated,,
286256,ENSG00000184925,LCN12,lipocalin 12,19.92384191,1.17873139,0.430856652,2.735785522,0.006223157,0.041562474,Upregulated,,
692072,ENSG00000239195,SNORD5,"small nucleolar RNA, C/D box 5",67.1801538,1.175857378,0.256220291,4.589243779,4.45E-06,0.000183033,Upregulated,,
26791,ENSG00000206602,SNORD58A,"small nucleolar RNA, C/D box 58A",26.49410347,1.173579139,0.44191175,2.655686657,0.007914712,0.049539401,Upregulated,,
101927275,ENSG00000266053,NDUFV2-AS1,NDUFV2 antisense RNA 1,62.37015879,1.172268696,0.424134745,2.763906307,0.005711394,0.039011789,Upregulated,,
10885,ENSG00000065183,WDR3,WD repeat domain 3,890.8593025,1.170425395,0.265349054,4.410889649,1.03E-05,0.000349543,Upregulated,,
129530,ENSG00000144214,LYG1,lysozyme g1,35.44586695,1.170156161,0.376432803,3.108539295,0.001880146,0.017959546,Upregulated,,
83448,ENSG00000129317,PUS7L,pseudouridine synthase 7 like,243.7391764,1.169992051,0.295009377,3.965948689,7.31E-05,0.001671425,Upregulated,,
339324,ENSG00000254004,ZNF260,zinc finger protein 260,698.6339363,1.168343677,0.412686618,2.831067511,0.004639293,0.033983205,Upregulated,,
55154,ENSG00000125459,MSTO1,misato mitochondrial distribution and morphology regulator 1,265.9180049,1.167355546,0.331152699,3.525127684,0.000423279,0.006135375,Upregulated,,
100874032,ENSG00000230082,PRRT3-AS1,PRRT3 antisense RNA 1,17.55952428,1.161076277,0.419412747,2.768338077,0.005634298,0.038671681,Upregulated,,
2068,ENSG00000104884,ERCC2,"ERCC excision repair 2, TFIIH core complex helicase subunit",432.1691498,1.159112395,0.237676446,4.876850091,1.08E-06,5.94E-05,Upregulated,,
3798,ENSG00000155980,KIF5A,kinesin family member 5A,14.71065757,1.158495766,0.409254219,2.830748497,0.004643922,0.034004453,Upregulated,,
692075,ENSG00000202314,SNORD6,"small nucleolar RNA, C/D box 6",22.1249291,1.158366293,0.384845285,3.009953194,0.00261288,0.022794011,Upregulated,,
29760,ENSG00000095585,BLNK,B cell linker,293.1838277,1.15830478,0.392993468,2.947389399,0.003204694,0.026367581,Upregulated,,
9298,,SNORD31,"small nucleolar RNA, C/D box 31",47.34225879,1.158060783,0.410351846,2.822116662,0.004770782,0.034633341,Upregulated,,
7283,ENSG00000131462,TUBG1,tubulin gamma 1,385.6599435,1.157933343,0.400761488,2.889332874,0.003860602,0.03007932,Upregulated,,
27293,ENSG00000130768,SMPDL3B,sphingomyelin phosphodiesterase acid like 3B,390.0984928,1.157748697,0.380906878,3.039453375,0.002370079,0.021284553,Upregulated,,
65010,ENSG00000225697,SLC26A6,solute carrier family 26 member 6,484.3875799,1.156983483,0.370967572,3.118826474,0.001815729,0.017545849,Upregulated,,
119437,ENSG00000233122,CTAGE7P,"CTAGE family member 7, pseudogene",30.68238703,1.156004216,0.426167663,2.712557326,0.006676623,0.043756205,Upregulated,,
11062,ENSG00000105865,DUS4L,dihydrouridine synthase 4 like,171.3875117,1.154831134,0.386664567,2.986648458,0.002820539,0.024024252,Upregulated,,
7697,ENSG00000197008,ZNF138,zinc finger protein 138,224.2537449,1.153476375,0.396960418,2.905771769,0.003663486,0.029045684,Upregulated,,
54908,ENSG00000040275,SPDL1,spindle apparatus coiled-coil protein 1,228.1371399,1.151793017,0.342757969,3.360368316,0.000778386,0.009649943,Upregulated,,
22889,ENSG00000132680,KHDC4,"KH domain containing 4, pre-mRNA splicing factor",1627.20553,1.148594529,0.345282608,3.32653456,0.000879331,0.010529141,Upregulated,,
1788,ENSG00000119772,DNMT3A,DNA methyltransferase 3 alpha,975.8705825,1.147500884,0.416392879,2.755812937,0.005854647,0.039703076,Upregulated,,
143570,ENSG00000166435,XRRA1,X-ray radiation resistance associated 1,393.8326939,1.147182632,0.212122006,5.408126448,6.37E-08,6.28E-06,Upregulated,,
148327,ENSG00000143578,CREB3L4,cAMP responsive element binding protein 3 like 4,321.765961,1.145079846,0.294212751,3.892012979,9.94E-05,0.002126557,Upregulated,,
1140,ENSG00000170175,CHRNB1,cholinergic receptor nicotinic beta 1 subunit,190.6602413,1.144523125,0.227365649,5.03384364,4.81E-07,3.18E-05,Upregulated,,
63979,ENSG00000132436,FIGNL1,fidgetin like 1,350.3645509,1.142136402,0.373660252,3.056617333,0.002238499,0.020465274,Upregulated,,
91687,ENSG00000120334,CENPL,centromere protein L,129.6708889,1.141318028,0.3664168,3.114808135,0.001840646,0.017691793,Upregulated,,
79101,ENSG00000166012,TAF1D,"TATA-box binding protein associated factor, RNA polymerase I subunit D",938.7353784,1.140689311,0.310070177,3.678810139,0.000234325,0.004002087,Upregulated,,
55033,ENSG00000106080,FKBP14,FKBP prolyl isomerase 14,645.3793427,1.14047637,0.308527272,3.696517213,0.000218577,0.003818654,Upregulated,,
2970,ENSG00000290871,GTF2IP1,general transcription factor IIi pseudogene 1,226.4392602,1.140303375,0.367317247,3.104410106,0.001906589,0.018149661,Upregulated,,
705,ENSG00000112578,BYSL,bystin like,308.7300802,1.138680001,0.405824616,2.805842611,0.00501852,0.035821537,Upregulated,,
58477,ENSG00000144867,SRPRB,SRP receptor subunit beta,1090.655546,1.138392971,0.358086783,3.179097985,0.001477341,0.015313227,Upregulated,,
3329,ENSG00000144381,HSPD1,heat shock protein family D (Hsp60) member 1,5874.338616,1.138359453,0.388298697,2.931659215,0.003371565,0.027354649,Upregulated,,
7705,ENSG00000167635,ZNF146,zinc finger protein 146,2324.933276,1.137046736,0.274937866,4.135649821,3.54E-05,0.0009562,Upregulated,,
23225,ENSG00000132182,NUP210,nucleoporin 210,1717.620611,1.136908344,0.378515985,3.003594004,0.002668111,0.023082886,Upregulated,,
54892,ENSG00000146918,NCAPG2,non-SMC condensin II complex subunit G2,423.3574489,1.134978865,0.40661108,2.791313178,0.005249465,0.036964363,Upregulated,,
23464,ENSG00000100116,GCAT,glycine C-acetyltransferase,174.5229432,1.134440586,0.409378282,2.771130362,0.005586206,0.038488142,Upregulated,,
10198,ENSG00000051825,MPHOSPH9,M-phase phosphoprotein 9,478.8950691,1.131465787,0.350074522,3.232071219,0.001228964,0.013372951,Upregulated,,
283970,ENSG00000196696,PDXDC2P-NPIPB14P,"PDXDC2P-NPIPB14P readthrough, transcribed pseudogene",1482.748227,1.131044638,0.380102785,2.975628389,0.002923889,0.02469242,Upregulated,,
79850,ENSG00000167695,TLCD3A,TLC domain containing 3A,344.3695803,1.128360949,0.217650683,5.184274794,2.17E-07,1.69E-05,Upregulated,,
5558,ENSG00000146143,PRIM2,DNA primase subunit 2,261.8305994,1.124060633,0.405956889,2.768916268,0.005624309,0.038629864,Upregulated,,
3978,ENSG00000105486,LIG1,DNA ligase 1,646.2454259,1.121424779,0.362629856,3.092477798,0.001984931,0.018742473,Upregulated,,
165055,ENSG00000163006,CCDC138,coiled-coil domain containing 138,95.32806153,1.121334351,0.368140736,3.045939344,0.002319546,0.020951676,Upregulated,,
26098,ENSG00000107938,EDRF1,erythroid differentiation regulatory factor 1,763.6580934,1.120976553,0.388501082,2.885388499,0.003909309,0.030327735,Upregulated,,
8690,ENSG00000183340,JRKL,JRK like,540.5827744,1.114297325,0.379632697,2.935198507,0.003333344,0.027144506,Upregulated,,
84725,ENSG00000106086,PLEKHA8,pleckstrin homology domain containing A8,503.8158733,1.114164654,0.293507115,3.796039681,0.000147026,0.002869467,Upregulated,,
8884,ENSG00000138074,SLC5A6,solute carrier family 5 member 6,652.1514006,1.113984699,0.171273105,6.5041426,7.81E-11,2.31E-08,Upregulated,,
65244,ENSG00000123352,SPATS2,spermatogenesis associated serine rich 2,680.1028092,1.113490826,0.272518633,4.085925473,4.39E-05,0.001121807,Upregulated,,
100129461,ENSG00000272142,LYRM4-AS1,LYRM4 antisense RNA 1,33.21289663,1.111901601,0.311348098,3.571249052,0.000355283,0.005373687,Upregulated,,
10213,ENSG00000115233,PSMD14,"proteasome 26S subunit, non-ATPase 14",1140.515208,1.110291287,0.401533048,2.765130522,0.005690002,0.038905882,Upregulated,,
51497,ENSG00000101158,NELFCD,negative elongation factor complex member C/D,1824.686296,1.10738906,0.31982345,3.462501134,0.00053518,0.007288515,Upregulated,,
2937,ENSG00000100983,GSS,glutathione synthetase,945.8172044,1.106678752,0.374802105,2.952701541,0.003150064,0.026036937,Upregulated,,
8704,ENSG00000117411,B4GALT2,"beta-1,4-galactosyltransferase 2",583.6457944,1.106508212,0.3007514,3.679145672,0.000234017,0.004002087,Upregulated,,
10130,ENSG00000143870,PDIA6,protein disulfide isomerase family A member 6,3866.078329,1.106261073,0.280247681,3.947440591,7.90E-05,0.001777883,Upregulated,,
1719,ENSG00000228716,DHFR,dihydrofolate reductase,417.3225066,1.105796324,0.362963469,3.04657746,0.002314628,0.020938305,Upregulated,,
57122,ENSG00000111581,NUP107,nucleoporin 107,1227.244239,1.103852551,0.306245937,3.604464309,0.000312797,0.004914786,Upregulated,,
10861,ENSG00000145217,SLC26A1,solute carrier family 26 member 1,160.0086565,1.099568869,0.272074444,4.041426508,5.31E-05,0.001298959,Upregulated,,
64841,ENSG00000100522,GNPNAT1,glucosamine-phosphate N-acetyltransferase 1,957.6644535,1.099550158,0.370194556,2.970195376,0.002976104,0.025016179,Upregulated,,
168374,ENSG00000146757,ZNF92,zinc finger protein 92,256.1236699,1.09690231,0.338097597,3.244336305,0.001177247,0.013025897,Upregulated,,
144100,ENSG00000166689,PLEKHA7,pleckstrin homology domain containing A7,1189.266423,1.09464031,0.349801177,3.129321406,0.001752105,0.017139861,Upregulated,,
64793,ENSG00000130695,CEP85,centrosomal protein 85,459.2238638,1.094023316,0.291928493,3.747572927,0.000178554,0.003312017,Upregulated,,
100499177,ENSG00000251022,THAP9-AS1,THAP9 antisense RNA 1,1266.756978,1.093426301,0.373709115,2.925875383,0.003434885,0.027754822,Upregulated,,
55738,ENSG00000101199,ARFGAP1,ADP ribosylation factor GTPase activating protein 1,2298.995513,1.09296382,0.309967277,3.526061943,0.000421788,0.006122345,Upregulated,,
79944,ENSG00000087299,L2HGDH,L-2-hydroxyglutarate dehydrogenase,278.2197114,1.092093435,0.290466096,3.759796579,0.000170052,0.003193137,Upregulated,,
166647,ENSG00000152990,ADGRA3,adhesion G protein-coupled receptor A3,749.5149579,1.089649842,0.22319649,4.882020515,1.05E-06,5.81E-05,Upregulated,,
54938,ENSG00000104835,SARS2,"seryl-tRNA synthetase 2, mitochondrial",345.5704286,1.086331286,0.300848268,3.610894265,0.000305143,0.004835404,Upregulated,,
388650,ENSG00000154511,DIPK1A,divergent protein kinase domain 1A,450.6443643,1.084937772,0.389293424,2.786940918,0.005320818,0.037215215,Upregulated,,
3336,ENSG00000115541,HSPE1,heat shock protein family E (Hsp10) member 1,472.2827773,1.083624186,0.330748893,3.276274563,0.001051862,0.012070244,Upregulated,,
55183,ENSG00000080345,RIF1,replication timing regulatory factor 1,1474.116078,1.083409704,0.30833812,3.513706653,0.000441901,0.006358639,Upregulated,,
8662,ENSG00000106263,EIF3B,eukaryotic translation initiation factor 3 subunit B,3751.05631,1.080932309,0.397588773,2.718719395,0.006553518,0.043158321,Upregulated,,
607,ENSG00000116128,BCL9,BCL9 transcription coactivator,765.8949091,1.079980511,0.40444663,2.67026705,0.007579094,0.048012162,Upregulated,,
27000,ENSG00000105821,DNAJC2,DnaJ heat shock protein family (Hsp40) member C2,540.855699,1.079405445,0.377230373,2.861395908,0.0042178,0.031916289,Upregulated,,
94081,ENSG00000164466,SFXN1,sideroflexin 1,658.2463462,1.079372804,0.315731631,3.418640065,0.000629349,0.008210108,Upregulated,,
9746,ENSG00000139182,CLSTN3,calsyntenin 3,1554.307629,1.079241278,0.358623537,3.009398901,0.002617652,0.022824934,Upregulated,,
9650,ENSG00000066855,MTFR1,mitochondrial fission regulator 1,554.9076887,1.078200623,0.293716946,3.670883273,0.000241714,0.004096531,Upregulated,,
30851,ENSG00000213977,TAX1BP3,Tax1 binding protein 3,54.51389413,1.074060536,0.217904702,4.929037915,8.26E-07,4.78E-05,Upregulated,,
23518,ENSG00000048991,R3HDM1,R3H domain containing 1,750.3218088,1.06793187,0.279203168,3.824927479,0.000130811,0.002633343,Upregulated,,
10056,ENSG00000116120,FARSB,phenylalanyl-tRNA synthetase subunit beta,876.3432507,1.067457855,0.290259493,3.677598434,0.00023544,0.00401768,Upregulated,,
128869,ENSG00000101464,PIGU,phosphatidylinositol glycan anchor biosynthesis class U,424.6244532,1.066438741,0.387800421,2.749967981,0.005960109,0.040239359,Upregulated,,
100124516,,SNORD58C,"small nucleolar RNA, C/D box 58C",39.34958363,1.066288768,0.320435868,3.327619888,0.000875913,0.010507246,Upregulated,,
79723,ENSG00000152455,SUV39H2,SUV39H2 histone lysine methyltransferase,208.8375864,1.517470829,0.393311186,3.858193928,0.000114228,0.002369275,Upregulated,Yes,
1678,ENSG00000126953,TIMM8A,translocase of inner mitochondrial membrane 8A,133.0231448,1.06106798,0.356172915,2.979081042,0.002891143,0.024467979,Upregulated,,
10509,ENSG00000185033,SEMA4B,semaphorin 4B,1619.718198,1.059633929,0.38014029,2.787481244,0.005311953,0.037215215,Upregulated,,
51053,ENSG00000112312,GMNN,geminin DNA replication inhibitor,275.0817146,1.059476664,0.32457291,3.264217781,0.001097668,0.012430411,Upregulated,,
6894,ENSG00000059588,TARBP1,TAR (HIV-1) RNA binding protein 1,1801.894717,1.057649273,0.332989245,3.176226524,0.001492044,0.015441409,Upregulated,,
6947,ENSG00000134827,TCN1,transcobalamin 1,79.9333071,5.043209816,1.391269489,3.624897875,0.000289076,0.004626377,Upregulated,yes,
92591,ENSG00000161664,ASB16,ankyrin repeat and SOCS box containing 16,48.23390972,1.054935949,0.360991967,2.922325274,0.003474285,0.028000151,Upregulated,,
80021,ENSG00000137842,TMEM62,transmembrane protein 62,827.2818913,1.053488719,0.290645811,3.624647865,0.000289355,0.00462712,Upregulated,,
200035,ENSG00000186364,NUDT17,nudix hydrolase 17,78.71475694,1.053051109,0.345712944,3.046027424,0.002318867,0.020951676,Upregulated,,
84513,ENSG00000147535,PLPP5,phospholipid phosphatase 5,1064.499043,1.047229221,0.371087577,2.822054111,0.004771713,0.034633341,Upregulated,,
219844,ENSG00000198331,HYLS1,HYLS1 centriolar and ciliogenesis associated,101.171697,1.046466076,0.269684449,3.880335257,0.000104313,0.00219644,Upregulated,,
55832,ENSG00000111530,CAND1,cullin associated and neddylation dissociated 1,3530.513163,1.046330974,0.322991209,3.239502952,0.001197382,0.013144146,Upregulated,,
7036,ENSG00000106327,TFR2,transferrin receptor 2,31.42517997,1.698947938,0.564184066,3.011336267,0.002601006,0.022717879,Upregulated,yes,
333926,ENSG00000155367,PPM1J,"protein phosphatase, Mg2+/Mn2+ dependent 1J",36.31908261,1.044644652,0.36737019,2.843574906,0.004461052,0.033205032,Upregulated,,
272,ENSG00000133805,AMPD3,adenosine monophosphate deaminase 3,637.2463139,1.044500501,0.195049976,5.35504039,8.55E-08,7.78E-06,Upregulated,,
442590,ENSG00000170092,SPDYE5,speedy/RINGO cell cycle regulator family member E5,46.00874438,1.040819059,0.388775942,2.677169406,0.007424708,0.047263096,Upregulated,,
23080,ENSG00000105778,AVL9,AVL9 cell migration associated,1868.395604,1.039825238,0.326577485,3.18400773,0.001452511,0.015142927,Upregulated,,
2306,ENSG00000186564,FOXD2,forkhead box D2,38.51468132,1.039643045,0.378465858,2.746992956,0.006014443,0.040440957,Upregulated,,
9942,ENSG00000093217,XYLB,xylulokinase,115.9575518,1.039013,0.311065385,3.340175565,0.000837254,0.0101794,Upregulated,,
10072,ENSG00000254986,DPP3,dipeptidyl peptidase 3,820.2690065,1.038895333,0.31579708,3.289755981,0.001002743,0.011634518,Upregulated,,
283314,ENSG00000205885,C1RL-AS1,C1RL antisense RNA 1,354.0426129,1.037114964,0.263180926,3.940691974,8.12E-05,0.001810667,Upregulated,,
9131,ENSG00000156709,AIFM1,apoptosis inducing factor mitochondria associated 1,729.1949921,1.037002917,0.305016758,3.399822766,0.000674295,0.008696019,Upregulated,,
100129405,,MSTO2P,"misato family member 2, pseudogene",93.88392179,1.036656271,0.331428648,3.127841477,0.001760951,0.017209415,Upregulated,,
56647,ENSG00000107949,BCCIP,BRCA2 and CDKN1A interacting protein,925.7482714,1.036191895,0.314078294,3.299151561,0.000969775,0.011338252,Upregulated,,
79866,ENSG00000136122,BORA,BORA aurora kinase A activator,158.1072878,1.034574757,0.350821545,2.949005758,0.00318798,0.026251853,Upregulated,,
10539,ENSG00000108010,GLRX3,glutaredoxin 3,1060.255982,1.033741034,0.358856146,2.880655789,0.003968488,0.030674621,Upregulated,,
2648,ENSG00000108773,KAT2A,lysine acetyltransferase 2A,1484.697613,1.032657881,0.242285507,4.262152923,2.02E-05,0.000611999,Upregulated,,
7272,ENSG00000112742,TTK,TTK protein kinase,155.0591947,3.918054878,0.799806591,4.898752927,9.64E-07,5.50E-05,Upregulated,yes,
101926888,ENSG00000285230,RALY-AS1,RALY antisense RNA 1,26.0881998,1.030950827,0.38549298,2.674369911,0.007486982,0.047537419,Upregulated,,
654320,ENSG00000207304,SNORA8,"small nucleolar RNA, H/ACA box 8",116.8482417,1.030658135,0.312669743,3.296315543,0.000979619,0.011419676,Upregulated,,
55314,ENSG00000164124,TMEM144,transmembrane protein 144,487.8409785,1.029920431,0.299472015,3.439120787,0.000583607,0.007770659,Upregulated,,
100216546,,LINC01004,long intergenic non-protein coding RNA 1004,482.2747118,1.026834028,0.306460632,3.35062295,0.0008063,0.009899767,Upregulated,,
6120,ENSG00000197713,RPE,ribulose-5-phosphate-3-epimerase,787.2615707,1.026629571,0.259284556,3.959470575,7.51E-05,0.001707566,Upregulated,,
388567,ENSG00000186230,ZNF749,zinc finger protein 749,164.2190762,1.024645222,0.328338933,3.120693644,0.001804256,0.017477576,Upregulated,,
63922,ENSG00000127586,CHTF18,chromosome transmission fidelity factor 18,296.7507861,1.024572857,0.365320839,2.804583667,0.005038161,0.035918617,Upregulated,,
7163,ENSG00000076554,TPD52,tumor protein D52,1565.395046,1.024514304,0.335002718,3.058226845,0.00222651,0.02039236,Upregulated,,
5198,ENSG00000178921,PFAS,phosphoribosylformylglycinamidine synthase,563.295671,1.02354941,0.176581913,5.796456682,6.77E-09,1.07E-06,Upregulated,,
23246,ENSG00000261236,BOP1,BOP1 ribosomal biogenesis factor,561.7584444,1.020284501,0.362121207,2.817522091,0.004839579,0.034930009,Upregulated,,
125488,ENSG00000168234,TTC39C,tetratricopeptide repeat domain 39C,606.2910897,1.018916128,0.349919327,2.911860108,0.003592835,0.028634375,Upregulated,,
121053,ENSG00000151131,NOPCHAP1,NOP protein chaperone 1,114.5145486,1.018695649,0.365811998,2.784751877,0.00535687,0.037352255,Upregulated,,
57089,ENSG00000198018,ENTPD7,ectonucleoside triphosphate diphosphohydrolase 7,446.3059192,1.017536209,0.278382071,3.65517868,0.000257003,0.004275261,Upregulated,,
55656,ENSG00000164941,INTS8,integrator complex subunit 8,1051.541963,1.016793203,0.23025453,4.415953094,1.01E-05,0.000343222,Upregulated,,
10717,ENSG00000134262,AP4B1,adaptor related protein complex 4 subunit beta 1,578.5458181,1.01663519,0.212155667,4.791930395,1.65E-06,8.39E-05,Upregulated,,
124989,ENSG00000178852,EFCAB13,EF-hand calcium binding domain 13,185.2672568,1.016126857,0.249883109,4.066408736,4.77E-05,0.001194471,Upregulated,,
3376,ENSG00000196305,IARS1,isoleucyl-tRNA synthetase 1,2718.614102,1.015029308,0.311766227,3.255738497,0.001130979,0.012694532,Upregulated,,
84197,ENSG00000185900,POMK,protein O-mannose kinase,84.65243868,1.014751372,0.364095895,2.787044257,0.005319121,0.037215215,Upregulated,,
5111,ENSG00000132646,PCNA,proliferating cell nuclear antigen,950.5216457,1.013050537,0.365974133,2.768093274,0.005638532,0.03868735,Upregulated,,
55732,ENSG00000000460,FIRRM,FIGNL1 interacting regulator of recombination and mitosis,230.7644128,1.012997553,0.35761341,2.832660984,0.004616232,0.033927362,Upregulated,,
4234,ENSG00000037897,METTL1,"methyltransferase 1, tRNA methylguanosine",248.9822041,1.009777895,0.267482776,3.775113717,0.000159935,0.003061144,Upregulated,,
9875,ENSG00000142207,URB1,URB1 ribosome biogenesis homolog,1093.449118,1.008552632,0.179511175,5.618327849,1.93E-08,2.37E-06,Upregulated,,
23423,ENSG00000166557,TMED3,transmembrane p24 trafficking protein 3,1158.111772,1.007216384,0.211033026,4.772790324,1.82E-06,8.90E-05,Upregulated,,
347734,ENSG00000157593,SLC35B2,solute carrier family 35 member B2,1081.751765,1.005825149,0.315840853,3.184594832,0.001449568,0.015135049,Upregulated,,
151473,ENSG00000163053,SLC16A14,solute carrier family 16 member 14,213.5643344,1.004282603,0.356756525,2.815036395,0.004877171,0.035090502,Upregulated,,
55571,ENSG00000158435,CNOT11,CCR4-NOT transcription complex subunit 11,1208.482193,1.004176767,0.215108518,4.668233389,3.04E-06,0.000133571,Upregulated,,
29089,ENSG00000077152,UBE2T,ubiquitin conjugating enzyme E2 T,128.5439249,2.808058806,0.569864832,4.92758747,8.33E-07,4.80E-05,Upregulated,yes,
441108,,IRF1-AS1,IRF1 antisense RNA 1,151.6609945,-1.001947116,0.336886533,-2.974138225,0.002938127,0.024759931,Downregulated,,
3749,ENSG00000116396,KCNC4,potassium voltage-gated channel subfamily C member 4,207.0203957,-1.003232278,0.346367453,-2.896439228,0.003774237,0.029658746,Downregulated,,
57605,ENSG00000090975,PITPNM2,phosphatidylinositol transfer protein membrane associated 2,787.7958665,-1.003345444,0.33693566,-2.977854717,0.002902735,0.024555606,Downregulated,,
2625,ENSG00000107485,GATA3,GATA binding protein 3,96.37392873,-1.004573543,0.279478661,-3.59445526,0.000325071,0.005048216,Downregulated,,
256302,ENSG00000274180,NATD1,N-acetyltransferase domain containing 1,525.0043185,-1.006252196,0.370966995,-2.712511381,0.006677549,0.043756205,Downregulated,,
166,ENSG00000104964,TLE5,"TLE family member 5, transcriptional modulator",5902.115292,-1.006357737,0.174268651,-5.774749097,7.71E-09,1.15E-06,Downregulated,,
79890,ENSG00000100599,RIN3,Ras and Rab interactor 3,1206.978868,-1.007275646,0.340127429,-2.961465497,0.003061788,0.025606155,Downregulated,,
140609,ENSG00000151414,NEK7,NIMA related kinase 7,2789.630188,-1.008555067,0.244313116,-4.12812494,3.66E-05,0.000980017,Downregulated,,
400761,ENSG00000231999,LRRC8C-DT,LRRC8C divergent transcript,15.34801758,-1.008600459,0.365062843,-2.762813248,0.005730554,0.039104616,Downregulated,,
4303,ENSG00000184481,FOXO4,forkhead box O4,524.122033,-1.015222195,0.285668218,-3.553850689,0.000379635,0.005656217,Downregulated,,
7472,ENSG00000105989,WNT2,Wnt family member 2,296.1750012,-1.015771765,0.38073078,-2.667952835,0.007631497,0.048269523,Downregulated,,
79834,ENSG00000173517,PEAK1,pseudopodium enriched atypical kinase 1,3450.800636,-1.016336431,0.358666679,-2.833651661,0.004601947,0.033875406,Downregulated,,
255783,ENSG00000257704,INAFM1,InaF motif containing 1,200.8529311,-1.017550174,0.313928438,-3.241344368,0.001189674,0.013120493,Downregulated,,
56099,ENSG00000254122,PCDHGB7,"protocadherin gamma subfamily B, 7",187.0426414,-1.01782974,0.311951755,-3.262779339,0.001103254,0.012479419,Downregulated,,
4851,ENSG00000148400,NOTCH1,notch receptor 1,2061.228529,-1.018689948,0.337937918,-3.014429258,0.002574632,0.022559605,Downregulated,,
57162,ENSG00000197329,PELI1,pellino E3 ubiquitin protein ligase 1,1887.749201,-1.021461966,0.351425524,-2.906624298,0.003653517,0.028989833,Downregulated,,
6397,ENSG00000129657,SEC14L1,SEC14 like lipid binding 1,3601.028212,-1.021668501,0.345743171,-2.954992572,0.003126766,0.025926213,Downregulated,,
10491,ENSG00000170275,CRTAP,cartilage associated protein,5115.234628,-1.022470282,0.322982391,-3.165715258,0.001547021,0.015771665,Downregulated,,
51341,ENSG00000178951,ZBTB7A,zinc finger and BTB domain containing 7A,1168.749476,-1.026008517,0.254171485,-4.036678291,5.42E-05,0.001315785,Downregulated,,
100506299,,ID2-AS1,ID2 antisense RNA 1,21.53855223,-1.026296592,0.330539251,-3.10491595,0.001903331,0.018127354,Downregulated,,
146691,ENSG00000175662,TOM1L2,target of myb1 like 2 membrane trafficking protein,1752.078359,-1.026832101,0.251186183,-4.087932263,4.35E-05,0.0011158,Downregulated,,
2037,ENSG00000079819,EPB41L2,erythrocyte membrane protein band 4.1 like 2,3003.970315,-1.028264438,0.3517977,-2.92288562,0.003468039,0.027965735,Downregulated,,
604,ENSG00000113916,BCL6,BCL6 transcription repressor,2817.750483,-1.028618904,0.33005275,-3.116528807,0.001829938,0.017640175,Downregulated,,
4482,ENSG00000175806,MSRA,methionine sulfoxide reductase A,223.0663366,-1.03056569,0.227784405,-4.524303106,6.06E-06,0.000228847,Downregulated,,
7048,ENSG00000163513,TGFBR2,transforming growth factor beta receptor 2,11500.77094,-1.035933352,0.283521709,-3.653806111,0.000258381,0.004283817,Downregulated,,
5412,ENSG00000122042,UBL3,ubiquitin like 3,2573.844961,-1.035973089,0.266806796,-3.882858702,0.000103236,0.002177721,Downregulated,,
8462,ENSG00000172059,KLF11,KLF transcription factor 11,1052.821215,-1.036459613,0.30220224,-3.429688715,0.000604274,0.007961562,Downregulated,,
7068,ENSG00000151090,THRB,thyroid hormone receptor beta,435.6705326,-1.041918039,0.24466129,-4.258614173,2.06E-05,0.000618936,Downregulated,,
10634,ENSG00000185340,GAS2L1,growth arrest specific 2 like 1,521.5377251,-1.042707438,0.378088598,-2.757838884,0.005818487,0.039515797,Downregulated,,
847,ENSG00000121691,CAT,catalase,3543.974984,-1.043540928,0.358263643,-2.912773732,0.003582341,0.028562217,Downregulated,,
7025,ENSG00000175745,NR2F1,nuclear receptor subfamily 2 group F member 1,1104.146339,-1.044513327,0.278328573,-3.752806676,0.000174866,0.003261912,Downregulated,,
388335,ENSG00000187824,TMEM220,transmembrane protein 220,213.1614093,-1.046298978,0.372359366,-2.809917177,0.004955425,0.035486141,Downregulated,,
8850,ENSG00000114166,KAT2B,lysine acetyltransferase 2B,1225.106817,-1.048655591,0.310924694,-3.372699597,0.000744351,0.009335728,Downregulated,,
23180,ENSG00000131378,RFTN1,"raftlin, lipid raft linker 1",1306.571447,-1.049309548,0.326037328,-3.218372428,0.001289203,0.01384061,Downregulated,,
23235,ENSG00000170145,SIK2,salt inducible kinase 2,1503.691316,-1.050316885,0.319293343,-3.289504488,0.00100364,0.01163811,Downregulated,,
140467,ENSG00000198816,ZNF358,zinc finger protein 358,889.4271307,-1.050470485,0.371123673,-2.830513282,0.004647338,0.034004453,Downregulated,,
6272,ENSG00000134243,SORT1,sortilin 1,4698.820032,-1.051272966,0.247172911,-4.253188427,2.11E-05,0.000631257,Downregulated,,
100507487,ENSG00000251432,LINC02615,long intergenic non-protein coding RNA 2615,85.32841075,-1.053808504,0.383375105,-2.748766129,0.005982005,0.040291162,Downregulated,,
1398,ENSG00000167193,CRK,"CRK proto-oncogene, adaptor protein",130.2787325,-1.055473669,0.23677406,-4.457725088,8.28E-06,0.000294358,Downregulated,,
9580,ENSG00000143842,SOX13,SRY-box transcription factor 13,1102.599246,-1.058234688,0.306302089,-3.454872576,0.000550553,0.007451819,Downregulated,,
10608,ENSG00000123933,MXD4,MAX dimerization protein 4,2183.732667,-1.0588779,0.192835532,-5.491093324,3.99E-08,4.21E-06,Downregulated,,
79817,ENSG00000120162,MOB3B,MOB kinase activator 3B,744.7449397,-1.060241439,0.202632576,-5.232334593,1.67E-07,1.36E-05,Downregulated,,
246330,ENSG00000174516,PELI3,pellino E3 ubiquitin protein ligase family member 3,203.9639321,-1.062768112,0.262844504,-4.043333972,5.27E-05,0.001290023,Downregulated,,
105370707,,,,20.09902481,-1.062831213,0.365278624,-2.90964525,0.003618392,0.028768683,Downregulated,,
57104,ENSG00000177666,PNPLA2,patatin like phospholipase domain containing 2,2140.493444,-1.063973129,0.305464743,-3.483129076,0.000495589,0.006875291,Downregulated,,
85458,ENSG00000150764,DIXDC1,DIX domain containing 1,934.1224595,-1.064129394,0.35943363,-2.960572702,0.003070676,0.025650513,Downregulated,,
196383,ENSG00000150977,RILPL2,Rab interacting lysosomal protein like 2,800.3510123,-1.067743884,0.381291566,-2.800334384,0.00510497,0.036250442,Downregulated,,
5592,ENSG00000185532,PRKG1,protein kinase cGMP-dependent 1,615.5891769,-1.069214432,0.341099468,-3.134611845,0.001720816,0.016934029,Downregulated,,
79794,ENSG00000111412,SPRING1,SREBF pathway regulator in golgi 1,2476.485853,-1.069738761,0.39874801,-2.682743823,0.00730209,0.046677352,Downregulated,,
57658,ENSG00000012822,CALCOCO1,calcium binding and coiled-coil domain 1,3138.854479,-1.07013198,0.214473224,-4.989583123,6.05E-07,3.75E-05,Downregulated,,
5770,ENSG00000196396,PTPN1,protein tyrosine phosphatase non-receptor type 1,2764.96113,-1.073956983,0.253172463,-4.241997614,2.22E-05,0.000657619,Downregulated,,
5962,ENSG00000137710,RDX,radixin,3076.430692,-1.074024324,0.332683049,-3.228371049,0.001244974,0.01347521,Downregulated,,
5914,ENSG00000131759,RARA,retinoic acid receptor alpha,1483.497615,-1.075592174,0.324036741,-3.319352525,0.000902264,0.010732455,Downregulated,,
6256,ENSG00000186350,RXRA,retinoid X receptor alpha,2245.183728,-1.076340316,0.313128424,-3.437376595,0.000587378,0.007801155,Downregulated,,
2549,ENSG00000109458,GAB1,GRB2 associated binding protein 1,1347.776224,-1.076634119,0.344063784,-3.129170141,0.001753008,0.017140232,Downregulated,,
8971,ENSG00000184897,H1-10,H1.10 linker histone,1639.732966,-1.077406379,0.338209485,-3.185618459,0.00144445,0.015098572,Downregulated,,
2309,ENSG00000118689,FOXO3,forkhead box O3,2762.168654,-1.078405221,0.353567447,-3.05006932,0.002287886,0.020791238,Downregulated,,
100130872,,LOC100130872,uncharacterized LOC100130872,90.41979884,-1.079798056,0.375483539,-2.87575338,0.004030645,0.03096616,Downregulated,,
79836,ENSG00000175556,LONRF3,LON peptidase N-terminal domain and ring finger 3,452.5242407,-1.082488735,0.388862888,-2.783728582,0.005373798,0.037430197,Downregulated,,
89846,ENSG00000127084,FGD3,"FYVE, RhoGEF and PH domain containing 3",542.3505972,-1.084977299,0.341715435,-3.175090114,0.0014979,0.015461663,Downregulated,,
8434,ENSG00000122707,RECK,reversion inducing cysteine rich protein with kazal motifs,849.6787099,-1.09056635,0.401182033,-2.718382828,0.006560189,0.043186283,Downregulated,,
3241,ENSG00000115756,HPCAL1,hippocalcin like 1,1808.216322,-1.091342975,0.376054121,-2.902090186,0.003706818,0.029295534,Downregulated,,
7422,ENSG00000112715,VEGFA,vascular endothelial growth factor A,5089.708509,-1.091439664,0.266228862,-4.099629383,4.14E-05,0.001071212,Downregulated,,
81848,ENSG00000187678,SPRY4,sprouty RTK signaling antagonist 4,1566.296402,-1.092603884,0.379242272,-2.881018191,0.003963928,0.030659927,Downregulated,,
7791,ENSG00000159840,ZYX,zyxin,4522.562004,-1.096789855,0.373292842,-2.93814864,0.003301787,0.026965046,Downregulated,,
84327,ENSG00000132846,ZBED3,zinc finger BED-type containing 3,91.30864444,-1.097167832,0.341345326,-3.214245952,0.001307876,0.013995613,Downregulated,,
57515,ENSG00000111897,SERINC1,serine incorporator 1,8438.10071,-1.098811242,0.185314724,-5.929433,3.04E-09,5.63E-07,Downregulated,,
4066,ENSG00000104903,LYL1,LYL1 basic helix-loop-helix family member,215.4282226,-1.098918089,0.406042039,-2.706414566,0.006801408,0.044345916,Downregulated,,
2021,ENSG00000167136,ENDOG,endonuclease G,51.53804957,-1.099111398,0.362704641,-3.030320748,0.002442941,0.021636042,Downregulated,,
57192,ENSG00000090674,MCOLN1,mucolipin TRP cation channel 1,804.4077808,-1.099131386,0.393130056,-2.795846739,0.005176394,0.036645026,Downregulated,,
27106,ENSG00000105643,ARRDC2,arrestin domain containing 2,1483.665619,-1.100316395,0.366098878,-3.005516983,0.002651298,0.023027852,Downregulated,,
51222,ENSG00000165804,ZNF219,zinc finger protein 219,699.305969,-1.104728768,0.30928192,-3.571915129,0.00035438,0.005364127,Downregulated,,
220979,ENSG00000165511,ZNF22-AS1,ZNF22 antisense RNA 1,80.82048733,-1.109795089,0.250436479,-4.431443435,9.36E-06,0.000326775,Downregulated,,
11346,ENSG00000171992,SYNPO,synaptopodin,4261.736461,-1.110820846,0.393495711,-2.822955407,0.004758319,0.034599452,Downregulated,,
5789,ENSG00000153707,PTPRD,protein tyrosine phosphatase receptor type D,413.8722896,-1.111029958,0.410504615,-2.706498094,0.006799697,0.044345916,Downregulated,,
2767,ENSG00000088256,GNA11,G protein subunit alpha 11,1473.988014,-1.112223992,0.123314288,-9.019425189,1.89E-19,3.41E-16,Downregulated,,
81543,ENSG00000160233,LRRC3,leucine rich repeat containing 3,82.70568701,-1.113078037,0.328285125,-3.39058322,0.000697441,0.00893382,Downregulated,,
54941,ENSG00000101695,RNF125,ring finger protein 125,623.6034119,-1.11326937,0.291861195,-3.814379544,0.000136526,0.002716298,Downregulated,,
29887,ENSG00000086300,SNX10,sorting nexin 10,1304.384579,-1.115526213,0.346901826,-3.215682738,0.001301346,0.013933257,Downregulated,,
2313,ENSG00000151702,FLI1,"Fli-1 proto-oncogene, ETS transcription factor",1290.370554,-1.115810323,0.420283086,-2.654901805,0.00793315,0.049600208,Downregulated,,
7763,ENSG00000107372,ZFAND5,zinc finger AN1-type containing 5,8552.355875,-1.118455313,0.394539098,-2.834840245,0.004584861,0.033834463,Downregulated,,
6275,ENSG00000196154,S100A4,S100 calcium binding protein A4,3709.219032,-1.121125873,0.382367789,-2.932061501,0.003367201,0.027335154,Downregulated,,
4215,ENSG00000198909,MAP3K3,mitogen-activated protein kinase kinase kinase 3,1669.813665,-1.123399894,0.346599896,-3.241200896,0.001190273,0.013120493,Downregulated,,
9732,ENSG00000128512,DOCK4,dedicator of cytokinesis 4,2391.006033,-1.124077903,0.380607267,-2.953380032,0.003143148,0.026006941,Downregulated,,
9056,ENSG00000155465,SLC7A7,solute carrier family 7 member 7,1688.101006,-1.125715829,0.307703827,-3.65843948,0.000253756,0.004230783,Downregulated,,
8496,ENSG00000110841,PPFIBP1,PPFIA binding protein 1,2353.107093,-1.127579643,0.207003618,-5.447149455,5.12E-08,5.23E-06,Downregulated,,
5739,ENSG00000160013,PTGIR,prostaglandin I2 receptor,236.2013739,-1.131505979,0.311546468,-3.631901159,0.000281341,0.004536326,Downregulated,,
91607,ENSG00000172716,SLFN11,schlafen family member 11,2382.914965,-1.132678381,0.304014537,-3.725737571,0.000194745,0.003520143,Downregulated,,
203,ENSG00000106992,AK1,adenylate kinase 1,1181.709055,-1.133744987,0.371790969,-3.049415075,0.002292874,0.020822445,Downregulated,,
1520,ENSG00000163131,CTSS,cathepsin S,10470.23484,-1.136886227,0.358339538,-3.172650816,0.001510541,0.015527482,Downregulated,,
55357,ENSG00000095383,TBC1D2,TBC1 domain family member 2,1482.320963,-1.137479029,0.334577889,-3.399743581,0.000674491,0.008696019,Downregulated,,
5797,ENSG00000173482,PTPRM,protein tyrosine phosphatase receptor type M,2828.430801,-1.138149244,0.303536746,-3.749625901,0.000177099,0.003293817,Downregulated,,
147,ENSG00000170214,ADRA1B,adrenoceptor alpha 1B,86.27147461,-1.138681464,0.401612124,-2.835276616,0.004578602,0.033800858,Downregulated,,
64397,ENSG00000103994,ZNF106,zinc finger protein 106,4128.721604,-1.139813559,0.264093924,-4.315940104,1.59E-05,0.000502604,Downregulated,,
51421,ENSG00000114019,AMOTL2,angiomotin like 2,2010.708193,-1.142266119,0.221762564,-5.150851877,2.59E-07,1.93E-05,Downregulated,,
141,ENSG00000144843,ADPRH,ADP-ribosylarginine hydrolase,656.8766189,-1.144872433,0.19978417,-5.730546275,1.00E-08,1.42E-06,Downregulated,,
5939,ENSG00000076067,RBMS2,RNA binding motif single stranded interacting protein 2,2913.245595,-1.14945007,0.224200671,-5.126880589,2.95E-07,2.13E-05,Downregulated,,
84557,ENSG00000101460,MAP1LC3A,microtubule associated protein 1 light chain 3 alpha,342.6589617,-1.149721733,0.326283526,-3.523689191,0.000425583,0.006164272,Downregulated,,
9181,ENSG00000116584,ARHGEF2,Rho/Rac guanine nucleotide exchange factor 2,3591.456956,-1.149743597,0.280746835,-4.095303857,4.22E-05,0.001087153,Downregulated,,
4242,ENSG00000100060,MFNG,MFNG O-fucosylpeptide 3-beta-N-acetylglucosaminyltransferase,625.7311543,-1.149910661,0.416941091,-2.757969136,0.005816169,0.039515797,Downregulated,,
8459,ENSG00000128294,TPST2,tyrosylprotein sulfotransferase 2,812.3707921,-1.150281359,0.333908404,-3.444900896,0.000571269,0.007638361,Downregulated,,
148696,,LOC148696,uncharacterized LOC148696,32.11037657,-1.151936067,0.433014613,-2.660270656,0.007807788,0.04904289,Downregulated,,
4212,ENSG00000134138,MEIS2,Meis homeobox 2,413.7596741,-1.152181355,0.3755491,-3.06799126,0.002155029,0.019866143,Downregulated,,
706,ENSG00000100300,TSPO,translocator protein,1780.65481,-1.152904989,0.314377124,-3.667267433,0.000245156,0.004119666,Downregulated,,
10979,ENSG00000073712,FERMT2,FERM domain containing kindlin 2,2293.46809,-1.156864415,0.360883703,-3.20564327,0.001347609,0.014343396,Downregulated,,
113026,ENSG00000161714,PLCD3,phospholipase C delta 3,442.6762941,-1.160729404,0.436806286,-2.657309297,0.007876714,0.049363895,Downregulated,,
9749,ENSG00000112419,PHACTR2,phosphatase and actin regulator 2,2045.732883,-1.161032653,0.332179185,-3.495199902,0.000473707,0.006654057,Downregulated,,
57477,ENSG00000158352,SHROOM4,shroom family member 4,1805.269724,-1.161441117,0.422004172,-2.752202929,0.005919583,0.040033903,Downregulated,,
219833,ENSG00000174370,KCNJ5-AS1,KCNJ5 antisense RNA 1,117.8862721,-1.161591919,0.384262717,-3.022910804,0.00250356,0.022047199,Downregulated,,
9351,ENSG00000065054,NHERF2,NHERF family PDZ scaffold protein 2,2556.08769,-1.163786654,0.344197262,-3.381161861,0.0007218,0.009140621,Downregulated,,
6196,ENSG00000071242,RPS6KA2,ribosomal protein S6 kinase A2,3380.77692,-1.167259775,0.279032866,-4.183234017,2.87E-05,0.000817601,Downregulated,,
8727,ENSG00000119326,CTNNAL1,catenin alpha like 1,1214.009517,-1.169065419,0.393184233,-2.973327312,0.002945901,0.0248149,Downregulated,,
1073,ENSG00000165410,CFL2,cofilin 2,1033.018697,-1.173901168,0.242092032,-4.848987214,1.24E-06,6.63E-05,Downregulated,,
4692,ENSG00000182636,NDN,"necdin, MAGE family member",482.8860282,-1.174685904,0.421582589,-2.786371955,0.005330167,0.037238007,Downregulated,,
6444,ENSG00000170624,SGCD,sarcoglycan delta,471.4881718,-1.175535258,0.387709386,-3.03200103,0.002429384,0.021555849,Downregulated,,
80212,ENSG00000119242,CCDC92,coiled-coil domain containing 92,53.87643032,-1.177072783,0.262524867,-4.483662046,7.34E-06,0.000268434,Downregulated,,
84886,ENSG00000119280,C1orf198,chromosome 1 open reading frame 198,3128.415734,-1.178620005,0.300603079,-3.920851412,8.82E-05,0.001922687,Downregulated,,
139735,ENSG00000189420,ZFP92,ZFP92 zinc finger protein,143.0763439,-1.179477984,0.433417242,-2.72134532,0.00650168,0.04294531,Downregulated,,
284759,ENSG00000196209,SIRPB2,signal regulatory protein beta 2,257.4889804,-1.181626245,0.414260007,-2.852378277,0.004339343,0.032654584,Downregulated,,
29780,ENSG00000188677,PARVB,parvin beta,635.538845,-1.186517541,0.378016946,-3.138794579,0.001696443,0.016767187,Downregulated,,
3437,ENSG00000119917,IFIT3,interferon induced protein with tetratricopeptide repeats 3,1488.321155,-1.188868024,0.444981746,-2.67172313,0.007546288,0.0478221,Downregulated,,
10129,ENSG00000073910,FRY,FRY microtubule binding protein,1569.799067,-1.189823018,0.358908674,-3.315113578,0.000916059,0.010857462,Downregulated,,
7091,ENSG00000106829,TLE4,"TLE family member 4, transcriptional corepressor",734.7175534,-1.191758451,0.320499769,-3.718437782,0.000200459,0.003584215,Downregulated,,
2534,ENSG00000010810,FYN,"FYN proto-oncogene, Src family tyrosine kinase",1420.312585,-1.197031317,0.442477768,-2.70529144,0.006824449,0.04444072,Downregulated,,
100499405,ENSG00000237248,LINC00987,long intergenic non-protein coding RNA 987,131.1312048,-1.19715209,0.293530691,-4.078456275,4.53E-05,0.0011481,Downregulated,,
375775,ENSG00000130653,PNPLA7,patatin like phospholipase domain containing 7,372.2382117,-1.202185782,0.412084765,-2.917326447,0.003530461,0.02831197,Downregulated,,
152078,ENSG00000174899,SLC66A1L,solute carrier family 66 member 1 like (pseudogene),48.46132144,-1.203043073,0.341103433,-3.52691576,0.000420431,0.006116446,Downregulated,,
55507,ENSG00000111291,GPRC5D,G protein-coupled receptor class C group 5 member D,99.18924016,-1.203644963,0.338825097,-3.552407933,0.000381723,0.005665552,Downregulated,,
84418,ENSG00000120306,CYSTM1,cysteine rich transmembrane module containing 1,967.6220854,-1.204736189,0.186910986,-6.445507631,1.15E-10,3.31E-08,Downregulated,,
8556,ENSG00000079335,CDC14A,cell division cycle 14A,381.4173536,-1.20739698,0.260096712,-4.642107813,3.45E-06,0.000147381,Downregulated,,
57213,ENSG00000123178,SPRYD7,SPRY domain containing 7,533.1021611,-1.207627905,0.405056628,-2.981380434,0.002869521,0.024378632,Downregulated,,
153090,ENSG00000136848,DAB2IP,DAB2 interacting protein,1957.504774,-1.207913602,0.219615707,-5.500123913,3.80E-08,4.07E-06,Downregulated,,
8510,ENSG00000189409,MMP23B,matrix metallopeptidase 23B,14.61494452,-1.210150505,0.39685606,-3.04934365,0.00229342,0.020822445,Downregulated,,
100874211,,MID1IP1-AS1,MID1IP1 antisense RNA 1,21.68937303,-1.21498719,0.377474695,-3.218724876,0.00128762,0.0138311,Downregulated,,
25798,ENSG00000164713,BRI3,brain protein I3,2134.979584,-1.215319276,0.310345385,-3.916021749,9.00E-05,0.001953007,Downregulated,,
6398,ENSG00000141574,SECTM1,secreted and transmembrane 1,462.9290643,-1.215953854,0.443686897,-2.740567422,0.00613332,0.041087026,Downregulated,,
6304,ENSG00000182568,SATB1,SATB homeobox 1,1000.478816,-1.215982856,0.323108421,-3.763389554,0.000167626,0.003163186,Downregulated,,
9473,ENSG00000130775,THEMIS2,thymocyte selection associated family member 2,1741.019206,-1.22173296,0.407235463,-3.000065248,0.002699218,0.0232809,Downregulated,,
51294,ENSG00000113555,PCDH12,protocadherin 12,706.1560059,-1.225421386,0.44243905,-2.769695365,0.005610874,0.038564308,Downregulated,,
11228,ENSG00000123094,RASSF8,Ras association domain family member 8,1090.474789,-1.230981089,0.346629296,-3.551289821,0.000383348,0.005685421,Downregulated,,
54986,ENSG00000168038,ULK4,unc-51 like kinase 4,238.5696979,-1.232358035,0.440087528,-2.800256666,0.005106199,0.036250442,Downregulated,,
2872,ENSG00000099875,MKNK2,MAPK interacting serine/threonine kinase 2,3657.421966,-1.233068485,0.244576732,-5.041642654,4.62E-07,3.07E-05,Downregulated,,
255031,,LINC00957,long intergenic non-protein coding RNA 957,57.65706748,-1.234171818,0.260859202,-4.731179911,2.23E-06,0.000105386,Downregulated,,
8564,ENSG00000117009,KMO,kynurenine 3-monooxygenase,183.1295248,-1.234926826,0.377433903,-3.271902222,0.001068265,0.012194951,Downregulated,,
85360,ENSG00000105137,SYDE1,synapse defective Rho GTPase homolog 1,441.9963497,-1.236118278,0.415973633,-2.971626518,0.002962268,0.024910437,Downregulated,,
80833,ENSG00000128284,APOL3,apolipoprotein L3,1424.427118,-1.237450078,0.453310167,-2.72980879,0.006337107,0.04216728,Downregulated,,
124044,ENSG00000158792,SPATA2L,spermatogenesis associated 2 like,218.5661618,-1.238292167,0.39670314,-3.121457944,0.001799579,0.017456641,Downregulated,,
83700,ENSG00000166086,JAM3,junctional adhesion molecule 3,961.2358285,-1.238930604,0.421707081,-2.937893765,0.003304502,0.026973915,Downregulated,,
374378,ENSG00000110328,GALNT18,polypeptide N-acetylgalactosaminyltransferase 18,915.5863655,-1.239997147,0.332390048,-3.730548349,0.000191063,0.00347725,Downregulated,,
4337,ENSG00000124615,MOCS1,molybdenum cofactor synthesis 1,522.2091021,-1.242198635,0.373518555,-3.325667808,0.00088207,0.01055556,Downregulated,,
4047,ENSG00000160285,LSS,lanosterol synthase,188.2251127,-1.24254401,0.212521913,-5.846663012,5.02E-09,8.57E-07,Downregulated,,
9445,ENSG00000136156,ITM2B,integral membrane protein 2B,17561.88813,-1.244204464,0.182240182,-6.827278429,8.65E-12,3.50E-09,Downregulated,,
388407,ENSG00000187013,LINC02875,long intergenic non-protein coding RNA 2875,20.46679572,-1.245181568,0.432793908,-2.877077394,0.004013771,0.030880611,Downregulated,,
54621,ENSG00000176834,VSIG10,V-set and immunoglobulin domain containing 10,711.5276655,-1.247617416,0.374799344,-3.32876094,0.000872332,0.01047063,Downregulated,,
23499,ENSG00000127603,MACF1,microtubule actin crosslinking factor 1,15333.3401,-1.249589219,0.393300431,-3.177187515,0.001487109,0.015406413,Downregulated,,
7051,ENSG00000092295,TGM1,transglutaminase 1,67.71552979,-1.249886505,0.449153164,-2.782762331,0.005389827,0.037496579,Downregulated,,
58191,ENSG00000161921,CXCL16,C-X-C motif chemokine ligand 16,3058.800935,-1.252244213,0.325481565,-3.847358341,0.000119398,0.002438258,Downregulated,,
3707,ENSG00000143772,ITPKB,inositol-trisphosphate 3-kinase B,1584.569075,-1.252265898,0.403505594,-3.103466018,0.001912682,0.018190202,Downregulated,,
286319,ENSG00000198680,TUSC1,tumor suppressor candidate 1,290.7269569,-1.252543703,0.316124034,-3.962190689,7.43E-05,0.001692649,Downregulated,,
4286,ENSG00000187098,MITF,melanocyte inducing transcription factor,786.1554195,-1.257061238,0.374318407,-3.358267223,0.000784327,0.009683954,Downregulated,,
3290,ENSG00000117594,HSD11B1,hydroxysteroid 11-beta dehydrogenase 1,270.1073538,-1.258506848,0.367917709,-3.42062047,0.000624785,0.00816668,Downregulated,,
3242,ENSG00000158104,HPD,4-hydroxyphenylpyruvate dioxygenase,18.5085601,-1.261671622,0.389697996,-3.237562509,0.001205555,0.01319258,Downregulated,,
22808,ENSG00000158186,MRAS,muscle RAS oncogene homolog,789.4270599,-1.261943953,0.364571794,-3.461441545,0.000537291,0.007297219,Downregulated,,
166336,ENSG00000163637,PRICKLE2,prickle planar cell polarity protein 2,855.5502684,-1.267389328,0.468636942,-2.70441618,0.006842453,0.044522219,Downregulated,,
26524,ENSG00000150457,LATS2,large tumor suppressor kinase 2,1210.19072,-1.26848779,0.305677616,-4.149756879,3.33E-05,0.00091408,Downregulated,,
9444,ENSG00000112531,QKI,"QKI, KH domain containing RNA binding",5111.887504,-1.271474879,0.314201815,-4.046682163,5.19E-05,0.001279616,Downregulated,,
6404,ENSG00000110876,SELPLG,selectin P ligand,1243.530202,-1.273090045,0.360092992,-3.535447994,0.000407084,0.005944091,Downregulated,,
9638,ENSG00000149557,FEZ1,fasciculation and elongation protein zeta 1,378.8444169,-1.274277025,0.447148632,-2.849784015,0.004374893,0.03281004,Downregulated,,
58484,ENSG00000091106,NLRC4,NLR family CARD domain containing 4,290.1346624,-1.27504778,0.462376815,-2.757594539,0.005822837,0.039527915,Downregulated,,
113791,ENSG00000100100,PIK3IP1,phosphoinositide-3-kinase interacting protein 1,2138.230245,-1.275549911,0.455139774,-2.802545469,0.005070107,0.03607923,Downregulated,,
154810,ENSG00000166025,AMOTL1,angiomotin like 1,2064.985495,-1.275798083,0.440022442,-2.899393218,0.003738857,0.02946653,Downregulated,,
8514,ENSG00000069424,KCNAB2,potassium voltage-gated channel subfamily A regulatory beta subunit 2,1516.548154,-1.279319066,0.457170707,-2.798339978,0.005136601,0.036402313,Downregulated,,
79974,ENSG00000106034,CPED1,cadherin like and PC-esterase domain containing 1,839.2252645,-1.283082256,0.388617132,-3.301661582,0.00096114,0.011270512,Downregulated,,
1471,ENSG00000101439,CST3,cystatin C,7961.868922,-1.283800108,0.444497912,-2.888202784,0.0038745,0.030140235,Downregulated,,
27122,ENSG00000050165,DKK3,dickkopf WNT signaling pathway inhibitor 3,2727.702638,-1.284629784,0.291825296,-4.402050826,1.07E-05,0.000361004,Downregulated,,
8742,ENSG00000239697,TNFSF12,TNF superfamily member 12,581.8311481,-1.286600846,0.276212539,-4.658010285,3.19E-06,0.000139143,Downregulated,,
2644,ENSG00000137880,GCHFR,GTP cyclohydrolase I feedback regulator,498.6645069,-1.287231423,0.409865091,-3.140622249,0.001685893,0.016714789,Downregulated,,
22898,ENSG00000105339,DENND3,DENN domain containing 3,2635.178976,-1.287277425,0.248223938,-5.185951986,2.15E-07,1.69E-05,Downregulated,,
10398,ENSG00000101335,MYL9,myosin light chain 9,4989.044638,-1.292862125,0.443366757,-2.916010514,0.003545386,0.028393154,Downregulated,,
246721,ENSG00000228049,POLR2J2,RNA polymerase II subunit J2,19.3847632,-1.294562984,0.434372637,-2.980305099,0.002879614,0.024410458,Downregulated,,
2180,ENSG00000151726,ACSL1,acyl-CoA synthetase long chain family member 1,4890.798695,-1.297584543,0.387682916,-3.347025341,0.000816837,0.010003358,Downregulated,,
57211,ENSG00000112414,ADGRG6,adhesion G protein-coupled receptor G6,1382.168278,-1.298387808,0.344156379,-3.772668142,0.000161511,0.003082389,Downregulated,,
2,ENSG00000175899,A2M,alpha-2-macroglobulin,77709.448,-1.300093598,0.485831817,-2.676015758,0.007450314,0.047395663,Downregulated,,
976,ENSG00000123146,ADGRE5,adhesion G protein-coupled receptor E5,3197.006313,-1.303761441,0.358080544,-3.640972578,0.00027161,0.004423559,Downregulated,,
253827,ENSG00000174099,MSRB3,methionine sulfoxide reductase B3,1618.009293,-1.304911449,0.389271371,-3.352189616,0.000801751,0.009862232,Downregulated,,
29094,ENSG00000119862,LGALSL,galectin like,893.4985101,-1.3049217,0.365912775,-3.566209737,0.000362182,0.005441419,Downregulated,,
66000,ENSG00000144868,TMEM108,transmembrane protein 108,247.9339605,-1.308550546,0.414413727,-3.157594599,0.001590766,0.016083171,Downregulated,,
1032,ENSG00000129355,CDKN2D,cyclin dependent kinase inhibitor 2D,158.8091396,-1.30959808,0.399994125,-3.274043285,0.001060204,0.012142741,Downregulated,,
100505881,ENSG00000234456,MAGI2-AS3,MAGI2 antisense RNA 3,1020.079574,-1.311901111,0.41436901,-3.166021297,0.001545395,0.015771299,Downregulated,,
57088,ENSG00000114698,PLSCR4,phospholipid scramblase 4,1389.571094,-1.313527455,0.22948279,-5.723860404,1.04E-08,1.45E-06,Downregulated,,
51278,ENSG00000162783,IER5,immediate early response 5,1079.840038,-1.314105361,0.365826684,-3.592152842,0.000327957,0.005069793,Downregulated,,
6578,ENSG00000174640,SLCO2A1,solute carrier organic anion transporter family member 2A1,2725.762909,-1.314479451,0.432637295,-3.038294357,0.002379214,0.021327957,Downregulated,,
93010,ENSG00000156966,B3GNT7,"UDP-GlcNAc:betaGal beta-1,3-N-acetylglucosaminyltransferase 7",801.8225231,-1.314491494,0.405065819,-3.245130626,0.001173968,0.013004806,Downregulated,,
217,ENSG00000111275,ALDH2,aldehyde dehydrogenase 2 family member,6669.604778,-1.316891611,0.279314038,-4.714734783,2.42E-06,0.000111288,Downregulated,,
5098,ENSG00000240184,PCDHGC3,"protocadherin gamma subfamily C, 3",744.7504056,-1.319239564,0.407288147,-3.23908165,0.001199152,0.013149132,Downregulated,,
283849,ENSG00000179044,EXOC3L1,exocyst complex component 3 like 1,170.6916096,-1.320147209,0.430114238,-3.069294366,0.002145651,0.019816537,Downregulated,,
4688,ENSG00000116701,NCF2,neutrophil cytosolic factor 2,2366.28572,-1.321168541,0.45947019,-2.875417314,0.004034938,0.030987137,Downregulated,,
10870,ENSG00000126264,HCST,hematopoietic cell signal transducer,242.861855,-1.324355661,0.446283744,-2.967519381,0.003002134,0.025202924,Downregulated,,
5334,ENSG00000115896,PLCL1,phospholipase C like 1 (inactive),262.8649067,-1.324421899,0.367489293,-3.603974115,0.000313388,0.004920171,Downregulated,,
147495,ENSG00000154856,APCDD1,APC down-regulated 1,536.114562,-1.324992279,0.432104919,-3.066367032,0.002166772,0.019955835,Downregulated,,
4121,ENSG00000111885,MAN1A1,mannosidase alpha class 1A member 1,3987.057273,-1.325330942,0.433643245,-3.056270232,0.002241092,0.020469188,Downregulated,,
683,ENSG00000109743,BST1,bone marrow stromal cell antigen 1,246.6141679,-1.327569233,0.405574307,-3.273307034,0.001062969,0.012142741,Downregulated,,
25777,ENSG00000100242,SUN2,Sad1 and UNC84 domain containing 2,4763.05098,-1.328123445,0.373170552,-3.559025329,0.000372234,0.005567152,Downregulated,,
1326,ENSG00000107968,MAP3K8,mitogen-activated protein kinase kinase kinase 8,1547.381924,-1.332440325,0.427077235,-3.119904821,0.001809095,0.017507341,Downregulated,,
100129518,ENSG00000285427,SOD2-OT1,SOD2 overlapping transcript 1,14.24544347,-1.337457988,0.484971618,-2.757806722,0.005819059,0.039515797,Downregulated,,
9728,ENSG00000138593,SECISBP2L,SECIS binding protein 2 like,3710.158688,-1.342150207,0.392127919,-3.422735644,0.000619943,0.008130196,Downregulated,,
58476,ENSG00000078804,TP53INP2,tumor protein p53 inducible nuclear protein 2,1008.465997,-1.344796075,0.49514917,-2.715941291,0.006608764,0.043421197,Downregulated,,
125050,ENSG00000202198,RN7SK,RNA component of 7SK nuclear ribonucleoprotein,60.85600256,-1.346390026,0.363318848,-3.705808368,0.000210718,0.003720676,Downregulated,,
4628,ENSG00000133026,MYH10,myosin heavy chain 10,5651.789247,-1.349040284,0.298104469,-4.525394369,6.03E-06,0.00022812,Downregulated,,
115,ENSG00000162104,ADCY9,adenylate cyclase 9,1416.028213,-1.349789588,0.314822618,-4.287460662,1.81E-05,0.000558176,Downregulated,,
128646,ENSG00000125900,SIRPD,signal regulatory protein delta,15.0992813,-1.351010776,0.445024067,-3.035815086,0.002398864,0.021426613,Downregulated,,
1441,ENSG00000119535,CSF3R,colony stimulating factor 3 receptor,2247.864534,-1.35489672,0.406414088,-3.333783842,0.000856732,0.010315002,Downregulated,,
51232,ENSG00000150938,CRIM1,cysteine rich transmembrane BMP regulator 1,4199.900965,-1.355620891,0.296286363,-4.575373896,4.75E-06,0.000191109,Downregulated,,
255488,ENSG00000137393,RNF144B,ring finger protein 144B,1887.968147,-1.357322503,0.425094262,-3.192991823,0.001408069,0.014796294,Downregulated,,
3004,ENSG00000197540,GZMM,granzyme M,61.49585908,-1.357360292,0.491403153,-2.762213232,0.005741097,0.039147253,Downregulated,,
4005,ENSG00000135363,LMO2,LIM domain only 2,670.6800346,-1.358521445,0.349450973,-3.8875881,0.000101245,0.00214963,Downregulated,,
84225,ENSG00000141497,ZMYND15,zinc finger MYND-type containing 15,219.0562091,-1.359244945,0.437094708,-3.109726384,0.001872607,0.017920815,Downregulated,,
10628,ENSG00000265972,TXNIP,thioredoxin interacting protein,26524.00533,-1.359346884,0.374958125,-3.625329854,0.000288593,0.00462491,Downregulated,,
4128,ENSG00000189221,MAOA,monoamine oxidase A,3937.248595,-1.360423131,0.297123682,-4.57864254,4.68E-06,0.000190654,Downregulated,,
23336,ENSG00000182253,SYNM,synemin,1009.077566,-1.360623217,0.333233726,-4.083089763,4.44E-05,0.001131216,Downregulated,,
80223,ENSG00000156675,RAB11FIP1,RAB11 family interacting protein 1,7934.008752,-1.360689818,0.480702197,-2.830629496,0.00464565,0.034004453,Downregulated,,
7466,ENSG00000109501,WFS1,wolframin ER transmembrane glycoprotein,1656.443262,-1.364406089,0.253838318,-5.375099003,7.65E-08,7.13E-06,Downregulated,,
9619,ENSG00000160179,ABCG1,ATP binding cassette subfamily G member 1,2325.701276,-1.365036898,0.389942376,-3.500611841,0.000464191,0.006584014,Downregulated,,
863,ENSG00000129993,CBFA2T3,CBFA2/RUNX1 partner transcriptional co-repressor 3,320.438155,-1.366615458,0.48792291,-2.800883971,0.005096284,0.036220148,Downregulated,,
26471,ENSG00000176046,NUPR1,"nuclear protein 1, transcriptional regulator",1493.258908,-1.367192744,0.452283469,-3.022866934,0.002503923,0.022047199,Downregulated,,
80325,ENSG00000114626,ABTB1,ankyrin repeat and BTB domain containing 1,1012.675379,-1.367712264,0.286126304,-4.780099715,1.75E-06,8.67E-05,Downregulated,,
645426,ENSG00000206140,TMEM191C,transmembrane protein 191C,8.443537888,-1.371738004,0.507533666,-2.702752733,0.006876788,0.04463497,Downregulated,,
10659,ENSG00000048740,CELF2,CUGBP Elav-like family member 2,4040.966984,-1.3719641,0.416976501,-3.290267187,0.001000923,0.011627007,Downregulated,,
6237,ENSG00000126458,RRAS,RAS related,1294.802762,-1.372219109,0.341477025,-4.018481501,5.86E-05,0.001402533,Downregulated,,
2621,ENSG00000183087,GAS6,growth arrest specific 6,3842.829223,-1.372515033,0.316889888,-4.331204892,1.48E-05,0.000478139,Downregulated,,
1030,ENSG00000147883,CDKN2B,cyclin dependent kinase inhibitor 2B,745.7798618,-1.373424099,0.50072108,-2.742892511,0.006090062,0.040866272,Downregulated,,
6711,ENSG00000115306,SPTBN1,"spectrin beta, non-erythrocytic 1",22769.33975,-1.374059567,0.213278123,-6.442571559,1.17E-10,3.33E-08,Downregulated,,
134265,ENSG00000157510,AFAP1L1,actin filament associated protein 1 like 1,910.0167422,-1.374359094,0.46753625,-2.939577611,0.003286599,0.026874219,Downregulated,,
8692,ENSG00000068001,HYAL2,hyaluronidase 2,2364.325275,-1.374796357,0.353867285,-3.885062044,0.000102304,0.002166386,Downregulated,,
6539,ENSG00000111181,SLC6A12,solute carrier family 6 member 12,83.97352817,-1.375281778,0.354811387,-3.876092567,0.000106147,0.002229656,Downregulated,,
400931,ENSG00000197182,MIRLET7BHG,MIRLET7B host gene,97.10441065,-1.375703154,0.479091695,-2.871481947,0.004085521,0.031206394,Downregulated,,
51296,ENSG00000110446,SLC15A3,solute carrier family 15 member 3,1734.34631,-1.38200678,0.442519248,-3.123043313,0.001789914,0.0173811,Downregulated,,
5080,ENSG00000007372,PAX6,paired box 6,52.37248116,-1.382455252,0.421414504,-3.280511801,0.001036189,0.011921703,Downregulated,,
101929639,,B4GALT1-AS1,B4GALT1 antisense RNA 1,16.14060476,-1.382504894,0.467218686,-2.959010277,0.003086288,0.025735074,Downregulated,,
26025,ENSG00000253159,PCDHGA12,"protocadherin gamma subfamily A, 12",95.0783661,-1.383070341,0.490319056,-2.820755844,0.004791065,0.034748366,Downregulated,,
29126,ENSG00000120217,CD274,CD274 molecule,558.4697174,-1.386147879,0.486499474,-2.849227908,0.004382547,0.032842605,Downregulated,,
22918,ENSG00000125810,CD93,CD93 molecule,7043.805748,-1.390543539,0.505713696,-2.749665573,0.005965612,0.040259158,Downregulated,,
2040,ENSG00000148175,STOM,stomatin,8731.184395,-1.391989153,0.428528646,-3.248298953,0.001160972,0.012904102,Downregulated,,
6867,ENSG00000147526,TACC1,transforming acidic coiled-coil containing protein 1,8722.933421,-1.393727075,0.360620397,-3.864803779,0.000111179,0.002315714,Downregulated,,
2308,ENSG00000150907,FOXO1,forkhead box O1,1427.487608,-1.397198902,0.497054724,-2.810955885,0.004939456,0.035390853,Downregulated,,
54873,ENSG00000099260,PALMD,palmdelphin,814.9180393,-1.39741362,0.496696883,-2.813413305,0.00490186,0.035191523,Downregulated,,
7136,ENSG00000130598,TNNI2,"troponin I2, fast skeletal type",80.63460779,-1.397979939,0.512610747,-2.727176411,0.006387888,0.042348855,Downregulated,,
338758,ENSG00000271614,ATP2B1-AS1,ATP2B1 antisense RNA 1,64.87965322,-1.399342196,0.449799282,-3.111036971,0.001864316,0.017858706,Downregulated,,
3384,ENSG00000108622,ICAM2,intercellular adhesion molecule 2,262.0806424,-1.400785398,0.42842836,-3.269590739,0.001077032,0.012252705,Downregulated,,
90102,ENSG00000144824,PHLDB2,pleckstrin homology like domain family B member 2,1600.708863,-1.401600029,0.389394451,-3.599435036,0.000318909,0.004975336,Downregulated,,
284013,ENSG00000182853,VMO1,vitelline membrane outer layer 1 homolog,56.50052671,-1.41210304,0.529571307,-2.66650217,0.007664511,0.048385734,Downregulated,,
57493,ENSG00000173706,HEG1,heart development protein with EGF like domains 1,5328.758739,-1.415040972,0.408756603,-3.461818015,0.00053654,0.007292014,Downregulated,,
285386,ENSG00000188001,TPRG1,tumor protein p63 regulated 1,183.5559475,-1.418304634,0.338041193,-4.195656222,2.72E-05,0.000777631,Downregulated,,
10580,ENSG00000095637,SORBS1,sorbin and SH3 domain containing 1,1780.443399,-1.419160793,0.424344586,-3.344359373,0.000824728,0.010063715,Downregulated,,
11037,ENSG00000243244,STON1,stonin 1,489.3455888,-1.422363922,0.450484205,-3.157411306,0.001591767,0.016083171,Downregulated,,
9124,ENSG00000107438,PDLIM1,PDZ and LIM domain 1,4125.996152,-1.424468634,0.461390845,-3.087336149,0.002019591,0.018958051,Downregulated,,
30815,ENSG00000160408,ST6GALNAC6,"ST6 N-acetylgalactosaminide alpha-2,6-sialyltransferase 6",1931.660344,-1.425150688,0.334153644,-4.264956297,2.00E-05,0.000606214,Downregulated,,
474344,ENSG00000133561,GIMAP6,"GTPase, IMAP family member 6",1457.407797,-1.426932264,0.478676195,-2.980996919,0.002873117,0.024390171,Downregulated,,
57091,ENSG00000087589,CASS4,Cas scaffold protein family member 4,399.2893466,-1.4291207,0.437741675,-3.264758148,0.001095576,0.012413813,Downregulated,,
2078,ENSG00000157554,ERG,ETS transcription factor ERG,1093.689922,-1.429639466,0.49351534,-2.896849092,0.00376931,0.029635865,Downregulated,,
53342,ENSG00000172458,IL17D,interleukin 17D,112.6655439,-1.431244952,0.23512579,-6.087145755,1.15E-09,2.42E-07,Downregulated,,
116159,ENSG00000166265,CYYR1,cysteine and tyrosine rich 1,958.4488526,-1.432127695,0.471242414,-3.03904668,0.002373281,0.02129402,Downregulated,,
27244,ENSG00000080546,SESN1,sestrin 1,1435.356587,-1.432654316,0.33211186,-4.313770419,1.60E-05,0.00050595,Downregulated,,
83891,ENSG00000109762,SNX25,sorting nexin 25,1250.469007,-1.439029524,0.410235279,-3.507815142,0.000451803,0.006449819,Downregulated,,
29995,ENSG00000071282,LMCD1,LIM and cysteine rich domains 1,1375.244873,-1.439999702,0.366796477,-3.925882041,8.64E-05,0.001893353,Downregulated,,
2894,ENSG00000182771,GRID1,glutamate ionotropic receptor delta type subunit 1,92.06576956,-1.441307508,0.541965198,-2.659409708,0.007827771,0.049119338,Downregulated,,
4170,ENSG00000143384,MCL1,"MCL1 apoptosis regulator, BCL2 family member",20709.98046,-1.442188698,0.42943106,-3.358370719,0.000784034,0.009683954,Downregulated,,
23345,ENSG00000131018,SYNE1,spectrin repeat containing nuclear envelope protein 1,4551.191474,-1.443785815,0.335661742,-4.301311815,1.70E-05,0.000530492,Downregulated,,
84952,ENSG00000128849,CGNL1,cingulin like 1,2086.712062,-1.44380661,0.501050226,-2.881560642,0.003957111,0.030643023,Downregulated,,
25939,ENSG00000101347,SAMHD1,SAM and HD domain containing deoxynucleoside triphosphate triphosphohydrolase 1,4775.239926,-1.444359101,0.444219035,-3.251457024,0.001148151,0.012826169,Downregulated,,
389337,ENSG00000183111,ARHGEF37,Rho guanine nucleotide exchange factor 37,321.096125,-1.446880427,0.412337033,-3.50897521,0.000449837,0.006429168,Downregulated,,
678,ENSG00000152518,ZFP36L2,ZFP36 ring finger protein like 2,8443.400848,-1.447145963,0.509412804,-2.840811915,0.004499884,0.033354067,Downregulated,,
3398,ENSG00000115738,ID2,inhibitor of DNA binding 2,2173.297779,-1.448025499,0.404468037,-3.580073987,0.000343497,0.005255556,Downregulated,,
6693,ENSG00000197471,SPN,sialophorin,1079.038303,-1.448071469,0.449231926,-3.223438466,0.001266615,0.013642428,Downregulated,,
3142,ENSG00000136630,HLX,H2.0 like homeobox,305.5825351,-1.450961251,0.350058387,-4.144912123,3.40E-05,0.000927201,Downregulated,,
2009,ENSG00000066629,EML1,EMAP like 1,618.360466,-1.451223973,0.513457856,-2.826374077,0.004707825,0.034306179,Downregulated,,
32,ENSG00000076555,ACACB,acetyl-CoA carboxylase beta,1196.394938,-1.454951516,0.49546604,-2.936531264,0.003319054,0.027050355,Downregulated,,
7145,ENSG00000079308,TNS1,tensin 1,15268.55074,-1.45937458,0.375299579,-3.888559065,0.000100841,0.002149443,Downregulated,,
51393,ENSG00000187688,TRPV2,transient receptor potential cation channel subfamily V member 2,1130.212076,-1.459855601,0.310492765,-4.701737898,2.58E-06,0.000117317,Downregulated,,
58526,ENSG00000165175,MID1IP1,MID1 interacting protein 1,1375.540445,-1.464773732,0.209849152,-6.980127016,2.95E-12,1.30E-09,Downregulated,,
6660,ENSG00000134532,SOX5,SRY-box transcription factor 5,194.1474693,-1.466163605,0.370644553,-3.955713343,7.63E-05,0.001725295,Downregulated,,
140711,ENSG00000101342,TLDC2,TBC/LysM-associated domain containing 2,2076.58075,-1.467240313,0.475096033,-3.088302596,0.002013034,0.018935696,Downregulated,,
84106,ENSG00000133246,PRAM1,PML-RARA regulated adaptor molecule 1,294.0118632,-1.468326192,0.468992342,-3.130810594,0.001743246,0.017070032,Downregulated,,
51311,ENSG00000101916,TLR8,toll like receptor 8,552.7463853,-1.47181371,0.527995363,-2.78755045,0.005310818,0.037215215,Downregulated,,
79812,ENSG00000173269,MMRN2,multimerin 2,1693.52672,-1.471945143,0.528967157,-2.782677757,0.005391232,0.037496579,Downregulated,,
3201,ENSG00000197576,HOXA4,homeobox A4,94.58736103,-1.478514877,0.439740613,-3.36224318,0.00077312,0.009605387,Downregulated,,
3638,ENSG00000186480,INSIG1,insulin induced gene 1,1773.19194,-1.482623009,0.517034319,-2.867552411,0.004136603,0.031454582,Downregulated,,
2051,ENSG00000106123,EPHB6,EPH receptor B6,33.63018146,-1.482992947,0.54142208,-2.739069945,0.006161326,0.041205039,Downregulated,,
163747,ENSG00000162398,CIMAP2,ciliary microtubule associated protein 2,10.44613411,-1.483592365,0.511755959,-2.899023137,0.003743273,0.029489612,Downregulated,,
10174,ENSG00000120896,SORBS3,sorbin and SH3 domain containing 3,2429.122247,-1.484067038,0.368834908,-4.023662095,5.73E-05,0.001378888,Downregulated,,
286046,ENSG00000171044,XKR6,XK related 6,37.06867571,-1.486104871,0.473946378,-3.135597064,0.001715047,0.016891935,Downregulated,,
84074,ENSG00000129646,QRICH2,glutamine rich 2,110.0904796,-1.486827771,0.459912347,-3.232850307,0.001225618,0.013354133,Downregulated,,
7305,ENSG00000011600,TYROBP,transmembrane immune signaling adaptor TYROBP,2404.189883,-1.488340052,0.556395262,-2.674968957,0.007473617,0.047492343,Downregulated,,
27303,ENSG00000144642,RBMS3,RNA binding motif single stranded interacting protein 3,1106.604808,-1.488684193,0.515013249,-2.890574554,0.003845383,0.030007911,Downregulated,,
57406,ENSG00000163686,ABHD6,"abhydrolase domain containing 6, acylglycerol lipase",325.0549568,-1.488954266,0.301198445,-4.943432785,7.68E-07,4.50E-05,Downregulated,,
55924,ENSG00000197852,INKA2,inka box actin regulator 2,404.9949135,-1.489445716,0.41292302,-3.607078424,0.000309664,0.004892693,Downregulated,,
5137,ENSG00000154678,PDE1C,phosphodiesterase 1C,312.8871812,-1.490001129,0.509881567,-2.92224945,0.003475131,0.028000151,Downregulated,,
91978,ENSG00000141933,TPGS1,tubulin polyglutamylase complex subunit 1,122.9426854,-1.500474747,0.362568578,-4.138457763,3.50E-05,0.000948499,Downregulated,,
6909,ENSG00000121068,TBX2,T-box transcription factor 2,1780.986135,-1.502122882,0.48394954,-3.103883273,0.001909987,0.018173285,Downregulated,,
55901,ENSG00000136114,THSD1,thrombospondin type 1 domain containing 1,287.145678,-1.502216762,0.486280123,-3.089200424,0.00200696,0.018908371,Downregulated,,
1490,ENSG00000118523,CCN2,cellular communication network factor 2,7132.40689,-1.50238275,0.547403606,-2.744561295,0.006059184,0.040686609,Downregulated,,
9060,ENSG00000198682,PAPSS2,3'-phosphoadenosine 5'-phosphosulfate synthase 2,3618.94468,-1.506517854,0.44584355,-3.379028032,0.000727426,0.009187343,Downregulated,,
101927069,,LOC101927069,uncharacterized LOC101927069,89.8382044,-1.507578307,0.510249534,-2.954590265,0.003130846,0.025926213,Downregulated,,
79739,ENSG00000137941,TTLL7,tubulin tyrosine ligase like 7,213.0853471,-1.508312889,0.435156647,-3.46613777,0.000527993,0.007210445,Downregulated,,
10908,ENSG00000032444,PNPLA6,patatin like phospholipase domain containing 6,2469.556904,-1.508834382,0.260948077,-5.782124929,7.38E-09,1.13E-06,Downregulated,,
641700,ENSG00000249751,ECSCR,endothelial cell surface expressed chemotaxis and apoptosis regulator,632.8349,-1.510602132,0.544210906,-2.775766002,0.005507183,0.038075986,Downregulated,,
5071,ENSG00000185345,PRKN,parkin RBR E3 ubiquitin protein ligase,63.92647343,-1.510971787,0.505333411,-2.990049252,0.002789325,0.02387663,Downregulated,,
27065,ENSG00000168824,NSG1,neuronal vesicle trafficking associated 1,32.85195374,-1.512793153,0.487954208,-3.100276888,0.001933398,0.018350395,Downregulated,,
105373311,,LOC105373311,uncharacterized LOC105373311,48.10421763,-1.51368983,0.474348571,-3.191091785,0.001417362,0.014886059,Downregulated,,
256435,ENSG00000184005,ST6GALNAC3,"ST6 N-acetylgalactosaminide alpha-2,6-sialyltransferase 3",182.7785689,-1.514897977,0.538791711,-2.811657912,0.004928689,0.03535853,Downregulated,,
5745,ENSG00000160801,PTH1R,parathyroid hormone 1 receptor,198.3255969,-1.518430884,0.508969561,-2.983343208,0.002851181,0.024243595,Downregulated,,
6792,ENSG00000008086,CDKL5,cyclin dependent kinase like 5,198.5689461,-1.519844352,0.515262528,-2.949650459,0.003181336,0.026238571,Downregulated,,
9046,ENSG00000147443,DOK2,docking protein 2,775.7725902,-1.51991749,0.363529485,-4.181001963,2.90E-05,0.000823307,Downregulated,,
56100,ENSG00000253305,PCDHGB6,"protocadherin gamma subfamily B, 6",61.05520585,-1.522111306,0.313260016,-4.858938987,1.18E-06,6.36E-05,Downregulated,,
284417,ENSG00000180061,TMEM150B,transmembrane protein 150B,147.3562213,-1.522613748,0.32440979,-4.693488893,2.69E-06,0.000121593,Downregulated,,
66004,ENSG00000180155,LYNX1,Ly6/neurotoxin 1,252.6529476,-1.526633968,0.408133617,-3.740524931,0.000183636,0.003377852,Downregulated,,
57447,ENSG00000165795,NDRG2,NDRG family member 2,2121.090474,-1.528908915,0.371641059,-4.113939717,3.89E-05,0.001025631,Downregulated,,
6688,ENSG00000066336,SPI1,Spi-1 proto-oncogene,2054.913765,-1.530021033,0.434663726,-3.520010852,0.000431529,0.00622765,Downregulated,,
123,ENSG00000147872,PLIN2,perilipin 2,2510.142845,-1.531404683,0.529506003,-2.892138473,0.003826293,0.02989423,Downregulated,,
84077,ENSG00000131379,C3orf20,chromosome 3 open reading frame 20,24.67403077,-1.531742904,0.42693438,-3.587771272,0.000333517,0.00512262,Downregulated,,
23533,ENSG00000141506,PIK3R5,phosphoinositide-3-kinase regulatory subunit 5,1178.977106,-1.53585538,0.552000764,-2.782342854,0.005396799,0.037522137,Downregulated,,
7439,ENSG00000167995,BEST1,bestrophin 1,243.4323762,-1.543887218,0.357079932,-4.323645991,1.53E-05,0.000490149,Downregulated,,
5581,ENSG00000171132,PRKCE,protein kinase C epsilon,859.4873218,-1.546288081,0.327660139,-4.71918276,2.37E-06,0.000109705,Downregulated,,
220108,ENSG00000150510,FAM124A,family with sequence similarity 124 member A,105.0678257,-1.546711,0.51004982,-3.032470438,0.002425609,0.021554651,Downregulated,,
117283,ENSG00000161896,IP6K3,inositol hexakisphosphate kinase 3,61.793055,-1.547602157,0.56578026,-2.735341382,0.006231561,0.041604588,Downregulated,,
160364,ENSG00000172322,CLEC12A,C-type lectin domain family 12 member A,522.0208638,-1.549160221,0.478146416,-3.239928543,0.001195597,0.013142037,Downregulated,,
2697,ENSG00000152661,GJA1,gap junction protein alpha 1,3115.850145,-1.549757154,0.430421092,-3.600560433,0.000317532,0.004961657,Downregulated,,
151963,ENSG00000180611,MB21D2,Mab-21 domain containing 2,206.22476,-1.549841564,0.464891163,-3.333772909,0.000856766,0.010315002,Downregulated,,
10349,ENSG00000154263,ABCA10,ATP binding cassette subfamily A member 10,300.6597309,-1.553000513,0.45741212,-3.395188813,0.000685813,0.008807632,Downregulated,,
4481,ENSG00000038945,MSR1,macrophage scavenger receptor 1,6041.725992,-1.553106571,0.558539302,-2.780657626,0.005424892,0.037691022,Downregulated,,
114898,ENSG00000145861,C1QTNF2,C1q and TNF related 2,87.54219861,-1.554072568,0.457262432,-3.398644757,0.000677206,0.008725355,Downregulated,,
10090,ENSG00000111962,UST,uronyl 2-sulfotransferase,354.0063922,-1.554423549,0.474826221,-3.273668306,0.001061611,0.012142741,Downregulated,,
968,ENSG00000129226,CD68,CD68 molecule,9964.570966,-1.555592045,0.543312701,-2.863161571,0.004194366,0.031805005,Downregulated,,
11142,ENSG00000168734,PKIG,cAMP-dependent protein kinase inhibitor gamma,1183.425196,-1.5588588,0.40886007,-3.812695135,0.00013746,0.002731149,Downregulated,,
6910,ENSG00000089225,TBX5,T-box transcription factor 5,446.5405896,-1.561056368,0.436320133,-3.577777532,0.000346528,0.005293237,Downregulated,,
2675,ENSG00000168546,GFRA2,GDNF family receptor alpha 2,94.25246391,-1.561415205,0.507477722,-3.076815271,0.002092249,0.019459291,Downregulated,,
104,ENSG00000197381,ADARB1,adenosine deaminase RNA specific B1,1962.036526,-1.564320048,0.302041439,-5.179157048,2.23E-07,1.73E-05,Downregulated,,
375033,ENSG00000187800,PEAR1,platelet endothelial aggregation receptor 1,684.8959806,-1.564735162,0.511964702,-3.056334068,0.002240615,0.020469188,Downregulated,,
115330,ENSG00000164849,GPR146,G protein-coupled receptor 146,353.815379,-1.566280151,0.466305549,-3.358913817,0.000782495,0.009679405,Downregulated,,
23371,ENSG00000111077,TNS2,tensin 2,3745.494416,-1.570303763,0.414546429,-3.788004557,0.000151862,0.002937827,Downregulated,,
8910,ENSG00000127990,SGCE,sarcoglycan epsilon,867.3707938,-1.570675628,0.255264495,-6.153130035,7.60E-10,1.69E-07,Downregulated,,
5064,ENSG00000099864,PALM,paralemmin,567.7527683,-1.570895583,0.57666521,-2.724103267,0.006447634,0.04267009,Downregulated,,
51733,ENSG00000100024,UPB1,beta-ureidopropionase 1,21.90984017,-1.572230314,0.366489581,-4.289972747,1.79E-05,0.000552784,Downregulated,,
64174,ENSG00000167261,DPEP2,dipeptidase 2,479.0278894,-1.573179694,0.556454493,-2.827148876,0.004696449,0.034250049,Downregulated,,
25959,ENSG00000197256,KANK2,KN motif and ankyrin repeat domains 2,4352.743656,-1.574014432,0.396902046,-3.965750359,7.32E-05,0.001671425,Downregulated,,
84628,ENSG00000196358,NTNG2,netrin G2,93.96917724,-1.574300877,0.554789305,-2.837655417,0.004544622,0.033625112,Downregulated,,
10395,ENSG00000164741,DLC1,DLC1 Rho GTPase activating protein,4100.278266,-1.575831383,0.512488983,-3.07485904,0.002106021,0.019541546,Downregulated,,
100287216,,SH3RF3-AS1,SH3RF3 antisense RNA 1,47.92199492,-1.578229654,0.453000938,-3.48394346,0.000494084,0.006860776,Downregulated,,
51266,ENSG00000165682,CLEC1B,C-type lectin domain family 1 member B,25.30820856,-1.578706857,0.422838313,-3.733594639,0.000188766,0.003452994,Downregulated,,
157869,ENSG00000164764,SBSPON,somatomedin B and thrombospondin type 1 domain containing,251.2238876,-1.579713516,0.494734775,-3.1930513,0.001407779,0.014796294,Downregulated,,
92369,ENSG00000175093,SPSB4,splA/ryanodine receptor domain and SOCS box containing 4,23.6405541,-1.582370322,0.51690498,-3.061240232,0.002204222,0.020234959,Downregulated,,
56253,ENSG00000109943,CRTAM,cytotoxic and regulatory T cell molecule,106.8753556,-1.583669363,0.5268765,-3.005769592,0.002649096,0.023018814,Downregulated,,
10186,ENSG00000183722,LHFPL6,LHFPL tetraspan subfamily member 6,1618.242662,-1.586111679,0.463149364,-3.424622383,0.000615654,0.008102535,Downregulated,,
4858,ENSG00000104967,NOVA2,NOVA alternative splicing regulator 2,247.0421119,-1.586369466,0.559671282,-2.834466439,0.004590228,0.033846247,Downregulated,,
57519,ENSG00000159433,STARD9,StAR related lipid transfer domain containing 9,1472.212135,-1.586700549,0.293525241,-5.405669871,6.46E-08,6.31E-06,Downregulated,,
10871,ENSG00000167850,CD300C,CD300c molecule,171.365172,-1.586837877,0.528996535,-2.999713177,0.002702339,0.023297691,Downregulated,,
23710,ENSG00000139112,GABARAPL1,GABA type A receptor associated protein like 1,2595.745973,-1.590482332,0.38922044,-4.086327869,4.38E-05,0.001121309,Downregulated,,
4772,ENSG00000131196,NFATC1,nuclear factor of activated T cells 1,653.3550584,-1.591001442,0.492522331,-3.230313313,0.001236546,0.013412947,Downregulated,,
2159,ENSG00000126218,F10,coagulation factor X,189.1357905,-1.591436678,0.570637742,-2.788873854,0.005289166,0.037151568,Downregulated,,
4360,ENSG00000260314,MRC1,mannose receptor C-type 1,9886.300481,-1.591966211,0.560434015,-2.840595269,0.004502942,0.033354067,Downregulated,,
8787,ENSG00000108370,RGS9,regulator of G protein signaling 9,66.56208599,-1.594386318,0.527194711,-3.024283597,0.002492227,0.021999151,Downregulated,,
2171,ENSG00000164687,FABP5,fatty acid binding protein 5,1191.731999,-1.595107526,0.376509893,-4.236562056,2.27E-05,0.00066873,Downregulated,,
55086,ENSG00000147231,RADX,"RPA1 related single stranded DNA binding protein, X-linked",142.7793288,-1.599297002,0.580980932,-2.752752997,0.005909646,0.039993986,Downregulated,,
5764,ENSG00000105894,PTN,pleiotrophin,202.0234059,-1.601191635,0.450721338,-3.552509055,0.000381576,0.005665552,Downregulated,,
653361,ENSG00000158517,NCF1,neutrophil cytosolic factor 1,241.531767,-1.601333497,0.540991815,-2.959995792,0.003076432,0.025674486,Downregulated,,
3983,ENSG00000099204,ABLIM1,actin binding LIM protein 1,6501.361279,-1.601971778,0.443401034,-3.612918452,0.00030277,0.004806746,Downregulated,,
148823,ENSG00000169224,GCSAML,germinal center associated signaling and motility like,81.88221267,-1.606471975,0.501098071,-3.20590333,0.001346392,0.014343396,Downregulated,,
10023,ENSG00000165879,FRAT1,FRAT regulator of WNT signaling pathway 1,205.3344541,-1.607922946,0.346883078,-4.635345596,3.56E-06,0.000151012,Downregulated,,
85407,ENSG00000140807,NKD1,NKD inhibitor of WNT signaling pathway 1,705.7534303,-1.608368181,0.60420119,-2.661974532,0.007768376,0.048885789,Downregulated,,
221,ENSG00000006534,ALDH3B1,aldehyde dehydrogenase 3 family member B1,1850.88164,-1.60877996,0.438534967,-3.668532913,0.000243946,0.004111567,Downregulated,,
6038,ENSG00000258818,RNASE4,ribonuclease A family member 4,1159.348126,-1.608818169,0.455577536,-3.531381689,0.000413395,0.006022928,Downregulated,,
574432,ENSG00000203684,IBA57-DT,IBA57 divergent transcript,6.564258623,-1.608919882,0.579103088,-2.778296155,0.005464479,0.037833502,Downregulated,,
2170,ENSG00000121769,FABP3,fatty acid binding protein 3,287.3233673,-1.610179968,0.59390701,-2.711165117,0.006704723,0.043891697,Downregulated,,
115361,ENSG00000162654,GBP4,guanylate binding protein 4,1998.728886,-1.614478727,0.46180209,-3.496040321,0.000472217,0.006647756,Downregulated,,
6442,ENSG00000108823,SGCA,sarcoglycan alpha,176.2158959,-1.617472025,0.461907625,-3.501721852,0.000462262,0.006565067,Downregulated,,
1346,ENSG00000161281,COX7A1,cytochrome c oxidase subunit 7A1,161.3291686,-1.618662034,0.312190267,-5.184857452,2.16E-07,1.69E-05,Downregulated,,
114789,ENSG00000148339,SLC25A25,solute carrier family 25 member 25,1077.712141,-1.619879263,0.495592771,-3.268569194,0.001080927,0.012282928,Downregulated,,
57101,ENSG00000047617,ANO2,anoctamin 2,82.88447937,-1.622302916,0.474020838,-3.422429537,0.000620642,0.008133977,Downregulated,,
105371478,,,,58.34322923,-1.622563392,0.473841591,-3.424273897,0.000616445,0.008102535,Downregulated,,
5734,ENSG00000171522,PTGER4,prostaglandin E receptor 4,962.6158352,-1.622887243,0.485969716,-3.339482254,0.000839347,0.010179458,Downregulated,,
80177,ENSG00000120279,MYCT1,MYC target 1,637.3449691,-1.624179989,0.508425564,-3.194528569,0.001400594,0.01476469,Downregulated,,
222223,ENSG00000164659,ELAPOR2,endosome-lysosome associated apoptosis and autophagy regulator family member 2,1208.250481,-1.625423556,0.571214052,-2.845559471,0.004433348,0.033097441,Downregulated,,
9034,ENSG00000121797,CCRL2,C-C motif chemokine receptor like 2,363.3762859,-1.627403129,0.512578401,-3.174935044,0.0014987,0.015461879,Downregulated,,
5155,ENSG00000100311,PDGFB,platelet derived growth factor subunit B,642.6053704,-1.628114844,0.460585082,-3.534884015,0.000407954,0.005952409,Downregulated,,
58475,ENSG00000166927,MS4A7,membrane spanning 4-domains A7,3160.511562,-1.629973067,0.470201295,-3.466543128,0.000527197,0.007209512,Downregulated,,
152206,ENSG00000244607,CCDC13,coiled-coil domain containing 13,53.95980841,-1.630134749,0.603434285,-2.701428789,0.006904226,0.044769099,Downregulated,,
55711,ENSG00000064763,FAR2,fatty acyl-CoA reductase 2,536.5761283,-1.630773841,0.303131235,-5.379761805,7.46E-08,6.98E-06,Downregulated,,
9674,ENSG00000235750,KIAA0040,KIAA0040,1911.520504,-1.631155058,0.229102564,-7.119759082,1.08E-12,5.41E-10,Downregulated,,
58189,ENSG00000103175,WFDC1,WAP four-disulfide core domain 1,202.6113466,-1.631935785,0.36911585,-4.421202134,9.82E-06,0.000336145,Downregulated,,
4145,ENSG00000007264,MATK,megakaryocyte-associated tyrosine kinase,178.3510965,-1.632144115,0.46640471,-3.499416026,0.000466278,0.006604168,Downregulated,,
81563,ENSG00000116667,C1orf21,chromosome 1 open reading frame 21,1640.373486,-1.633227901,0.359355791,-4.544877083,5.50E-06,0.000212465,Downregulated,,
284276,ENSG00000266256,LINC00908,long intergenic non-protein coding RNA 908,24.63258729,-1.633990106,0.582646017,-2.804430233,0.005040559,0.035918617,Downregulated,,
126410,ENSG00000171954,CYP4F22,cytochrome P450 family 4 subfamily F member 22,10.76467695,-1.634788535,0.498217613,-3.281274073,0.001033393,0.01189962,Downregulated,,
23604,ENSG00000035664,DAPK2,death associated protein kinase 2,1033.542825,-1.637648641,0.591960824,-2.766481455,0.005666481,0.038785173,Downregulated,,
10397,ENSG00000104419,NDRG1,N-myc downstream regulated 1,6772.478454,-1.641184351,0.476007596,-3.447811264,0.000565149,0.007572014,Downregulated,,
84617,ENSG00000176014,TUBB6,tubulin beta 6 class V,1731.312071,-1.641396944,0.484862369,-3.385284252,0.000711046,0.009044537,Downregulated,,
83604,ENSG00000147027,TMEM47,transmembrane protein 47,1209.278218,-1.644598015,0.368920661,-4.457863686,8.28E-06,0.000294358,Downregulated,,
3823,ENSG00000205810,KLRC3,killer cell lectin like receptor C3,24.55897094,-1.64472838,0.562921299,-2.921773229,0.003480448,0.028031606,Downregulated,,
80323,ENSG00000166510,CCDC68,coiled-coil domain containing 68,673.3739173,-1.645208043,0.544380971,-3.022163025,0.002509753,0.022069136,Downregulated,,
345895,ENSG00000111834,RSPH4A,radial spoke head component 4A,248.1423342,-1.645235347,0.61264441,-2.685465368,0.007242888,0.046388639,Downregulated,,
85358,ENSG00000251322,SHANK3,SH3 and multiple ankyrin repeat domains 3,2339.527475,-1.64792603,0.493385966,-3.340034257,0.000837681,0.0101794,Downregulated,,
55450,ENSG00000162545,CAMK2N1,calcium/calmodulin dependent protein kinase II inhibitor 1,1326.913237,-1.649770063,0.410859711,-4.015409684,5.93E-05,0.001414309,Downregulated,,
114757,ENSG00000161544,CYGB,cytoglobin,581.1938308,-1.650312843,0.518238996,-3.184462876,0.001450229,0.015135049,Downregulated,,
101927167,,GATA2-AS1,GATA2 antisense RNA 1,128.2856276,-1.653862486,0.520094429,-3.179927326,0.00147312,0.01528545,Downregulated,,
8516,ENSG00000077943,ITGA8,integrin subunit alpha 8,1456.251674,-1.653974365,0.546913095,-3.024199603,0.002492919,0.021999151,Downregulated,,
123041,ENSG00000140090,SLC24A4,solute carrier family 24 member 4,138.0539124,-1.655293769,0.38418711,-4.308561438,1.64E-05,0.000515553,Downregulated,,
220213,ENSG00000165312,OTUD1,OTU deubiquitinase 1,796.3618423,-1.656075783,0.283597247,-5.839534051,5.23E-09,8.72E-07,Downregulated,,
4129,ENSG00000069535,MAOB,monoamine oxidase B,880.2029375,-1.656319438,0.518397651,-3.195075124,0.001397944,0.014744596,Downregulated,,
653513,,LOC653513,phosphodiesterase 4D interacting protein-like,107.9679591,-1.659247416,0.511724092,-3.24246492,0.001185005,0.013090513,Downregulated,,
654,ENSG00000153162,BMP6,bone morphogenetic protein 6,237.6810028,-1.661250609,0.531396539,-3.126197648,0.001770825,0.017271858,Downregulated,,
59274,ENSG00000140406,TLNRD1,talin rod domain containing 1,870.0600664,-1.662172826,0.364754877,-4.55695847,5.19E-06,0.000203786,Downregulated,,
27233,ENSG00000198075,SULT1C4,sulfotransferase family 1C member 4,349.6719492,-1.663431325,0.513753251,-3.237802038,0.001204544,0.013188788,Downregulated,,
84976,ENSG00000154309,DISP1,dispatched RND transporter family member 1,634.060321,-1.663938144,0.288319621,-5.771158187,7.87E-09,1.16E-06,Downregulated,,
10326,ENSG00000101307,SIRPB1,signal regulatory protein beta 1,360.0977866,-1.66539632,0.580231598,-2.870226865,0.004101774,0.031282187,Downregulated,,
10370,ENSG00000164442,CITED2,Cbp/p300 interacting transactivator with Glu/Asp rich carboxy-terminal domain 2,3172.391911,-1.665469628,0.475169607,-3.505000329,0.000456607,0.006509026,Downregulated,,
51090,ENSG00000102934,PLLP,plasmolipin,658.5999101,-1.670215831,0.55535577,-3.007470024,0.002634321,0.02294069,Downregulated,,
8530,ENSG00000077984,CST7,cystatin F,299.3596113,-1.670911171,0.49466292,-3.377878359,0.000730474,0.009219966,Downregulated,,
1263,ENSG00000173846,PLK3,polo like kinase 3,790.6113054,-1.671136092,0.587361579,-2.845157313,0.004438949,0.033102643,Downregulated,,
1318,ENSG00000136867,SLC31A2,solute carrier family 31 member 2,1163.264612,-1.674671357,0.489555868,-3.42079723,0.000624379,0.00816668,Downregulated,,
85495,ENSG00000277209,RPPH1,ribonuclease P RNA component H1,17.2117328,-1.675025847,0.582677999,-2.874702408,0.004044085,0.031009341,Downregulated,,
128102,,HSD3BP4,"hydroxy-delta-5-steroid dehydrogenase, 3 beta, pseudogene 4",30.25121306,-1.678159057,0.556802928,-3.013919238,0.002578964,0.02257761,Downregulated,,
255480,ENSG00000255399,TBX5-AS1,TBX5 antisense RNA 1,358.5461171,-1.679204298,0.482270257,-3.481874062,0.000497918,0.006899519,Downregulated,,
23492,ENSG00000100307,CBX7,chromobox 7,1756.411261,-1.680881776,0.496551151,-3.385113039,0.000711489,0.009044537,Downregulated,,
25890,ENSG00000154175,ABI3BP,ABI family member 3 binding protein,3250.267221,-1.681408749,0.626334388,-2.684522487,0.00726335,0.046489658,Downregulated,,
5743,ENSG00000073756,PTGS2,prostaglandin-endoperoxide synthase 2,1692.720776,-1.684488869,0.608851631,-2.766665609,0.005663281,0.038776658,Downregulated,,
284359,ENSG00000182264,IZUMO1,izumo sperm-oocyte fusion 1,19.99550007,-1.685819842,0.559342912,-3.013929032,0.002578881,0.02257761,Downregulated,,
407026,ENSG00000284214,MIR29C,microRNA 29c,38.90713478,-1.68593692,0.565165188,-2.983086993,0.002853569,0.0242535,Downregulated,,
83878,ENSG00000130307,USHBP1,USH1 protein network component harmonin binding protein 1,225.2650098,-1.687675705,0.505463041,-3.338870636,0.000841197,0.010195661,Downregulated,,
100506012,ENSG00000291145,PPP5D1P,"PPP5 tetratricopeptide repeat domain containing 1, pseudogene",13.1624516,-1.692447677,0.469482535,-3.604921485,0.000312247,0.004910033,Downregulated,,
5175,ENSG00000261371,PECAM1,platelet and endothelial cell adhesion molecule 1,13268.96593,-1.692524471,0.380499541,-4.448164293,8.66E-06,0.000305576,Downregulated,,
115727,ENSG00000171777,RASGRP4,RAS guanyl releasing protein 4,259.5053219,-1.697112447,0.43259929,-3.923058792,8.74E-05,0.001909345,Downregulated,,
8809,ENSG00000115604,IL18R1,interleukin 18 receptor 1,580.4289804,-1.697630692,0.589736076,-2.87862785,0.003994093,0.030780754,Downregulated,,
57608,ENSG00000165757,JCAD,junctional cadherin 5 associated,3156.692499,-1.699696448,0.536780853,-3.166462513,0.001543052,0.015755502,Downregulated,,
78986,ENSG00000133878,DUSP26,dual specificity phosphatase 26,27.70357045,-1.699807574,0.626678199,-2.712408981,0.006679612,0.043756205,Downregulated,,
92235,ENSG00000198842,STYXL2,serine/threonine/tyrosine interacting like 2,9.755555318,-1.701040369,0.605531407,-2.809169512,0.004966949,0.035555821,Downregulated,,
483,ENSG00000069849,ATP1B3,ATPase Na+/K+ transporting subunit beta 3,3518.084269,-1.701799811,0.557879208,-3.050480795,0.002284753,0.02077229,Downregulated,,
57631,ENSG00000130224,LRCH2,leucine rich repeats and calponin homology domain containing 2,201.3455752,-1.702755296,0.427711582,-3.981082971,6.86E-05,0.001587292,Downregulated,,
221692,ENSG00000112137,PHACTR1,phosphatase and actin regulator 1,826.5756966,-1.705118135,0.492124777,-3.464808546,0.000530609,0.007236209,Downregulated,,
80760,ENSG00000123243,ITIH5,inter-alpha-trypsin inhibitor heavy chain 5,1173.050887,-1.705531443,0.611412583,-2.789493526,0.005279055,0.037093687,Downregulated,,
79026,ENSG00000124942,AHNAK,AHNAK nucleoprotein,58537.59433,-1.706272331,0.25656829,-6.650363264,2.92E-11,9.83E-09,Downregulated,,
2295,ENSG00000137273,FOXF2,forkhead box F2,330.2913704,-1.708551777,0.541603684,-3.154616239,0.001607093,0.016185551,Downregulated,,
100188953,ENSG00000225194,LINC00092,long intergenic non-protein coding RNA 92,29.93732166,-1.711965101,0.587726433,-2.912860479,0.003581346,0.028562217,Downregulated,,
116966,ENSG00000150627,WDR17,WD repeat domain 17,141.2267918,-1.712664056,0.629566403,-2.720386679,0.006520562,0.043012685,Downregulated,,
7399,ENSG00000042781,USH2A,usherin,7.993955836,-1.712796396,0.547738427,-3.127033472,0.001765798,0.017231306,Downregulated,,
8639,ENSG00000131471,AOC3,amine oxidase copper containing 3,3503.842595,-1.713170378,0.516550713,-3.316557957,0.000911337,0.010814408,Downregulated,,
22899,ENSG00000198844,ARHGEF15,Rho guanine nucleotide exchange factor 15,819.7861789,-1.713937749,0.615566679,-2.78432509,0.005363924,0.037385327,Downregulated,,
6556,ENSG00000018280,SLC11A1,solute carrier family 11 member 1,2871.896649,-1.717065072,0.616072493,-2.787115299,0.005317955,0.037215215,Downregulated,,
57513,ENSG00000177303,CASKIN2,CASK interacting protein 2,1155.978993,-1.718763707,0.2581692,-6.657508749,2.79E-11,9.52E-09,Downregulated,,
1831,ENSG00000157514,TSC22D3,TSC22 domain family member 3,9257.190905,-1.718974933,0.630071057,-2.728223926,0.006367637,0.042297583,Downregulated,,
57595,ENSG00000067840,PDZD4,PDZ domain containing 4,178.6591687,-1.721472376,0.515783144,-3.337589444,0.000845085,0.010231691,Downregulated,,
6023,ENSG00000277027,RMRP,RNA component of mitochondrial RNA processing endoribonuclease,20.50932342,-1.72389647,0.633701051,-2.720362333,0.006521042,0.043012685,Downregulated,,
306,ENSG00000138772,ANXA3,annexin A3,2225.95806,-1.725696125,0.63094099,-2.735114932,0.00623585,0.041619208,Downregulated,,
10044,ENSG00000095370,SH2D3C,SH2 domain containing 3C,1062.943741,-1.72783097,0.483062165,-3.576829438,0.000347787,0.005296672,Downregulated,,
26153,ENSG00000066735,KIF26A,kinesin family member 26A,217.0219358,-1.727861474,0.593493294,-2.911341194,0.003598808,0.028666895,Downregulated,,
26095,ENSG00000204179,PTPN20,protein tyrosine phosphatase non-receptor type 20,39.37461433,-1.728141031,0.532453484,-3.245618789,0.001171957,0.012996692,Downregulated,,
29931,,LINC00312,long intergenic non-protein coding RNA 312,256.8627106,-1.729548491,0.306376615,-5.645171348,1.65E-08,2.07E-06,Downregulated,,
375061,ENSG00000182118,FAM89A,family with sequence similarity 89 member A,281.8675025,-1.732510967,0.24594044,-7.044433073,1.86E-12,8.59E-10,Downregulated,,
23037,ENSG00000133401,PDZD2,PDZ domain containing 2,1921.187259,-1.733792588,0.612763282,-2.829465536,0.004662582,0.034103409,Downregulated,,
142684,ENSG00000172476,RAB40A,"RAB40A, member RAS oncogene family",58.26501159,-1.734003669,0.483197269,-3.588604035,0.000332453,0.00511421,Downregulated,,
9052,ENSG00000013588,GPRC5A,G protein-coupled receptor class C group 5 member A,6044.870928,-1.735317164,0.477828816,-3.631671228,0.000281592,0.004536326,Downregulated,,
29992,ENSG00000085514,PILRA,paired immunoglobin like type 2 receptor alpha,479.3937246,-1.735753147,0.465251629,-3.730783602,0.000190885,0.00347725,Downregulated,,
100506585,,PTPRN2-AS1,PTPRN2 antisense RNA 1,156.2976431,-1.738599514,0.402502721,-4.319472701,1.56E-05,0.000496209,Downregulated,,
2070,ENSG00000112319,EYA4,EYA transcriptional coactivator and phosphatase 4,114.2157842,-1.739653456,0.534621575,-3.253990368,0.001137961,0.012748382,Downregulated,,
6865,ENSG00000075073,TACR2,tachykinin receptor 2,19.84600965,-1.739952289,0.494472012,-3.51880844,0.00043349,0.006251393,Downregulated,,
2627,ENSG00000141448,GATA6,GATA binding protein 6,837.7608291,-1.740049295,0.366302803,-4.750302977,2.03E-06,9.75E-05,Downregulated,,
90139,ENSG00000157570,TSPAN18,tetraspanin 18,752.954166,-1.741550089,0.600129731,-2.901956025,0.003708406,0.029296407,Downregulated,,
54810,ENSG00000137960,GIPC2,GIPC PDZ domain containing family member 2,168.4195043,-1.742855451,0.443292572,-3.931614381,8.44E-05,0.001861088,Downregulated,,
693199,ENSG00000283759,MIR614,microRNA 614,304.9948037,-1.744488625,0.497454931,-3.506827486,0.000453483,0.006469148,Downregulated,,
3397,ENSG00000125968,ID1,inhibitor of DNA binding 1,1324.428211,-1.745407677,0.311938519,-5.595357959,2.20E-08,2.61E-06,Downregulated,,
8622,ENSG00000113231,PDE8B,phosphodiesterase 8B,311.2088935,-1.747844881,0.377110117,-4.634839545,3.57E-06,0.000151028,Downregulated,,
712,ENSG00000173372,C1QA,complement C1q A chain,5961.067187,-1.747960211,0.533959678,-3.273580916,0.00106194,0.012142741,Downregulated,,
55022,ENSG00000153823,PID1,phosphotyrosine interaction domain containing 1,842.167227,-1.749629847,0.354352109,-4.937546024,7.91E-07,4.60E-05,Downregulated,,
3725,ENSG00000177606,JUN,"Jun proto-oncogene, AP-1 transcription factor subunit",7661.891819,-1.752420708,0.516833438,-3.39068756,0.000697175,0.00893382,Downregulated,,
64115,ENSG00000107738,VSIR,V-set immunoregulatory receptor,2237.101041,-1.753933764,0.455951434,-3.846755669,0.000119692,0.002441746,Downregulated,,
64499,ENSG00000197253,TPSB2,tryptase beta 2,1452.475195,-1.756883867,0.637478902,-2.755987471,0.005851524,0.039695473,Downregulated,,
5187,ENSG00000179094,PER1,period circadian regulator 1,4346.675224,-1.763073766,0.641343604,-2.749031495,0.005977164,0.04028866,Downregulated,,
79845,ENSG00000133874,RNF122,ring finger protein 122,380.1376586,-1.766149679,0.616891198,-2.86298408,0.004196716,0.031810662,Downregulated,,
10272,ENSG00000070404,FSTL3,follistatin like 3,1350.706267,-1.766964103,0.468685083,-3.770045536,0.000163218,0.003105993,Downregulated,,
90627,ENSG00000133121,STARD13,StAR related lipid transfer domain containing 13,1010.268799,-1.768434058,0.328125402,-5.38950671,7.07E-08,6.66E-06,Downregulated,,
9079,ENSG00000169744,LDB2,LIM domain binding 2,1560.233574,-1.76965351,0.479698254,-3.689097255,0.000225051,0.003894014,Downregulated,,
57514,ENSG00000031081,ARHGAP31,Rho GTPase activating protein 31,2436.733429,-1.773513709,0.340641189,-5.206398306,1.93E-07,1.55E-05,Downregulated,,
283481,ENSG00000272143,FGF14-AS2,FGF14 antisense RNA 2,29.63333803,-1.773760205,0.412905218,-4.295804767,1.74E-05,0.00054098,Downregulated,,
388,ENSG00000143878,RHOB,ras homolog family member B,8532.639865,-1.775605139,0.580399558,-3.059280655,0.002218692,0.020339548,Downregulated,,
2247,ENSG00000138685,FGF2,fibroblast growth factor 2,389.4388943,-1.77567801,0.521595089,-3.404322712,0.000663283,0.008585017,Downregulated,,
102724094,ENSG00000227053,MUC12-AS1,MUC12 antisense RNA 1,10.90980639,-1.780412781,0.610298503,-2.91728191,0.003530965,0.02831197,Downregulated,,
90952,ENSG00000149564,ESAM,endothelial cell adhesion molecule,1662.941298,-1.78218108,0.380876404,-4.679158543,2.88E-06,0.000127416,Downregulated,,
284119,ENSG00000177469,CAVIN1,caveolae associated protein 1,8377.146301,-1.783959329,0.3734317,-4.777203783,1.78E-06,8.75E-05,Downregulated,,
79966,ENSG00000145284,SCD5,stearoyl-CoA desaturase 5,619.1763522,-1.785614772,0.403775021,-4.422301232,9.77E-06,0.000335523,Downregulated,,
101929730,ENSG00000238078,LINC01352,long intergenic non-protein coding RNA 1352,25.46087105,-1.785712007,0.514110194,-3.473403229,0.000513903,0.007063159,Downregulated,,
597,ENSG00000140379,BCL2A1,BCL2 related protein A1,479.1465522,-1.786038627,0.539340194,-3.311525171,0.000927889,0.010977989,Downregulated,,
4739,ENSG00000111859,NEDD9,"neural precursor cell expressed, developmentally down-regulated 9",4341.466266,-1.786737373,0.359114107,-4.975402914,6.51E-07,3.90E-05,Downregulated,,
152330,ENSG00000144619,CNTN4,contactin 4,148.4326578,-1.78681859,0.518271639,-3.447648793,0.000565489,0.007572014,Downregulated,,
25976,ENSG00000163659,TIPARP,TCDD inducible poly(ADP-ribose) polymerase,2187.855102,-1.790014334,0.491593428,-3.641249519,0.000271318,0.004423559,Downregulated,,
22998,ENSG00000064042,LIMCH1,LIM and calponin homology domains 1,6581.820254,-1.796119203,0.520546083,-3.450451865,0.000559649,0.007544038,Downregulated,,
128209,ENSG00000171872,KLF17,KLF transcription factor 17,15.7278806,-1.797973265,0.620819467,-2.896129006,0.003777971,0.029658746,Downregulated,,
100129316,,LOC100129316,uncharacterized LOC100129316,12.73832412,-1.805972081,0.548298502,-3.293775331,0.000988515,0.01149634,Downregulated,,
1454,ENSG00000213923,CSNK1E,casein kinase 1 epsilon,21.6223053,-1.809747447,0.529263532,-3.419369249,0.000627665,0.008193527,Downregulated,,
100129697,,LOC100129697,uncharacterized LOC100129697,9.036829751,-1.809760654,0.578982223,-3.125762038,0.00177345,0.017283009,Downregulated,,
2624,ENSG00000179348,GATA2,GATA binding protein 2,655.2586768,-1.810927904,0.383155285,-4.726355015,2.29E-06,0.000107154,Downregulated,,
3383,ENSG00000090339,ICAM1,intercellular adhesion molecule 1,9513.685879,-1.814837474,0.670417936,-2.707024044,0.006788934,0.044311314,Downregulated,,
103689912,ENSG00000267280,TBX2-AS1,TBX2 antisense RNA 1,40.6039684,-1.818358264,0.539483977,-3.370551012,0.00075018,0.009390847,Downregulated,,
9353,ENSG00000145147,SLIT2,slit guidance ligand 2,2471.400561,-1.825608538,0.394216211,-4.630982915,3.64E-06,0.000152891,Downregulated,,
58494,ENSG00000154721,JAM2,junctional adhesion molecule 2,897.2026431,-1.826647664,0.485548751,-3.762027316,0.000168542,0.003176818,Downregulated,,
713,ENSG00000173369,C1QB,complement C1q B chain,7036.429223,-1.828117661,0.624878632,-2.92555637,0.003438409,0.027771979,Downregulated,,
8613,ENSG00000162407,PLPP3,phospholipid phosphatase 3,3556.937566,-1.82934363,0.356138926,-5.13660119,2.80E-07,2.04E-05,Downregulated,,
710,ENSG00000149131,SERPING1,serpin family G member 1,12744.55144,-1.829708511,0.557096228,-3.284367079,0.001022117,0.011797182,Downregulated,,
8825,ENSG00000111052,LIN7A,"lin-7 homolog A, crumbs cell polarity complex component",435.5014007,-1.830670372,0.491552534,-3.724261898,0.000195887,0.003524731,Downregulated,,
3949,ENSG00000130164,LDLR,low density lipoprotein receptor,2972.412868,-1.832251124,0.423461258,-4.326844759,1.51E-05,0.000485746,Downregulated,,
2615,ENSG00000137507,LRRC32,leucine rich repeat containing 32,2034.684247,-1.832336327,0.634909255,-2.885981442,0.003901952,0.030282505,Downregulated,,
152273,ENSG00000154783,FGD5,"FYVE, RhoGEF and PH domain containing 5",1621.615742,-1.832875198,0.37897949,-4.836344036,1.32E-06,6.97E-05,Downregulated,,
947,ENSG00000174059,CD34,CD34 molecule,3030.258601,-1.832883224,0.687044802,-2.667778314,0.007635462,0.048279202,Downregulated,,
54438,ENSG00000145990,GFOD1,Gfo/Idh/MocA-like oxidoreductase domain containing 1,768.8606794,-1.833155783,0.502125389,-3.650792857,0.000261432,0.004305594,Downregulated,,
3575,ENSG00000168685,IL7R,interleukin 7 receptor,3464.54016,-1.833580216,0.490996809,-3.734403531,0.000188161,0.003445094,Downregulated,,
2334,ENSG00000155966,AFF2,ALF transcription elongation factor 2,135.7583975,-1.834292746,0.322103447,-5.69473181,1.24E-08,1.68E-06,Downregulated,,
64236,ENSG00000120913,PDLIM2,PDZ and LIM domain 2,1200.111912,-1.837423491,0.338758984,-5.423984542,5.83E-08,5.84E-06,Downregulated,,
9467,ENSG00000131370,SH3BP5,SH3 domain binding protein 5,546.9422524,-1.837733649,0.313250944,-5.866649985,4.45E-09,7.73E-07,Downregulated,,
1043,ENSG00000169442,CD52,CD52 molecule,1107.458593,-1.839385335,0.410623947,-4.479488715,7.48E-06,0.000272229,Downregulated,,
151306,ENSG00000179921,GPBAR1,G protein-coupled bile acid receptor 1,41.39471847,-1.839526287,0.402429482,-4.571052494,4.85E-06,0.000193226,Downregulated,,
5317,ENSG00000081277,PKP1,plakophilin 1,78.81171717,-1.839634393,0.575136271,-3.198606116,0.001380937,0.014635833,Downregulated,,
100130520,ENSG00000284690,CD300H,CD300H molecule (gene/pseudogene),17.53733838,-1.843303717,0.691095871,-2.667218537,0.007648192,0.048313477,Downregulated,,
10957,ENSG00000146278,PNRC1,proline rich nuclear receptor coactivator 1,3929.260143,-1.84489825,0.562508873,-3.279767377,0.001038927,0.011942542,Downregulated,,
22979,ENSG00000084710,EFR3B,EFR3 homolog B,227.5258569,-1.845894954,0.69257154,-2.665276939,0.007692495,0.048469804,Downregulated,,
6383,ENSG00000169439,SDC2,syndecan 2,2047.254474,-1.847929591,0.51315284,-3.601129035,0.000316838,0.004954721,Downregulated,,
4783,ENSG00000165030,NFIL3,"nuclear factor, interleukin 3 regulated",1544.37145,-1.849009139,0.667577555,-2.769729337,0.005610289,0.038564308,Downregulated,,
3742,ENSG00000151079,KCNA6,potassium voltage-gated channel subfamily A member 6,16.75433578,-1.850352318,0.642603933,-2.879459996,0.003983568,0.030723522,Downregulated,,
221749,ENSG00000168994,PXDC1,PX domain containing 1,1316.73537,-1.850799168,0.380026622,-4.87018293,1.11E-06,6.07E-05,Downregulated,,
30009,ENSG00000073861,TBX21,T-box transcription factor 21,102.8301291,-1.851437744,0.53356931,-3.469910486,0.000520632,0.007144366,Downregulated,,
140706,ENSG00000101331,CCM2L,CCM2 like scaffold protein,266.1011878,-1.853788211,0.507813804,-3.65052741,0.000261702,0.00430647,Downregulated,,
6547,ENSG00000100678,SLC8A3,solute carrier family 8 member A3,40.71474771,-1.856404518,0.652412258,-2.845447025,0.004434914,0.033097441,Downregulated,,
9592,ENSG00000160888,IER2,immediate early response 2,2820.353106,-1.8597033,0.446236383,-4.167529523,3.08E-05,0.00086239,Downregulated,,
51162,ENSG00000172889,EGFL7,EGF like domain multiple 7,1646.812881,-1.86163316,0.486878838,-3.823606646,0.000131514,0.002641848,Downregulated,,
3399,ENSG00000117318,ID3,inhibitor of DNA binding 3,1308.690252,-1.863011444,0.437699736,-4.256368674,2.08E-05,0.000624235,Downregulated,,
50846,ENSG00000139549,DHH,desert hedgehog signaling molecule,16.75027743,-1.864043329,0.643730766,-2.895687805,0.003783286,0.029658746,Downregulated,,
101928988,ENSG00000259351,LOC101928988,uncharacterized LOC101928988,28.62560725,-1.869655856,0.595572093,-3.139260349,0.001693749,0.016767187,Downregulated,,
10810,ENSG00000132970,WASF3,WASP family member 3,596.3711282,-1.869765362,0.566431777,-3.300954215,0.000963566,0.011292288,Downregulated,,
55084,ENSG00000112320,SOBP,sine oculis binding protein homolog,220.0769495,-1.871977995,0.499829059,-3.74523642,0.000180224,0.003327431,Downregulated,,
100507055,ENSG00000204583,LRCOL1,leucine rich colipase like 1,36.02349823,-1.875356961,0.513832442,-3.649744173,0.000262502,0.00431604,Downregulated,,
84969,ENSG00000124191,TOX2,TOX high mobility group box family member 2,306.9511841,-1.878254747,0.451435327,-4.160628632,3.17E-05,0.000880166,Downregulated,,
10560,ENSG00000117479,SLC19A2,solute carrier family 19 member 2,1655.917709,-1.879243111,0.696919093,-2.696501115,0.007007216,0.045229848,Downregulated,,
25823,ENSG00000116176,TPSG1,tryptase gamma 1,17.8029795,-1.881314045,0.656077441,-2.867518266,0.004137049,0.031454582,Downregulated,,
57801,ENSG00000188290,HES4,hes family bHLH transcription factor 4,255.2320328,-1.889078229,0.494612944,-3.819306089,0.000133828,0.002675068,Downregulated,,
7499,ENSG00000124343,XG,Xg glycoprotein (Xg blood group),20.47129631,-1.892643204,0.581528215,-3.254602536,0.001135512,0.012735328,Downregulated,,
51705,ENSG00000164035,EMCN,endomucin,1236.250877,-1.893019846,0.578680237,-3.271270946,0.001070653,0.012207342,Downregulated,,
29950,ENSG00000197019,SERTAD1,SERTA domain containing 1,569.7858346,-1.894912903,0.569624793,-3.326598363,0.00087913,0.010529141,Downregulated,,
105375304,ENSG00000225792,SNX10-AS1,SNX10 antisense RNA 1,15.6676527,-1.895564296,0.487768033,-3.886200339,0.000101825,0.002159463,Downregulated,,
25840,ENSG00000185432,TMT1A,thiol methyltransferase 1A,4196.231809,-1.898219686,0.507232308,-3.742308318,0.000182338,0.003357077,Downregulated,,
84701,ENSG00000131055,COX4I2,cytochrome c oxidase subunit 4I2,148.1233864,-1.899048714,0.393253071,-4.829075353,1.37E-06,7.12E-05,Downregulated,,
54626,ENSG00000069812,HES2,hes family bHLH transcription factor 2,74.43366442,-1.900486559,0.643157308,-2.954932695,0.003127373,0.025926213,Downregulated,,
4915,ENSG00000148053,NTRK2,neurotrophic receptor tyrosine kinase 2,307.1588719,-1.900674006,0.634236996,-2.996788296,0.002728401,0.023481539,Downregulated,,
408,ENSG00000137486,ARRB1,arrestin beta 1,2788.004312,-1.903452389,0.329555596,-5.775815712,7.66E-09,1.15E-06,Downregulated,,
3977,ENSG00000113594,LIFR,LIF receptor subunit alpha,4507.638527,-1.90348934,0.59747938,-3.185866162,0.001443213,0.015093607,Downregulated,,
7111,ENSG00000136842,TMOD1,tropomodulin 1,256.8769638,-1.903706005,0.647280971,-2.941081372,0.003270686,0.026777223,Downregulated,,
9745,ENSG00000198597,ZNF536,zinc finger protein 536,15.82783899,-1.903856045,0.667719476,-2.851281286,0.004354343,0.032717798,Downregulated,,
221303,ENSG00000183807,FAM162B,family with sequence similarity 162 member B,157.3889449,-1.904103852,0.535681058,-3.554547663,0.00037863,0.005649249,Downregulated,,
1316,ENSG00000067082,KLF6,KLF transcription factor 6,8692.813758,-1.905466422,0.432496642,-4.405736917,1.05E-05,0.00035684,Downregulated,,
54507,ENSG00000143382,ADAMTSL4,ADAMTS like 4,2282.834134,-1.917521295,0.38604772,-4.967057689,6.80E-07,4.04E-05,Downregulated,,
3090,ENSG00000177374,HIC1,HIC ZBTB transcriptional repressor 1,504.2867675,-1.91774895,0.649051895,-2.954692786,0.003129805,0.025926213,Downregulated,,
1827,ENSG00000159200,RCAN1,regulator of calcineurin 1,1728.416533,-1.919667042,0.645921462,-2.971982129,0.002958839,0.024899676,Downregulated,,
23205,ENSG00000103740,ACSBG1,acyl-CoA synthetase bubblegum family member 1,32.47749398,-1.919684619,0.597692374,-3.211827192,0.001318937,0.01409876,Downregulated,,
9754,ENSG00000130052,STARD8,StAR related lipid transfer domain containing 8,976.5598211,-1.922906498,0.469251254,-4.097818559,4.17E-05,0.001076813,Downregulated,,
222166,ENSG00000180354,MTURN,"maturin, neural progenitor differentiation regulator homolog",1727.755521,-1.924308794,0.344634384,-5.58362393,2.36E-08,2.75E-06,Downregulated,,
9452,ENSG00000078596,ITM2A,integral membrane protein 2A,997.1335402,-1.926639501,0.477483009,-4.034990704,5.46E-05,0.001323657,Downregulated,,
1012,ENSG00000140945,CDH13,cadherin 13,484.2547751,-1.927356346,0.343866642,-5.604952939,2.08E-08,2.50E-06,Downregulated,,
57453,ENSG00000177103,DSCAML1,DS cell adhesion molecule like 1,49.19091522,-1.927617902,0.56293935,-3.424201738,0.000616608,0.008102535,Downregulated,,
54,ENSG00000102575,ACP5,"acid phosphatase 5, tartrate resistant",4558.528928,-1.928970801,0.508143344,-3.796115454,0.000146981,0.002869467,Downregulated,,
10891,ENSG00000109819,PPARGC1A,PPARG coactivator 1 alpha,269.0209258,-1.929002599,0.477462333,-4.040114722,5.34E-05,0.001303073,Downregulated,,
100507392,ENSG00000254703,SENCR,smooth muscle and endothelial cell enriched migration/differentiation-associated lncRNA,29.98519627,-1.929254744,0.701272089,-2.751078753,0.005939936,0.040157857,Downregulated,,
123264,ENSG00000186198,SLC51B,solute carrier family 51 subunit beta,77.09696417,-1.929655769,0.500771786,-3.853363595,0.000116506,0.002396474,Downregulated,,
2995,ENSG00000136732,GYPC,glycophorin C (Gerbich blood group),948.2821727,-1.930594424,0.522929004,-3.691886299,0.000222597,0.003868427,Downregulated,,
2949,ENSG00000134201,GSTM5,glutathione S-transferase mu 5,194.2005064,-1.932134182,0.692072713,-2.791808065,0.005241444,0.036936402,Downregulated,,
6330,ENSG00000177098,SCN4B,sodium voltage-gated channel beta subunit 4,759.6043856,-1.93634514,0.572022315,-3.385086714,0.000711558,0.009044537,Downregulated,,
729648,,ZNF812P,"zinc finger protein 812, pseudogene",83.723557,-1.939731237,0.56440527,-3.436770246,0.000588695,0.007813406,Downregulated,,
259236,ENSG00000181585,TMIE,transmembrane inner ear,21.02487256,-1.941020565,0.535243414,-3.626425871,0.000287371,0.004613996,Downregulated,,
339453,ENSG00000205090,TMEM240,transmembrane protein 240,16.49231604,-1.943167128,0.515196202,-3.771703128,0.000162137,0.003091362,Downregulated,,
728882,,FAM182B,family with sequence similarity 182 member B,16.18596322,-1.943947616,0.678343417,-2.865727839,0.004160518,0.031596669,Downregulated,,
80014,ENSG00000151718,WWC2,WW and C2 domain containing 2,2453.999982,-1.94412819,0.494579236,-3.930873048,8.46E-05,0.001864762,Downregulated,,
162515,ENSG00000174326,SLC16A11,solute carrier family 16 member 11,54.1426637,-1.945710008,0.633719328,-3.070302453,0.002138421,0.019768182,Downregulated,,
91662,ENSG00000142405,NLRP12,NLR family pyrin domain containing 12,88.94665969,-1.946086069,0.466530744,-4.171399406,3.03E-05,0.000852688,Downregulated,,
88,ENSG00000077522,ACTN2,actinin alpha 2,127.0630446,-1.94624534,0.6532568,-2.979295953,0.002889116,0.024467979,Downregulated,,
1636,ENSG00000159640,ACE,angiotensin I converting enzyme,2748.625629,-1.950090247,0.26516648,-7.354211001,1.92E-13,1.19E-10,Downregulated,,
10865,ENSG00000196843,ARID5A,AT-rich interaction domain 5A,1245.642917,-1.952764145,0.641154357,-3.0457005,0.002321389,0.020951676,Downregulated,,
11099,ENSG00000070778,PTPN21,protein tyrosine phosphatase non-receptor type 21,1480.144715,-1.953282714,0.297626406,-6.562867668,5.28E-11,1.65E-08,Downregulated,,
7177,ENSG00000172236,TPSAB1,tryptase alpha/beta 1,1359.998777,-1.955734916,0.535230343,-3.654006057,0.00025818,0.004283817,Downregulated,,
55805,ENSG00000109771,LRP2BP,LRP2 binding protein,346.2833639,-1.961699973,0.483892602,-4.053998685,5.03E-05,0.001243313,Downregulated,,
728229,ENSG00000278558,TMEM191B,transmembrane protein 191B,9.067934926,-1.965773263,0.678796147,-2.895969979,0.003779886,0.029658746,Downregulated,,
3491,ENSG00000142871,CCN1,cellular communication network factor 1,8435.648698,-1.965864132,0.72766606,-2.70160207,0.00690063,0.044760414,Downregulated,,
2781,ENSG00000128266,GNAZ,G protein subunit alpha z,57.9909252,-1.965885863,0.413116244,-4.758674805,1.95E-06,9.40E-05,Downregulated,,
81027,ENSG00000101162,TUBB1,tubulin beta 1 class VI,80.13192218,-1.971479807,0.538758532,-3.659301322,0.000252904,0.004224794,Downregulated,,
3316,ENSG00000170276,HSPB2,heat shock protein family B (small) member 2,136.3000621,-1.973028749,0.535819033,-3.682267014,0.000231169,0.003969154,Downregulated,,
654817,ENSG00000165178,NCF1C,neutrophil cytosolic factor 1C (pseudogene),177.2133986,-1.973241555,0.625969967,-3.152294296,0.001619929,0.016239421,Downregulated,,
101929693,ENSG00000265666,RARA-AS1,RARA antisense RNA 1,8.579912998,-1.974502757,0.60112091,-3.284701502,0.001020905,0.011790499,Downregulated,,
10391,ENSG00000103647,CORO2B,coronin 2B,182.9579357,-1.980687908,0.444137325,-4.459629484,8.21E-06,0.000293332,Downregulated,,
100507098,ENSG00000241684,ADAMTS9-AS2,ADAMTS9 antisense RNA 2,82.27370379,-1.981599171,0.598896189,-3.308752346,0.000937127,0.011047735,Downregulated,,
100507466,,DPH6-DT,DPH6 divergent transcript,6.439034442,-1.982667575,0.601224221,-3.297717399,0.000974742,0.011369504,Downregulated,,
11067,ENSG00000165507,DEPP1,DEPP autophagy regulator 1,4270.329397,-1.984262722,0.598319874,-3.316391129,0.000911881,0.010814408,Downregulated,,
9717,ENSG00000103184,SEC14L5,SEC14 like lipid binding 5,28.08176538,-1.986237962,0.65397458,-3.037179154,0.002388035,0.021368385,Downregulated,,
9429,ENSG00000118777,ABCG2,ATP binding cassette subfamily G member 2 (Junior blood group),346.6220822,-1.986879352,0.424197299,-4.683856685,2.82E-06,0.000126013,Downregulated,,
161198,ENSG00000176435,CLEC14A,C-type lectin domain containing 14A,1267.598232,-1.989131985,0.461561761,-4.309568406,1.64E-05,0.000514025,Downregulated,,
23266,ENSG00000117114,ADGRL2,adhesion G protein-coupled receptor L2,2751.325018,-1.989953421,0.449913279,-4.42297108,9.74E-06,0.000335359,Downregulated,,
171558,ENSG00000171611,PTCRA,pre T cell antigen receptor alpha,28.19844738,-1.990149805,0.612351855,-3.250010249,0.001154008,0.012863925,Downregulated,,
5551,ENSG00000180644,PRF1,perforin 1,507.2948996,-1.991940372,0.557647503,-3.572042126,0.000354208,0.005364127,Downregulated,,
79901,ENSG00000071967,CYBRD1,cytochrome b reductase 1,8879.49296,-1.992357078,0.456515697,-4.364268505,1.28E-05,0.000422937,Downregulated,,
126014,ENSG00000170909,OSCAR,osteoclast associated Ig-like receptor,57.95836629,-1.992752404,0.71350051,-2.792923586,0.005223403,0.036872502,Downregulated,,
257019,ENSG00000172159,FRMD3,FERM domain containing 3,300.9636727,-1.996970611,0.340261097,-5.868936025,4.39E-09,7.70E-07,Downregulated,,
8698,ENSG00000125910,S1PR4,sphingosine-1-phosphate receptor 4,185.4995179,-1.998795086,0.484886945,-4.122187877,3.75E-05,0.000997539,Downregulated,,
4091,ENSG00000137834,SMAD6,SMAD family member 6,683.3052307,-1.999318276,0.503475219,-3.971036111,7.16E-05,0.001640437,Downregulated,,
51299,ENSG00000124785,NRN1,neuritin 1,304.0316589,-1.999770879,0.549319901,-3.640448628,0.000272163,0.004425006,Downregulated,,
81617,ENSG00000102547,CAB39L,calcium binding protein 39 like,785.3713917,-2.001258961,0.460445987,-4.346349015,1.38E-05,0.000451443,Downregulated,,
387694,ENSG00000178217,SH2D4B,SH2 domain containing 4B,14.38349647,-2.004227216,0.737090933,-2.719104421,0.006545894,0.043122436,Downregulated,,
57451,ENSG00000145934,TENM2,teneurin transmembrane protein 2,33.20703062,-2.004758392,0.631630155,-3.173943449,0.00150383,0.015498671,Downregulated,,
10203,ENSG00000064989,CALCRL,calcitonin receptor like receptor,3741.886003,-2.005815312,0.578802776,-3.465455586,0.000529334,0.007223787,Downregulated,,
2996,ENSG00000197465,GYPE,glycophorin E (MNS blood group),53.06332755,-2.006079155,0.662379089,-3.028596748,0.002456924,0.021739556,Downregulated,,
23460,ENSG00000154262,ABCA6,ATP binding cassette subfamily A member 6,918.2048046,-2.015152237,0.518251071,-3.888370618,0.000100919,0.002149443,Downregulated,,
5801,ENSG00000153233,PTPRR,protein tyrosine phosphatase receptor type R,28.67651339,-2.015781229,0.605194894,-3.330796823,0.000865978,0.010413265,Downregulated,,
219539,ENSG00000166793,YPEL4,yippee like 4,84.66868633,-2.015912523,0.542773524,-3.71409517,0.000203932,0.00362793,Downregulated,,
11251,ENSG00000183134,PTGDR2,prostaglandin D2 receptor 2,35.38105527,-2.016582093,0.618344825,-3.261258139,0.00110919,0.012514761,Downregulated,,
154,ENSG00000169252,ADRB2,adrenoceptor beta 2,432.8071073,-2.019091125,0.519953342,-3.883215978,0.000103084,0.002177721,Downregulated,,
54538,ENSG00000154133,ROBO4,roundabout guidance receptor 4,1313.758708,-2.021091515,0.556522096,-3.63164649,0.000281619,0.004536326,Downregulated,,
221458,ENSG00000164627,KIF6,kinesin family member 6,28.86866451,-2.024458183,0.577966894,-3.502723434,0.000460527,0.006550787,Downregulated,,
285489,ENSG00000175920,DOK7,docking protein 7,83.21017736,-2.02502862,0.751663359,-2.694063236,0.007058677,0.045458431,Downregulated,,
6886,ENSG00000162367,TAL1,"TAL bHLH transcription factor 1, erythroid differentiation factor",454.5313851,-2.027014589,0.558651879,-3.628403776,0.000285179,0.004586224,Downregulated,,
53826,ENSG00000137726,FXYD6,FXYD domain containing ion transport regulator 6,1253.982718,-2.028201344,0.410004204,-4.946781819,7.55E-07,4.45E-05,Downregulated,,
102724428,ENSG00000275993,LOC102724428,salt inducible kinase 1B (putative),652.3353036,-2.029339719,0.657550758,-3.086209992,0.002027256,0.019015354,Downregulated,,
102723701,ENSG00000183154,LOC102723701,uncharacterized LOC102723701,8.479572163,-2.035750772,0.737169267,-2.761578465,0.005752269,0.039196477,Downregulated,,
6982,ENSG00000211696,TRGV8,T cell receptor gamma variable 8,11.45740978,-2.036433097,0.603799292,-3.372698718,0.000744354,0.009335728,Downregulated,,
2791,ENSG00000127920,GNG11,G protein subunit gamma 11,1251.678673,-2.038242704,0.509955273,-3.99690485,6.42E-05,0.001509546,Downregulated,,
1634,ENSG00000011465,DCN,decorin,39620.19714,-2.04111749,0.645784245,-3.160680218,0.001574012,0.015952827,Downregulated,,
80726,ENSG00000130518,IQCN,IQ motif containing N,142.5416456,-2.042226794,0.564618362,-3.617003858,0.000298033,0.004750558,Downregulated,,
2203,ENSG00000165140,FBP1,fructose-bisphosphatase 1,3166.313956,-2.043999235,0.3623804,-5.640479551,1.70E-08,2.11E-06,Downregulated,,
101928548,,,,6.331473555,-2.04439412,0.75957111,-2.691511161,0.007112912,0.045763118,Downregulated,,
5950,ENSG00000138207,RBP4,retinol binding protein 4,135.0967474,-2.047244118,0.55624994,-3.680439258,0.000232833,0.003986905,Downregulated,,
9127,ENSG00000099957,P2RX6,purinergic receptor P2X 6,21.9210512,-2.048619724,0.601534014,-3.40565899,0.000660046,0.008554278,Downregulated,,
1906,ENSG00000078401,EDN1,endothelin 1,1133.184869,-2.049761344,0.727021982,-2.819393903,0.004811443,0.034819749,Downregulated,,
79987,ENSG00000165124,SVEP1,"sushi, von Willebrand factor type A, EGF and pentraxin domain containing 1",1956.869397,-2.051735411,0.557715344,-3.678821883,0.000234314,0.004002087,Downregulated,,
117532,ENSG00000149488,TMC2,transmembrane channel like 2,32.57752587,-2.051906792,0.720854662,-2.846491672,0.004420389,0.033051238,Downregulated,,
4118,ENSG00000172005,MAL,"mal, T cell differentiation protein",178.1330695,-2.052884849,0.641243433,-3.201412666,0.001367555,0.014524506,Downregulated,,
343450,ENSG00000162687,KCNT2,potassium sodium-activated channel subfamily T member 2,216.8209321,-2.054006016,0.464178339,-4.42503634,9.64E-06,0.000333688,Downregulated,,
119385,ENSG00000271880,AGAP11,"ArfGAP with GTPase domain, ankyrin repeat and PH domain 11",340.7280192,-2.055015604,0.544466256,-3.774367246,0.000160414,0.003064408,Downregulated,,
4056,ENSG00000213316,LTC4S,leukotriene C4 synthase,110.0729475,-2.056857214,0.237750712,-8.651318841,5.09E-18,7.21E-15,Downregulated,,
407019,ENSG00000207864,MIR27B,microRNA 27b,8.3146355,-2.060711295,0.685327545,-3.006899855,0.002639267,0.022973672,Downregulated,,
23135,ENSG00000132510,KDM6B,lysine demethylase 6B,2700.385728,-2.061393251,0.661405572,-3.116685643,0.001828965,0.017640069,Downregulated,,
4620,ENSG00000125414,MYH2,myosin heavy chain 2,7.180417794,-2.064603115,0.728976402,-2.832194718,0.004622969,0.03395427,Downregulated,,
387590,ENSG00000290418,TPTEP1,TPTE pseudogene 1,42.88594102,-2.066117467,0.746955363,-2.76605212,0.005673947,0.038820688,Downregulated,,
343521,ENSG00000188396,DYNLT4,dynein light chain Tctex-type 4,54.36237508,-2.0687324,0.412951041,-5.009631158,5.45E-07,3.48E-05,Downregulated,,
2264,ENSG00000160867,FGFR4,fibroblast growth factor receptor 4,890.3567237,-2.072216464,0.605152261,-3.424289385,0.000616409,0.008102535,Downregulated,,
338557,ENSG00000186188,FFAR4,free fatty acid receptor 4,189.8505617,-2.075229475,0.738250066,-2.811011568,0.004938601,0.035390853,Downregulated,,
56548,ENSG00000147119,CHST7,carbohydrate sulfotransferase 7,205.5715991,-2.080208935,0.625828941,-3.323925755,0.000887598,0.010602521,Downregulated,,
84417,ENSG00000119147,ECRG4,ECRG4 augurin precursor,142.6469712,-2.08042393,0.594943919,-3.496840398,0.000470803,0.006647756,Downregulated,,
5990,ENSG00000087903,RFX2,regulatory factor X2,539.0235855,-2.081196288,0.317506013,-6.554824809,5.57E-11,1.70E-08,Downregulated,,
1410,ENSG00000109846,CRYAB,crystallin alpha B,479.7506201,-2.082087793,0.529998589,-3.928477989,8.55E-05,0.001881338,Downregulated,,
646324,ENSG00000235770,LINC00607,long intergenic non-protein coding RNA 607,52.61672961,-2.082431638,0.601107645,-3.464323997,0.000531566,0.007244274,Downregulated,,
23462,ENSG00000164683,HEY1,hes related family bHLH transcription factor with YRPW motif 1,517.5486192,-2.083656678,0.534383968,-3.899175126,9.65E-05,0.002078082,Downregulated,,
4883,ENSG00000113389,NPR3,natriuretic peptide receptor 3,1341.645998,-2.086287571,0.586003685,-3.560195311,0.000370579,0.005552506,Downregulated,,
400831,ENSG00000215595,C20orf202,chromosome 20 open reading frame 202,24.43910968,-2.086984984,0.531596675,-3.925880429,8.64E-05,0.001893353,Downregulated,,
3400,ENSG00000172201,ID4,inhibitor of DNA binding 4,1366.421156,-2.089301516,0.548299929,-3.810508457,0.000138681,0.002752664,Downregulated,,
7222,ENSG00000138741,TRPC3,transient receptor potential cation channel subfamily C member 3,33.27915579,-2.09478943,0.555922441,-3.768132523,0.000164473,0.003123892,Downregulated,,
9002,ENSG00000127533,F2RL3,F2R like thrombin or trypsin receptor 3,185.5757529,-2.094820429,0.761720955,-2.750115268,0.00595743,0.040234975,Downregulated,,
6649,ENSG00000109610,SOD3,superoxide dismutase 3,1524.445399,-2.095826154,0.469103949,-4.467722257,7.91E-06,0.000284504,Downregulated,,
23430,ENSG00000095917,TPSD1,tryptase delta 1,209.7672135,-2.096748333,0.487481029,-4.301189597,1.70E-05,0.000530492,Downregulated,,
23645,ENSG00000087074,PPP1R15A,protein phosphatase 1 regulatory subunit 15A,4197.081435,-2.098229279,0.592409532,-3.541856038,0.000397322,0.005840254,Downregulated,,
4818,ENSG00000105374,NKG7,natural killer cell granule protein 7,319.1655379,-2.101320531,0.630947976,-3.330418056,0.000867157,0.010421123,Downregulated,,
10468,ENSG00000134363,FST,follistatin,163.1249037,-2.101572079,0.732989187,-2.867125621,0.004142186,0.031469501,Downregulated,,
6368,ENSG00000274736,CCL23,C-C motif chemokine ligand 23,25.86257936,-2.103604655,0.778059853,-2.703654028,0.006858165,0.044557851,Downregulated,,
100506047,,LINC02580,long intergenic non-protein coding RNA 2580,11.85895271,-2.104586037,0.785637851,-2.678824645,0.007388107,0.047060322,Downregulated,,
57576,ENSG00000117245,KIF17,kinesin family member 17,129.8670567,-2.105810582,0.394129955,-5.342934616,9.15E-08,8.13E-06,Downregulated,,
1604,ENSG00000196352,CD55,CD55 molecule (Cromer blood group),6784.366643,-2.10630952,0.291221909,-7.232661597,4.74E-13,2.61E-10,Downregulated,,
79825,ENSG00000114654,EFCC1,EF-hand and coiled-coil domain containing 1,395.8065565,-2.111545917,0.615424179,-3.431041531,0.000601269,0.007936553,Downregulated,,
64386,ENSG00000008516,MMP25,matrix metallopeptidase 25,256.4943591,-2.112035028,0.604137261,-3.495952268,0.000472373,0.006647756,Downregulated,,
10516,ENSG00000140092,FBLN5,fibulin 5,3166.21246,-2.116397108,0.641775195,-3.29772345,0.000974721,0.011369504,Downregulated,,
1003,ENSG00000179776,CDH5,cadherin 5,3044.383412,-2.118171494,0.47417096,-4.467105061,7.93E-06,0.000284809,Downregulated,,
51751,ENSG00000131097,HIGD1B,HIG1 hypoxia inducible domain family member 1B,134.3464407,-2.123478667,0.458102243,-4.635381511,3.56E-06,0.000151012,Downregulated,,
23416,ENSG00000135519,KCNH3,potassium voltage-gated channel subfamily H member 3,39.64519432,-2.124237269,0.755683237,-2.81101547,0.004938541,0.035390853,Downregulated,,
3373,ENSG00000114378,HYAL1,hyaluronidase 1,486.7757134,-2.127595541,0.546506373,-3.893084592,9.90E-05,0.002119468,Downregulated,,
2303,ENSG00000176692,FOXC2,forkhead box C2,18.92848209,-2.132122167,0.789523661,-2.700517126,0.006923177,0.044847985,Downregulated,,
687,ENSG00000119138,KLF9,KLF transcription factor 9,4317.484544,-2.133971619,0.512131092,-4.166846445,3.09E-05,0.000862598,Downregulated,,
1593,ENSG00000135929,CYP27A1,cytochrome P450 family 27 subfamily A member 1,2986.195685,-2.135035877,0.553425605,-3.857855249,0.000114386,0.00237008,Downregulated,,
255743,ENSG00000168743,NPNT,nephronectin,4402.141131,-2.136690898,0.545136299,-3.919553519,8.87E-05,0.001926718,Downregulated,,
102723854,ENSG00000231826,LINC01819,long intergenic non-protein coding RNA 1819,7.444136109,-2.138343383,0.786651519,-2.718285455,0.00656212,0.043186283,Downregulated,,
114815,ENSG00000108018,SORCS1,sortilin related VPS10 domain containing receptor 1,7.857967669,-2.139813039,0.726984462,-2.943409592,0.003246186,0.026609602,Downregulated,,
10351,ENSG00000141338,ABCA8,ATP binding cassette subfamily A member 8,1632.146619,-2.14250877,0.766971608,-2.793465557,0.005214658,0.036836999,Downregulated,,
474354,ENSG00000165383,LRRC18,leucine rich repeat containing 18,40.37726557,-2.144398056,0.706995494,-3.033114178,0.00242044,0.021547993,Downregulated,,
2867,ENSG00000126262,FFAR2,free fatty acid receptor 2,73.42090335,-2.148038875,0.714840854,-3.004919015,0.002656516,0.023037785,Downregulated,,
53637,ENSG00000180739,S1PR5,sphingosine-1-phosphate receptor 5,59.37913904,-2.153095113,0.568588603,-3.786736321,0.000152639,0.002947105,Downregulated,,
6615,ENSG00000124216,SNAI1,snail family transcriptional repressor 1,232.0674423,-2.153817724,0.797033318,-2.70229321,0.006886301,0.044682085,Downregulated,,
26084,ENSG00000114790,ARHGEF26,Rho guanine nucleotide exchange factor 26,8.50034473,-2.15537671,0.593673,-3.63057897,0.000282786,0.004551434,Downregulated,,
102724307,ENSG00000166272,CYP17A1-AS1,CYP17A1 antisense RNA 1,7.651286262,-2.1560764,0.780397213,-2.762793566,0.0057309,0.039104616,Downregulated,,
4210,ENSG00000103313,MEFV,"MEFV innate immunity regulator, pyrin",151.9733628,-2.156574761,0.615471112,-3.503941482,0.000458426,0.006530266,Downregulated,,
79652,ENSG00000131634,TMEM204,transmembrane protein 204,886.4663962,-2.157038667,0.388157874,-5.557116866,2.74E-08,3.11E-06,Downregulated,,
140597,ENSG00000184905,TCEAL2,transcription elongation factor A like 2,38.03773048,-2.159820028,0.779966106,-2.769120365,0.005620787,0.03861905,Downregulated,,
3824,ENSG00000134539,KLRD1,killer cell lectin like receptor D1,212.0325818,-2.16221375,0.690576098,-3.131028943,0.00174195,0.017070032,Downregulated,,
343637,ENSG00000101282,RSPO4,R-spondin 4,113.7350559,-2.164132306,0.786800447,-2.750547886,0.00594957,0.040195575,Downregulated,,
116835,ENSG00000132622,HSPA12B,heat shock protein family A (Hsp70) member 12B,541.5073948,-2.164777944,0.521032435,-4.154785383,3.26E-05,0.000900444,Downregulated,,
4958,ENSG00000127083,OMD,osteomodulin,280.9184416,-2.16613285,0.731952929,-2.959388183,0.003082505,0.025714346,Downregulated,,
10319,ENSG00000050555,LAMC3,laminin subunit gamma 3,466.7917806,-2.16698715,0.483171087,-4.484927198,7.29E-06,0.000267339,Downregulated,,
101929130,ENSG00000283175,LOC101929130,uncharacterized LOC101929130,8.094207778,-2.16928581,0.766111412,-2.831553971,0.004632242,0.0339692,Downregulated,,
84631,ENSG00000185985,SLITRK2,SLIT and NTRK like family member 2,27.2141827,-2.170306175,0.802598368,-2.704099911,0.006848969,0.044531991,Downregulated,,
6515,ENSG00000059804,SLC2A3,solute carrier family 2 member 3,4004.096778,-2.171309296,0.697260879,-3.114055818,0.001845346,0.017728373,Downregulated,,
8807,ENSG00000115607,IL18RAP,interleukin 18 receptor accessory protein,162.544254,-2.172773425,0.716769969,-3.031339925,0.00243471,0.021591172,Downregulated,,
131540,ENSG00000163958,ZDHHC19,zinc finger DHHC-type palmitoyltransferase 19,6.150713197,-2.17408553,0.789175143,-2.754883435,0.005871305,0.039775232,Downregulated,,
5732,ENSG00000125384,PTGER2,prostaglandin E receptor 2,224.9393357,-2.17459524,0.483830285,-4.49454139,6.97E-06,0.000256966,Downregulated,,
8395,ENSG00000107242,PIP5K1B,phosphatidylinositol-4-phosphate 5-kinase type 1 beta,390.972528,-2.17697461,0.730405726,-2.98050047,0.002877778,0.024406954,Downregulated,,
554,ENSG00000126895,AVPR2,arginine vasopressin receptor 2,38.65953614,-2.17817201,0.584710236,-3.725216142,0.000195148,0.003521009,Downregulated,,
100526825,ENSG00000254959,INMT-MINDY4,INMT-MINDY4 readthrough (NMD candidate),6.717393643,-2.178174336,0.816512247,-2.667656664,0.007638227,0.048281288,Downregulated,,
105,ENSG00000185736,ADARB2,adenosine deaminase RNA specific B2 (inactive),38.97018182,-2.180119882,0.588506038,-3.70449875,0.000211809,0.003736622,Downregulated,,
760,ENSG00000104267,CA2,carbonic anhydrase 2,773.0054384,-2.183519974,0.683082091,-3.196570373,0.001390719,0.014693134,Downregulated,,
117581,ENSG00000233608,TWIST2,twist family bHLH transcription factor 2,158.797041,-2.183688667,0.810203328,-2.69523537,0.007033893,0.045357741,Downregulated,,
1036,ENSG00000129596,CDO1,cysteine dioxygenase type 1,222.467775,-2.186856192,0.60992902,-3.585427355,0.000336527,0.005163813,Downregulated,,
3483,ENSG00000099769,IGFALS,insulin like growth factor binding protein acid labile subunit,31.77144177,-2.188130611,0.549621993,-3.98115548,6.86E-05,0.001587292,Downregulated,,
2690,ENSG00000112964,GHR,growth hormone receptor,276.4579675,-2.194446993,0.521466671,-4.208220994,2.57E-05,0.000745076,Downregulated,,
23328,ENSG00000111961,SASH1,SAM and SH3 domain containing 1,2848.690799,-2.196213935,0.397416802,-5.526223164,3.27E-08,3.61E-06,Downregulated,,
101928370,,S1PR1-DT,S1PR1 divergent transcript,36.80885912,-2.202225097,0.578585974,-3.80621929,0.000141107,0.002791911,Downregulated,,
389558,ENSG00000189320,FAM180A,family with sequence similarity 180 member A,301.9000922,-2.204761068,0.727166908,-3.031987627,0.002429492,0.021555849,Downregulated,,
92086,ENSG00000149435,GGTLC1,gamma-glutamyltransferase light chain 1,160.6037913,-2.205211597,0.754160568,-2.924061121,0.003454969,0.027879199,Downregulated,,
2869,ENSG00000198873,GRK5,G protein-coupled receptor kinase 5,1443.736044,-2.209984697,0.386200541,-5.722375979,1.05E-08,1.46E-06,Downregulated,,
100505495,ENSG00000267107,PCAT19,prostate cancer associated transcript 19,289.0785606,-2.210642038,0.532212447,-4.153683461,3.27E-05,0.000903533,Downregulated,,
285668,ENSG00000178722,C5orf64,chromosome 5 putative open reading frame 64,4.937464961,-2.211716886,0.811209364,-2.726443978,0.006402082,0.042414595,Downregulated,,
375307,ENSG00000158428,CATIP,ciliogenesis associated TTC17 interacting protein,39.00787435,-2.214205087,0.764522322,-2.896194163,0.003777186,0.029658746,Downregulated,,
285313,ENSG00000152580,IGSF10,immunoglobulin superfamily member 10,1305.190051,-2.217587389,0.620490762,-3.573924909,0.00035167,0.005339403,Downregulated,,
1839,ENSG00000113070,HBEGF,heparin binding EGF like growth factor,1018.027907,-2.22352359,0.605992316,-3.669227368,0.000243285,0.004105609,Downregulated,,
158376,ENSG00000235387,SPAAR,small regulatory polypeptide of amino acid response,51.42383862,-2.229388404,0.447636022,-4.9803597,6.35E-07,3.83E-05,Downregulated,,
6332,ENSG00000136546,SCN7A,sodium voltage-gated channel alpha subunit 7,2539.060504,-2.232441745,0.542402831,-4.11583719,3.86E-05,0.001019942,Downregulated,,
7483,ENSG00000143816,WNT9A,Wnt family member 9A,236.4684497,-2.239475637,0.365151863,-6.132997981,8.62E-10,1.88E-07,Downregulated,,
152007,ENSG00000122694,GLIPR2,GLI pathogenesis related 2,1767.368765,-2.240807667,0.309196855,-7.24718778,4.26E-13,2.41E-10,Downregulated,,
2840,ENSG00000144230,GPR17,G protein-coupled receptor 17,116.6090905,-2.245048665,0.514395249,-4.364442847,1.27E-05,0.000422937,Downregulated,,
57556,ENSG00000092421,SEMA6A,semaphorin 6A,874.5752157,-2.245486439,0.53982488,-4.159657185,3.19E-05,0.000882683,Downregulated,,
2015,ENSG00000174837,ADGRE1,adhesion G protein-coupled receptor E1,146.1533952,-2.245611465,0.727806781,-3.085450046,0.002032444,0.019045995,Downregulated,,
55350,ENSG00000093134,VNN3P,"vanin 3, pseudogene",70.67945581,-2.245862348,0.619516015,-3.625188522,0.000288751,0.00462491,Downregulated,,
79057,ENSG00000130032,PRRG3,proline rich and Gla domain 3,31.10073778,-2.248458483,0.773100476,-2.90836515,0.003633238,0.028840465,Downregulated,,
170689,ENSG00000166106,ADAMTS15,ADAM metallopeptidase with thrombospondin type 1 motif 15,560.7902945,-2.252139255,0.741416318,-3.037617599,0.002384563,0.02135651,Downregulated,,
200010,ENSG00000117834,SLC5A9,solute carrier family 5 member 9,241.1258468,-2.25342388,0.58032965,-3.88300663,0.000103173,0.002177721,Downregulated,,
1901,ENSG00000170989,S1PR1,sphingosine-1-phosphate receptor 1,2080.157396,-2.255761433,0.477812518,-4.721017862,2.35E-06,0.00010923,Downregulated,,
26353,ENSG00000152137,HSPB8,heat shock protein family B (small) member 8,1215.947746,-2.25861954,0.59485375,-3.796932509,0.000146498,0.002866003,Downregulated,,
2327,ENSG00000094963,FMO2,flavin containing dimethylaniline monoxygenase 2,6781.907797,-2.261939992,0.727150274,-3.110691247,0.0018665,0.017870993,Downregulated,,
84830,ENSG00000111863,ADTRP,androgen dependent TFPI regulating protein,299.1161028,-2.263843473,0.526748838,-4.297766428,1.73E-05,0.000537057,Downregulated,,
2255,ENSG00000070193,FGF10,fibroblast growth factor 10,65.07579003,-2.264357032,0.655974101,-3.451900048,0.000556654,0.007518999,Downregulated,,
9934,ENSG00000174944,P2RY14,purinergic receptor P2Y14,226.3474382,-2.266937504,0.323727207,-7.002616575,2.51E-12,1.13E-09,Downregulated,,
94274,ENSG00000167641,PPP1R14A,protein phosphatase 1 regulatory inhibitor subunit 14A,294.2022522,-2.268522974,0.431507159,-5.257208201,1.46E-07,1.21E-05,Downregulated,,
55422,ENSG00000130844,ZNF331,zinc finger protein 331,2113.475939,-2.269091306,0.629418367,-3.605060523,0.00031208,0.004910033,Downregulated,,
79870,ENSG00000164929,BAALC,BAALC binder of MAP3K1 and KLF4,132.1551804,-2.270007881,0.442540637,-5.129490243,2.91E-07,2.11E-05,Downregulated,,
2719,ENSG00000147257,GPC3,glypican 3,1480.443274,-2.270734546,0.67034067,-3.387433657,0.000705498,0.00900793,Downregulated,,
146225,ENSG00000140932,CMTM2,CKLF like MARVEL transmembrane domain containing 2,37.76266839,-2.272023566,0.809522013,-2.806623575,0.005006371,0.03577345,Downregulated,,
9457,ENSG00000112214,FHL5,four and a half LIM domains 5,736.5700813,-2.276720362,0.550138936,-4.138446151,3.50E-05,0.000948499,Downregulated,,
85450,ENSG00000148841,ITPRIP,"inositol 1,4,5-trisphosphate receptor interacting protein",1811.680538,-2.276747303,0.578935771,-3.932642302,8.40E-05,0.001857277,Downregulated,,
6854,ENSG00000157152,SYN2,synapsin II,38.71800897,-2.287705878,0.656374089,-3.485368964,0.000491459,0.006833897,Downregulated,,
11326,ENSG00000155659,VSIG4,V-set and immunoglobulin domain containing 4,4388.17935,-2.290627966,0.677798407,-3.379512171,0.000726146,0.009177022,Downregulated,,
4792,ENSG00000100906,NFKBIA,NFKB inhibitor alpha,7211.307702,-2.290895046,0.591390572,-3.873742929,0.000107176,0.002246514,Downregulated,,
5101,ENSG00000184226,PCDH9,protocadherin 9,80.83040508,-2.292057701,0.76657974,-2.989979492,0.002789962,0.02387663,Downregulated,,
84502,ENSG00000092051,JPH4,junctophilin 4,24.42230498,-2.293632114,0.482558797,-4.753062481,2.00E-06,9.64E-05,Downregulated,,
283392,,TRHDE-AS1,TRHDE antisense RNA 1,43.82066579,-2.296041967,0.764208191,-3.004471811,0.002660424,0.023045301,Downregulated,,
100506115,ENSG00000224397,PELATON,plaque enriched lncRNA in atherosclerotic and inflammatory bowel macrophage regulation,775.7034641,-2.299735783,0.414227021,-5.551872924,2.83E-08,3.18E-06,Downregulated,,
10610,ENSG00000070731,ST6GALNAC2,"ST6 N-acetylgalactosaminide alpha-2,6-sialyltransferase 2",516.5336754,-2.301353811,0.454826585,-5.059848936,4.20E-07,2.85E-05,Downregulated,,
1152,ENSG00000166165,CKB,creatine kinase B,1377.907305,-2.30317536,0.435753375,-5.28550206,1.25E-07,1.09E-05,Downregulated,,
171389,ENSG00000174885,NLRP6,NLR family pyrin domain containing 6,25.31956251,-2.304859277,0.792421037,-2.908629591,0.003630167,0.028827625,Downregulated,,
858,ENSG00000105971,CAV2,caveolin 2,4648.868781,-2.310829487,0.447996149,-5.15814587,2.49E-07,1.89E-05,Downregulated,,
83857,ENSG00000133687,TMTC1,transmembrane O-mannosyltransferase targeting cadherins 1,1250.142039,-2.314069754,0.609395055,-3.797322826,0.000146267,0.002865942,Downregulated,,
84867,ENSG00000110786,PTPN5,protein tyrosine phosphatase non-receptor type 5,43.89116831,-2.314446743,0.453833569,-5.099769832,3.40E-07,2.40E-05,Downregulated,,
395,ENSG00000047648,ARHGAP6,Rho GTPase activating protein 6,498.0046487,-2.314790958,0.385717069,-6.001266592,1.96E-09,3.88E-07,Downregulated,,
3953,ENSG00000116678,LEPR,leptin receptor,1737.033269,-2.315046488,0.339893762,-6.811088482,9.69E-12,3.84E-09,Downregulated,,
3753,ENSG00000180509,KCNE1,potassium voltage-gated channel subfamily E regulatory subunit 1,47.14008329,-2.316917413,0.494395042,-4.686368629,2.78E-06,0.000125042,Downregulated,,
2268,ENSG00000000938,FGR,"FGR proto-oncogene, Src family tyrosine kinase",1967.276333,-2.317999514,0.569920994,-4.067229558,4.76E-05,0.001194142,Downregulated,,
105371730,ENSG00000214708,LOC105371730,uncharacterized LOC105371730,57.12566186,-2.320538153,0.626037742,-3.706706474,0.000209972,0.003714127,Downregulated,,
660,ENSG00000102010,BMX,BMX non-receptor tyrosine kinase,102.8517678,-2.323543316,0.749008609,-3.102158358,0.001921152,0.018253241,Downregulated,,
158035,ENSG00000291187,LINC00032,long intergenic non-protein coding RNA 32,8.817416292,-2.323961,0.636167976,-3.653061908,0.000259132,0.004285507,Downregulated,,
5787,ENSG00000127329,PTPRB,protein tyrosine phosphatase receptor type B,4482.143255,-2.324052467,0.42470448,-5.472163763,4.45E-08,4.64E-06,Downregulated,,
114905,ENSG00000163145,C1QTNF7,C1q and TNF related 7,392.843375,-2.327857557,0.644730976,-3.610587431,0.000305504,0.004835404,Downregulated,,
7049,ENSG00000069702,TGFBR3,transforming growth factor beta receptor 3,2525.883812,-2.328161212,0.720709315,-3.230374803,0.00123628,0.013412947,Downregulated,,
9037,ENSG00000112902,SEMA5A,semaphorin 5A,1786.452236,-2.333040485,0.632024013,-3.691379498,0.000223041,0.003869362,Downregulated,,
161502,ENSG00000156206,CFAP161,cilia and flagella associated protein 161,34.69223104,-2.335936711,0.645872364,-3.616715687,0.000298365,0.004752027,Downregulated,,
627,ENSG00000176697,BDNF,brain derived neurotrophic factor,98.32874727,-2.343616839,0.641612816,-3.652696425,0.000259501,0.004288037,Downregulated,,
55321,ENSG00000125895,TMEM74B,transmembrane protein 74B,280.1654523,-2.345778812,0.494863171,-4.74025741,2.13E-06,0.000101591,Downregulated,,
22891,ENSG00000138311,ZNF365,zinc finger protein 365,109.2062545,-2.350575162,0.567274672,-4.143627906,3.42E-05,0.00093113,Downregulated,,
1843,ENSG00000120129,DUSP1,dual specificity phosphatase 1,17179.01391,-2.353791324,0.750995558,-3.134228024,0.001723069,0.016940759,Downregulated,,
375704,ENSG00000168913,ENHO,energy homeostasis associated,22.64558921,-2.353876399,0.491449503,-4.789660754,1.67E-06,8.45E-05,Downregulated,,
316,ENSG00000138356,AOX1,aldehyde oxidase 1,1239.475794,-2.354429198,0.711212339,-3.310444814,0.000931478,0.011007319,Downregulated,,
651746,ENSG00000164236,ANKRD33B,ankyrin repeat domain 33B,341.8642014,-2.356224951,0.463141878,-5.087479809,3.63E-07,2.53E-05,Downregulated,,
335,ENSG00000118137,APOA1,apolipoprotein A1,6.095504227,-2.361272991,0.833902077,-2.831595047,0.004631647,0.0339692,Downregulated,,
366,ENSG00000103569,AQP9,aquaporin 9,917.126016,-2.364526376,0.638518594,-3.703144122,0.000212944,0.003752607,Downregulated,,
56920,ENSG00000010319,SEMA3G,semaphorin 3G,723.7974885,-2.371959668,0.489766454,-4.843042326,1.28E-06,6.82E-05,Downregulated,,
54922,ENSG00000105538,RASIP1,Ras interacting protein 1,671.3008563,-2.375581188,0.526442826,-4.512515078,6.41E-06,0.00024059,Downregulated,,
6279,ENSG00000143546,S100A8,S100 calcium binding protein A8,1098.002206,-2.375910476,0.800748307,-2.967112707,0.003006107,0.025225605,Downregulated,,
11248,ENSG00000182575,NXPH3,neurexophilin 3,184.0801652,-2.377435485,0.524855154,-4.529698275,5.91E-06,0.000224379,Downregulated,,
7128,ENSG00000118503,TNFAIP3,TNF alpha induced protein 3,4722.530903,-2.377490757,0.76736889,-3.09823709,0.001946756,0.018439429,Downregulated,,
7010,ENSG00000120156,TEK,TEK receptor tyrosine kinase,1462.35544,-2.377719191,0.473182573,-5.024950888,5.04E-07,3.27E-05,Downregulated,,
247,ENSG00000179593,ALOX15B,arachidonate 15-lipoxygenase type B,1303.034214,-2.380621971,0.584515674,-4.072811181,4.64E-05,0.001168528,Downregulated,,
9099,ENSG00000036672,USP2,ubiquitin specific peptidase 2,196.4179988,-2.382502819,0.633894896,-3.758513964,0.000170926,0.00320348,Downregulated,,
650,ENSG00000125845,BMP2,bone morphogenetic protein 2,624.8795839,-2.390584557,0.386370013,-6.187293202,6.12E-10,1.44E-07,Downregulated,,
5199,ENSG00000126759,CFP,complement factor properdin,247.3752718,-2.391046453,0.702351951,-3.404342294,0.000663236,0.008585017,Downregulated,,
79940,ENSG00000233237,LINC00472,long intergenic non-protein coding RNA 472,356.395055,-2.394419512,0.588849086,-4.066270238,4.78E-05,0.001194471,Downregulated,,
27147,ENSG00000146966,DENND2A,DENN domain containing 2A,671.0182571,-2.394444518,0.531866678,-4.501963776,6.73E-06,0.00025095,Downregulated,,
54210,ENSG00000124731,TREM1,triggering receptor expressed on myeloid cells 1,1047.44208,-2.396503954,0.51136873,-4.686449941,2.78E-06,0.000125042,Downregulated,,
160622,ENSG00000161835,TAMALIN,trafficking regulator and scaffold protein tamalin,1091.257024,-2.397536598,0.563782585,-4.252590734,2.11E-05,0.00063199,Downregulated,,
257194,ENSG00000172260,NEGR1,neuronal growth regulator 1,530.2942386,-2.399627741,0.631627212,-3.799120266,0.000145211,0.002853698,Downregulated,,
440073,ENSG00000120645,IQSEC3,IQ motif and Sec7 domain ArfGEF 3,88.09957863,-2.400821844,0.606046405,-3.961448864,7.45E-05,0.001695968,Downregulated,,
2852,ENSG00000164850,GPER1,G protein-coupled estrogen receptor 1,199.914991,-2.406119612,0.491660993,-4.893859071,9.89E-07,5.52E-05,Downregulated,,
165186,ENSG00000189350,TOGARAM2,TOG array regulator of axonemal microtubules 2,254.6120967,-2.412985532,0.816524596,-2.95519026,0.003124763,0.025926213,Downregulated,,
4500,ENSG00000291105,MT1L,metallothionein 1L (pseudogene),72.67981029,-2.413763271,0.807814523,-2.988016681,0.002807942,0.0239837,Downregulated,,
55679,ENSG00000072163,LIMS2,LIM zinc finger domain containing 2,1104.886059,-2.41898446,0.400242013,-6.043804458,1.51E-09,3.05E-07,Downregulated,,
83853,ENSG00000145491,ROPN1L,rhophilin associated tail protein 1 like,79.18615416,-2.419298312,0.880123675,-2.748816309,0.005981089,0.040291162,Downregulated,,
11185,ENSG00000241644,INMT,indolethylamine N-methyltransferase,2635.049865,-2.420315537,0.669689687,-3.614085126,0.00030141,0.00478899,Downregulated,,
6926,ENSG00000135111,TBX3,T-box transcription factor 3,876.1271718,-2.421263073,0.479560045,-5.04892578,4.44E-07,2.98E-05,Downregulated,,
254268,ENSG00000162641,AKNAD1,AKNA domain containing 1,8.31634518,-2.4222858,0.808595103,-2.995672113,0.002738407,0.023537007,Downregulated,,
105373989,,LOC105373989,putative cuticle collagen 91,37.00462772,-2.429281185,0.816784478,-2.974200968,0.002937526,0.024759931,Downregulated,,
407011,ENSG00000207563,MIR23B,microRNA 23b,6.42252812,-2.429745286,0.774917848,-3.135487579,0.001715687,0.016891935,Downregulated,,
5997,ENSG00000116741,RGS2,regulator of G protein signaling 2,3000.738316,-2.430160301,0.750333405,-3.238773969,0.001200447,0.013151192,Downregulated,,
57188,ENSG00000156218,ADAMTSL3,ADAMTS like 3,565.5452868,-2.432683221,0.415677389,-5.852334731,4.85E-09,8.36E-07,Downregulated,,
6347,ENSG00000108691,CCL2,C-C motif chemokine ligand 2,2070.775498,-2.43312157,0.856207571,-2.841742647,0.004486769,0.033333889,Downregulated,,
146,ENSG00000171873,ADRA1D,adrenoceptor alpha 1D,18.85669209,-2.43630467,0.773926835,-3.147978025,0.001644041,0.016379003,Downregulated,,
859,ENSG00000182533,CAV3,caveolin 3,8.006562182,-2.436432086,0.892368749,-2.730297411,0.006327721,0.04211896,Downregulated,,
728763,ENSG00000226321,CROCC2,"ciliary rootlet coiled-coil, rootletin family member 2",157.5860825,-2.437915759,0.857487538,-2.843091766,0.00446782,0.033225257,Downregulated,,
728,ENSG00000197405,C5AR1,complement C5a receptor 1,1875.633223,-2.444488416,0.67140221,-3.640870377,0.000271718,0.004423559,Downregulated,,
192668,ENSG00000205795,CYS1,cystin 1,183.3526117,-2.451236591,0.590899856,-4.148311371,3.35E-05,0.000918586,Downregulated,,
10578,ENSG00000115523,GNLY,granulysin,319.1595679,-2.452106672,0.610468506,-4.016761957,5.90E-05,0.001409609,Downregulated,,
124,ENSG00000187758,ADH1A,"alcohol dehydrogenase 1A (class I), alpha polypeptide",48.26376272,-2.454449918,0.53664769,-4.57367089,4.79E-06,0.000191564,Downregulated,,
163732,ENSG00000179862,CITED4,Cbp/p300 interacting transactivator with Glu/Asp rich carboxy-terminal domain 4,128.5806532,-2.45774858,0.364404474,-6.744562025,1.53E-11,5.64E-09,Downregulated,,
6004,ENSG00000143333,RGS16,regulator of G protein signaling 16,1353.092778,-2.458253344,0.775208585,-3.171086325,0.0015187,0.01557905,Downregulated,,
81501,ENSG00000164935,DCSTAMP,dendrocyte expressed seven transmembrane protein,181.726377,-2.463575526,0.894052657,-2.75551502,0.005859981,0.039712088,Downregulated,,
8796,ENSG00000136155,SCEL,sciellin,1713.846428,-2.464777,0.858834818,-2.869908099,0.004105911,0.03128982,Downregulated,,
9502,ENSG00000155622,XAGE2,X antigen family member 2,18.02108391,-2.469062159,0.848236271,-2.910818889,0.003604829,0.028695365,Downregulated,,
6939,ENSG00000125878,TCF15,transcription factor 15,7.964361503,-2.472155925,0.760667036,-3.2499843,0.001154114,0.012863925,Downregulated,,
256949,ENSG00000186994,KANK3,KN motif and ankyrin repeat domains 3,679.1689215,-2.472567843,0.505006949,-4.89610657,9.78E-07,5.50E-05,Downregulated,,
53632,ENSG00000115592,PRKAG3,protein kinase AMP-activated non-catalytic subunit gamma 3,4.07211141,-2.479247978,0.871946507,-2.843348711,0.00446422,0.03321614,Downregulated,,
9590,ENSG00000131016,AKAP12,A-kinase anchoring protein 12,3311.937702,-2.480219364,0.641058401,-3.868944482,0.000109308,0.002281536,Downregulated,,
146177,ENSG00000175267,VWA3A,von Willebrand factor A domain containing 3A,315.507311,-2.483581194,0.904221414,-2.746651599,0.006020705,0.040469345,Downregulated,,
10742,ENSG00000131831,RAI2,retinoic acid induced 2,691.7834678,-2.491551637,0.590755699,-4.21756682,2.47E-05,0.000722245,Downregulated,,
6590,ENSG00000124107,SLPI,secretory leukocyte peptidase inhibitor,4253.817122,-2.493087074,0.679383592,-3.669630975,0.000242901,0.004104788,Downregulated,,
94,ENSG00000139567,ACVRL1,activin A receptor like type 1,2024.38891,-2.496007432,0.397603919,-6.277622812,3.44E-10,8.97E-08,Downregulated,,
101926940,ENSG00000271334,LINC02104,long intergenic non-protein coding RNA 2104,5.773916131,-2.497953391,0.764645366,-3.26681296,0.001087655,0.012345228,Downregulated,,
125,ENSG00000196616,ADH1B,"alcohol dehydrogenase 1B (class I), beta polypeptide",11308.98648,-2.499015457,0.835104196,-2.992459468,0.002767394,0.0237142,Downregulated,,
440738,ENSG00000197769,MAP1LC3C,microtubule associated protein 1 light chain 3 gamma,97.83538,-2.500737423,0.768660685,-3.253369755,0.00114045,0.012761841,Downregulated,,
2034,ENSG00000116016,EPAS1,endothelial PAS domain protein 1,26611.49115,-2.501517193,0.276017853,-9.062881857,1.27E-19,2.52E-16,Downregulated,,
253935,ENSG00000187151,ANGPTL5,angiopoietin like 5,23.59274962,-2.502920265,0.607962559,-4.116898694,3.84E-05,0.001016613,Downregulated,,
84940,ENSG00000167549,CORO6,coronin 6,178.2231717,-2.503514236,0.59670169,-4.195587642,2.72E-05,0.000777631,Downregulated,,
5179,ENSG00000181195,PENK,proenkephalin,34.14089672,-2.505292832,0.594237918,-4.215976052,2.49E-05,0.000725217,Downregulated,,
10266,ENSG00000131477,RAMP2,receptor activity modifying protein 2,821.7029394,-2.505554019,0.434965669,-5.760348916,8.39E-09,1.21E-06,Downregulated,,
5348,ENSG00000266964,FXYD1,FXYD domain containing ion transport regulator 1,307.9695575,-2.505973086,0.705300208,-3.553058766,0.000380779,0.005663682,Downregulated,,
7078,ENSG00000100234,TIMP3,TIMP metallopeptidase inhibitor 3,28469.66922,-2.511153578,0.342833719,-7.324698363,2.39E-13,1.40E-10,Downregulated,,
3730,ENSG00000011201,ANOS1,anosmin 1,2643.144919,-2.516452378,0.68867835,-3.65403149,0.000258155,0.004283817,Downregulated,,
420,ENSG00000111339,ART4,ADP-ribosyltransferase 4 (inactive) (Dombrock blood group),61.13631857,-2.516471676,0.57716563,-4.360051162,1.30E-05,0.000429019,Downregulated,,
1805,ENSG00000143196,DPT,dermatopontin,1175.270067,-2.517592684,0.677908847,-3.71376284,0.0002042,0.003628212,Downregulated,,
1132,ENSG00000180720,CHRM4,cholinergic receptor muscarinic 4,5.829836558,-2.518566452,0.906178039,-2.779328502,0.005447141,0.037792636,Downregulated,,
9413,ENSG00000135063,ENTREP1,endosomal transmembrane epsin interactor 1,594.7331218,-2.519453629,0.627005445,-4.018232455,5.86E-05,0.001402533,Downregulated,,
1959,ENSG00000122877,EGR2,early growth response 2,624.1207456,-2.521546289,0.50385746,-5.004483387,5.60E-07,3.51E-05,Downregulated,,
9068,ENSG00000116194,ANGPTL1,angiopoietin like 1,410.3057846,-2.525171403,0.677020889,-3.729827902,0.000191611,0.003482536,Downregulated,,
101929415,ENSG00000254254,PENK-AS1,PENK antisense RNA 1,12.8614479,-2.527525396,0.796526587,-3.173183967,0.00150777,0.015507034,Downregulated,,
8425,ENSG00000090006,LTBP4,latent transforming growth factor beta binding protein 4,8301.137244,-2.527947168,0.357452009,-7.072130255,1.53E-12,7.20E-10,Downregulated,,
9023,ENSG00000138135,CH25H,cholesterol 25-hydroxylase,406.308899,-2.533034432,0.832489348,-3.042722935,0.002344481,0.021116763,Downregulated,,
124773,ENSG00000141371,CHCT1,CHD1 helical C-terminal domain containing 1,5.222950867,-2.54207335,0.768150398,-3.309343268,0.000935151,0.011031,Downregulated,,
56967,ENSG00000227051,C14orf132,chromosome 14 open reading frame 132,1589.999102,-2.546815297,0.624807513,-4.076159851,4.58E-05,0.001155733,Downregulated,,
4023,ENSG00000175445,LPL,lipoprotein lipase,3629.357944,-2.550436452,0.495365358,-5.148596711,2.62E-07,1.95E-05,Downregulated,,
5596,ENSG00000141639,MAPK4,mitogen-activated protein kinase 4,108.0339358,-2.551986848,0.682601404,-3.738619396,0.000185034,0.003397251,Downregulated,,
55026,ENSG00000125355,TMEM255A,transmembrane protein 255A,217.2891642,-2.554966395,0.808193468,-3.161330173,0.001570504,0.015939038,Downregulated,,
6663,ENSG00000100146,SOX10,SRY-box transcription factor 10,6.249535739,-2.557105356,0.922509038,-2.77190277,0.005572968,0.038437003,Downregulated,,
283383,ENSG00000111452,ADGRD1,adhesion G protein-coupled receptor D1,1232.723663,-2.559758989,0.559497965,-4.575099731,4.76E-06,0.000191109,Downregulated,,
374387,,LINC02716,long intergenic non-protein coding RNA 2716,4.673031826,-2.560773912,0.854134475,-2.998092204,0.002716755,0.023391458,Downregulated,,
101928812,ENSG00000254427,LINC02696,long intergenic non-protein coding RNA 2696,4.757630523,-2.561009001,0.962728281,-2.660157648,0.007810408,0.04904289,Downregulated,,
3386,ENSG00000105371,ICAM4,intercellular adhesion molecule 4 (Landsteiner-Wiener blood group),155.0204888,-2.563620979,0.443286479,-5.783214916,7.33E-09,1.13E-06,Downregulated,,
400950,ENSG00000205086,LINC02898,long intergenic non-protein coding RNA 2898,33.42621055,-2.564620795,0.862959695,-2.971889429,0.002959733,0.024899676,Downregulated,,
149499,ENSG00000160838,LRRC71,leucine rich repeat containing 71,80.21364941,-2.56569501,0.887865377,-2.889734274,0.003855676,0.030076396,Downregulated,,
6943,ENSG00000118526,TCF21,transcription factor 21,1189.946709,-2.572920325,0.696598243,-3.693549835,0.000221145,0.003849945,Downregulated,,
55531,ENSG00000110675,ELMOD1,ELMO domain containing 1,37.93143431,-2.573046022,0.636970687,-4.039504599,5.36E-05,0.001304822,Downregulated,,
27199,ENSG00000165621,OXGR1,oxoglutarate receptor 1,10.72644256,-2.577767457,0.847490051,-3.041649226,0.002352859,0.021155504,Downregulated,,
100131378,ENSG00000205177,C11orf91,chromosome 11 open reading frame 91,32.50103287,-2.582507482,0.910276051,-2.83705968,0.00455311,0.0336735,Downregulated,,
56729,ENSG00000104918,RETN,resistin,195.632964,-2.588078836,0.877449526,-2.949547248,0.003182399,0.026238571,Downregulated,,
8843,ENSG00000255398,HCAR3,hydroxycarboxylic acid receptor 3,94.91747952,-2.594429432,0.432973516,-5.992120387,2.07E-09,4.07E-07,Downregulated,,
2900,ENSG00000149403,GRIK4,glutamate ionotropic receptor kainate type subunit 4,64.03799032,-2.596459701,0.695957625,-3.730772687,0.000190893,0.00347725,Downregulated,,
51348,ENSG00000150045,KLRF1,killer cell lectin like receptor F1,76.57873282,-2.605733637,0.715663258,-3.64100519,0.000271576,0.004423559,Downregulated,,
285759,ENSG00000175967,LINC02880,long intergenic non-protein coding RNA 2880,30.99762329,-2.608443047,0.84820629,-3.075246054,0.00210329,0.019534487,Downregulated,,
79674,ENSG00000197415,VEPH1,ventricular zone expressed PH domain containing 1,1095.998507,-2.609171531,0.877266038,-2.974207843,0.00293746,0.024759931,Downregulated,,
89872,ENSG00000143595,AQP10,aquaporin 10,4.277491647,-2.615865665,0.80403538,-3.253421092,0.001140244,0.012761841,Downregulated,,
1052,ENSG00000221869,CEBPD,CCAAT enhancer binding protein delta,4752.214791,-2.621763111,0.574042953,-4.567189781,4.94E-06,0.000196425,Downregulated,,
28999,ENSG00000163884,KLF15,KLF transcription factor 15,579.7672955,-2.625042123,0.630762825,-4.161694414,3.16E-05,0.000877294,Downregulated,,
9625,ENSG00000181409,AATK,apoptosis associated tyrosine kinase,608.8500843,-2.625923657,0.577115143,-4.550086217,5.36E-06,0.000208902,Downregulated,,
6563,ENSG00000141469,SLC14A1,solute carrier family 14 member 1 (Kidd blood group),206.3855854,-2.629891741,0.683173467,-3.849522656,0.000118348,0.002421803,Downregulated,,
91663,ENSG00000179820,MYADM,myeloid associated differentiation marker,5381.751136,-2.630341337,0.578547153,-4.546459738,5.46E-06,0.000211287,Downregulated,,
25893,ENSG00000162722,TRIM58,tripartite motif containing 58,84.23252773,-2.631494873,0.762906661,-3.449301214,0.000562039,0.00756084,Downregulated,,
115572,ENSG00000158246,TENT5B,terminal nucleotidyltransferase 5B,290.5582742,-2.631611375,0.515793973,-5.102059185,3.36E-07,2.38E-05,Downregulated,,
732,ENSG00000021852,C8B,complement C8 beta chain,33.22117269,-2.632409639,0.785867609,-3.349685887,0.000809032,0.00992103,Downregulated,,
390748,ENSG00000205022,PABPN1L,"PABPN1 like, cytoplasmic",4.403812511,-2.633193943,0.91745504,-2.870106795,0.004103332,0.031282187,Downregulated,,
2013,ENSG00000213853,EMP2,epithelial membrane protein 2,12090.00478,-2.646164523,0.508102984,-5.207929505,1.91E-07,1.54E-05,Downregulated,,
26628,ENSG00000290965,OR7E47P,olfactory receptor family 7 subfamily E member 47 pseudogene,195.9492016,-2.650252217,0.584458713,-4.534541374,5.77E-06,0.00022056,Downregulated,,
1580,ENSG00000142973,CYP4B1,cytochrome P450 family 4 subfamily B member 1,2958.147143,-2.652455877,0.784580715,-3.380730402,0.000722934,0.009148095,Downregulated,,
2294,ENSG00000103241,FOXF1,forkhead box F1,606.9020548,-2.654989336,0.325647153,-8.152963438,3.55E-16,3.71E-13,Downregulated,,
84913,ENSG00000168874,ATOH8,atonal bHLH transcription factor 8,1149.903569,-2.658078131,0.627022951,-4.239203887,2.24E-05,0.000661893,Downregulated,,
3586,ENSG00000136634,IL10,interleukin 10,99.94337952,-2.663564384,0.922291557,-2.887985219,0.003877181,0.030149263,Downregulated,,
728113,ENSG00000264230,ANXA8L1,annexin A8 like 1,169.5498944,-2.664544512,0.811369567,-3.284008447,0.001023419,0.011805332,Downregulated,,
101929335,ENSG00000241158,ADAMTS9-AS1,ADAMTS9 antisense RNA 1,163.795947,-2.668113359,0.817237573,-3.264795266,0.001095432,0.012413813,Downregulated,,
10268,ENSG00000122679,RAMP3,receptor activity modifying protein 3,1055.618074,-2.672431986,0.476199566,-5.612000049,2.00E-08,2.45E-06,Downregulated,,
147463,ENSG00000154065,ANKRD29,ankyrin repeat domain 29,1152.744819,-2.674057751,0.699295681,-3.823930024,0.000131341,0.002641344,Downregulated,,
9365,ENSG00000133116,KL,klotho,269.6340577,-2.678240128,0.448711786,-5.968731402,2.39E-09,4.60E-07,Downregulated,,
387700,ENSG00000152779,SLC16A12,solute carrier family 16 member 12,164.3545366,-2.686039891,0.702529535,-3.823383581,0.000131633,0.002641848,Downregulated,,
257358,ENSG00000235172,LINC01366,long intergenic non-protein coding RNA 1366,5.994925018,-2.687422696,0.712010714,-3.774413283,0.000160385,0.003064408,Downregulated,,
101927015,,LINC01506,long intergenic non-protein coding RNA 1506,5.377352723,-2.689090296,0.946658275,-2.840613521,0.004502684,0.033354067,Downregulated,,
89927,ENSG00000166780,BMERB1,bMERB domain containing 1,17.25802144,-2.691652475,0.615070635,-4.376168072,1.21E-05,0.000403203,Downregulated,,
7433,ENSG00000114812,VIPR1,vasoactive intestinal peptide receptor 1,2111.983382,-2.693566658,0.698290439,-3.857372958,0.000114612,0.002372281,Downregulated,,
1066,ENSG00000198848,CES1,carboxylesterase 1,146.5923537,-2.694081232,0.706165764,-3.815083325,0.000136137,0.002713025,Downregulated,,
2353,ENSG00000170345,FOS,"Fos proto-oncogene, AP-1 transcription factor subunit",15729.10642,-2.700676126,0.711827146,-3.794005526,0.000148236,0.002887406,Downregulated,,
2920,ENSG00000081041,CXCL2,C-X-C motif chemokine ligand 2,2400.589863,-2.702616857,0.85637123,-3.155894036,0.00160007,0.016130038,Downregulated,,
147372,ENSG00000183287,CCBE1,collagen and calcium binding EGF domains 1,786.7793565,-2.70624045,0.722442734,-3.745958428,0.000179706,0.003324065,Downregulated,,
57126,ENSG00000204936,CD177,CD177 molecule,66.64283661,-2.707075582,0.95283261,-2.841082003,0.004496075,0.033354067,Downregulated,,
345274,ENSG00000145283,SLC10A6,solute carrier family 10 member 6,23.49523697,-2.711933277,0.942341207,-2.877867651,0.004003731,0.03081909,Downregulated,,
81575,ENSG00000178878,APOLD1,apolipoprotein L domain containing 1,2412.604034,-2.713086554,0.832678121,-3.258265692,0.001120954,0.012614868,Downregulated,,
9022,ENSG00000169583,CLIC3,chloride intracellular channel 3,454.6514336,-2.716114395,0.78702963,-3.451095473,0.000558316,0.007531189,Downregulated,,
390205,ENSG00000204950,LRRC10B,leucine rich repeat containing 10B,115.8519677,-2.719305016,0.912784891,-2.979130178,0.002890679,0.024467979,Downregulated,,
100996492,ENSG00000259417,CTXND1,cortexin domain containing 1,83.26842084,-2.725459074,0.629922685,-4.326656492,1.51E-05,0.000485746,Downregulated,,
10974,ENSG00000148671,ADIRF,adipogenesis regulatory factor,1151.367318,-2.726374145,0.434120622,-6.280222606,3.38E-10,8.94E-08,Downregulated,,
116448,ENSG00000184221,OLIG1,oligodendrocyte transcription factor 1,8.563195225,-2.729951104,0.622358119,-4.386463391,1.15E-05,0.00038524,Downregulated,,
140730,ENSG00000101098,RIMS4,regulating synaptic membrane exocytosis 4,45.12845059,-2.73064514,0.733490364,-3.722809834,0.000197018,0.003538649,Downregulated,,
467,ENSG00000162772,ATF3,activating transcription factor 3,1825.953284,-2.735128106,0.873319924,-3.131874165,0.001736943,0.017041981,Downregulated,,
948,ENSG00000135218,CD36,CD36 molecule,3183.107134,-2.753941531,0.521826437,-5.27750481,1.31E-07,1.12E-05,Downregulated,,
4881,ENSG00000169418,NPR1,natriuretic peptide receptor 1,1096.084278,-2.754415106,0.480523217,-5.73211659,9.92E-09,1.41E-06,Downregulated,,
1602,ENSG00000276644,DACH1,dachshund family transcription factor 1,354.3755209,-2.761325946,0.566974993,-4.870278193,1.11E-06,6.07E-05,Downregulated,,
407032,ENSG00000199094,MIR30C2,microRNA 30c-2,7.548827559,-2.764095476,0.748325021,-3.693709815,0.000221006,0.003849945,Downregulated,,
3726,ENSG00000171223,JUNB,"JunB proto-oncogene, AP-1 transcription factor subunit",9267.493306,-2.766882213,0.72219405,-3.831217124,0.000127511,0.00257476,Downregulated,,
387104,ENSG00000214338,MTCL3,MTCL family member 3,135.6132712,-2.766967752,0.571948492,-4.837791843,1.31E-06,6.97E-05,Downregulated,,
1549,ENSG00000198077,CYP2A7,cytochrome P450 family 2 subfamily A member 7,5.534524477,-2.774178926,1.028646126,-2.696922542,0.006998355,0.04519304,Downregulated,,
54463,ENSG00000154153,RETREG1,reticulophagy regulator 1,385.6865925,-2.776883923,0.438109701,-6.338330139,2.32E-10,6.31E-08,Downregulated,,
105369214,,,,17.79079149,-2.779952026,0.898171693,-3.09512318,0.001967312,0.018602682,Downregulated,,
347694,ENSG00000290681,ECEL1P2,endothelin converting enzyme like 1 pseudogene 2,78.21935646,-2.780811344,0.921487782,-3.017740873,0.002546666,0.022344174,Downregulated,,
4929,ENSG00000153234,NR4A2,nuclear receptor subfamily 4 group A member 2,1704.225575,-2.783317439,0.889979257,-3.127395853,0.001763623,0.017218552,Downregulated,,
80274,ENSG00000159307,SCUBE1,"signal peptide, CUB domain and EGF like domain containing 1",285.3923579,-2.784761958,0.742221827,-3.751926794,0.000175481,0.003270307,Downregulated,,
28984,ENSG00000102760,RGCC,regulator of cell cycle,3980.434581,-2.787819385,0.421739562,-6.610286621,3.84E-11,1.27E-08,Downregulated,,
161753,ENSG00000182950,CIMAP1C,ciliary microtubule associated protein 1C,18.50833787,-2.791441591,0.748928848,-3.727245385,0.000193584,0.003505549,Downregulated,,
33,ENSG00000115361,ACADL,acyl-CoA dehydrogenase long chain,440.9923967,-2.793829894,0.818309753,-3.41414713,0.00063982,0.008335738,Downregulated,,
60385,ENSG00000126467,TSKS,testis specific serine kinase substrate,19.5513578,-2.799770066,0.886165246,-3.159422103,0.001580824,0.015992934,Downregulated,,
79192,ENSG00000170549,IRX1,iroquois homeobox 1,65.66704563,-2.802805,0.98946103,-2.8326583,0.00461627,0.033927362,Downregulated,,
1910,ENSG00000136160,EDNRB,endothelin receptor type B,2240.634773,-2.803395925,0.403510108,-6.94752342,3.72E-12,1.60E-09,Downregulated,,
284207,ENSG00000176845,METRNL,"meteorin like, glial cell differentiation regulator",19.57518706,-2.804132852,0.75777001,-3.700506505,0.00021517,0.00377575,Downregulated,,
100129434,ENSG00000233251,LOC100129434,uncharacterized LOC100129434,120.2755962,-2.814219647,0.520101882,-5.410900715,6.27E-08,6.22E-06,Downregulated,,
117157,ENSG00000198574,SH2D1B,SH2 domain containing 1B,42.47509873,-2.815975061,0.836375781,-3.366877815,0.000760244,0.009486581,Downregulated,,
57575,ENSG00000138650,PCDH10,protocadherin 10,52.46891884,-2.825793575,0.812687743,-3.477096337,0.000506876,0.00699133,Downregulated,,
10350,ENSG00000154258,ABCA9,ATP binding cassette subfamily A member 9,1043.275269,-2.830147686,0.6525006,-4.337387103,1.44E-05,0.000466471,Downregulated,,
83648,ENSG00000154319,FAM167A,family with sequence similarity 167 member A,403.050206,-2.841343347,0.865026117,-3.284690822,0.001020943,0.011790499,Downregulated,,
11076,ENSG00000171368,TPPP,tubulin polymerization promoting protein,922.9005072,-2.842439204,0.666000428,-4.267923988,1.97E-05,0.000600963,Downregulated,,
779,ENSG00000081248,CACNA1S,calcium voltage-gated channel subunit alpha1 S,6.759715532,-2.855433396,1.041503689,-2.741645014,0.006113237,0.041007908,Downregulated,,
3727,ENSG00000130522,JUND,"JunD proto-oncogene, AP-1 transcription factor subunit",4411.587115,-2.858485664,0.534480148,-5.348160586,8.89E-08,7.94E-06,Downregulated,,
8685,ENSG00000019169,MARCO,macrophage receptor with collagenous structure,3676.628311,-2.858905754,0.613005778,-4.663750093,3.10E-06,0.000136214,Downregulated,,
56956,ENSG00000143355,LHX9,LIM homeobox 9,56.55823312,-2.865124095,0.981195524,-2.9200338,0.003499934,0.028129599,Downregulated,,
8406,ENSG00000101955,SRPX,sushi repeat containing protein X-linked,723.3327565,-2.86540995,0.708608672,-4.043712789,5.26E-05,0.001289531,Downregulated,,
4327,ENSG00000123342,MMP19,matrix metallopeptidase 19,1744.410489,-2.865620641,0.748280754,-3.829606234,0.000128348,0.002586404,Downregulated,,
2921,ENSG00000163734,CXCL3,C-X-C motif chemokine ligand 3,314.4116132,-2.866146749,0.719043391,-3.986055338,6.72E-05,0.001567211,Downregulated,,
80059,ENSG00000176204,LRRTM4,leucine rich repeat transmembrane neuronal 4,11.86898271,-2.867126402,1.032172405,-2.777759208,0.005473516,0.037882847,Downregulated,,
4248,ENSG00000128268,MGAT3,"beta-1,4-mannosyl-glycoprotein 4-beta-N-acetylglucosaminyltransferase",692.9562333,-2.868689309,0.84057806,-3.412757774,0.000643091,0.008372847,Downregulated,,
4681,ENSG00000158747,NBL1,"NBL1, DAN family BMP antagonist",207.4155479,-2.868796185,0.531305649,-5.399521327,6.68E-08,6.42E-06,Downregulated,,
1051,ENSG00000172216,CEBPB,CCAAT enhancer binding protein beta,2708.980476,-2.878494861,0.602204808,-4.779926732,1.75E-06,8.67E-05,Downregulated,,
727699,ENSG00000234880,LINC00163,long intergenic non-protein coding RNA 163,18.68984983,-2.883934523,0.722696826,-3.990517768,6.59E-05,0.00154346,Downregulated,,
222487,ENSG00000182885,ADGRG3,adhesion G protein-coupled receptor G3,248.2822642,-2.887892276,1.023954776,-2.820331859,0.004797401,0.034781594,Downregulated,,
100288122,ENSG00000267690,LDLRAD4-AS1,LDLRAD4 antisense RNA 1,4.927251877,-2.888004214,1.000501628,-2.886556237,0.003894831,0.03023908,Downregulated,,
79948,ENSG00000129951,PLPPR3,phospholipid phosphatase related 3,52.82917472,-2.891093039,0.92925485,-3.111194996,0.001863319,0.017857778,Downregulated,,
80704,ENSG00000135917,SLC19A3,solute carrier family 19 member 3,303.0366663,-2.902507574,0.562073659,-5.163927412,2.42E-07,1.85E-05,Downregulated,,
10365,ENSG00000127528,KLF2,KLF transcription factor 2,1889.690237,-2.91168139,0.56508883,-5.152608291,2.57E-07,1.93E-05,Downregulated,,
117,ENSG00000078549,ADCYAP1R1,ADCYAP receptor type I,83.70950644,-2.912903438,0.699434388,-4.164655741,3.12E-05,0.000868417,Downregulated,,
103724386,,LINC00377,long intergenic non-protein coding RNA 377,3.283321963,-2.913886893,1.077479175,-2.704355648,0.0068437,0.044522219,Downregulated,,
100507477,ENSG00000236013,LINC02941,long intergenic non-protein coding RNA 2941,2.589622086,-2.917623296,1.091279095,-2.673581223,0.00750461,0.047634095,Downregulated,,
4493,ENSG00000169715,MT1E,metallothionein 1E,2925.419954,-2.918130289,1.081521168,-2.698172144,0.006972138,0.045076791,Downregulated,,
2662,ENSG00000266524,GDF10,growth differentiation factor 10,389.2632466,-2.918553686,0.861845641,-3.386399545,0.000708162,0.009028864,Downregulated,,
1908,ENSG00000124205,EDN3,endothelin 3,15.35698421,-2.920312878,0.880034074,-3.318408873,0.000905319,0.010762327,Downregulated,,
6422,ENSG00000104332,SFRP1,secreted frizzled related protein 1,394.338825,-2.925151423,0.957383664,-3.055359658,0.002247908,0.020491197,Downregulated,,
731223,,LINC01220,long intergenic non-protein coding RNA 1220,4.226999851,-2.927693917,0.983817808,-2.975849687,0.00292178,0.024685122,Downregulated,,
2358,ENSG00000171049,FPR2,formyl peptide receptor 2,340.3337958,-2.928653756,0.915606274,-3.198595117,0.00138099,0.014635833,Downregulated,,
65009,ENSG00000103034,NDRG4,NDRG family member 4,440.574836,-2.930614324,0.547699377,-5.350771693,8.76E-08,7.86E-06,Downregulated,,
185,ENSG00000144891,AGTR1,angiotensin II receptor type 1,239.2597672,-2.930858769,0.508418352,-5.764659672,8.18E-09,1.18E-06,Downregulated,,
92162,ENSG00000167874,TMEM88,transmembrane protein 88,97.36180419,-2.931766098,0.599548658,-4.889955235,1.01E-06,5.62E-05,Downregulated,,
1026,ENSG00000124762,CDKN1A,cyclin dependent kinase inhibitor 1A,5327.341086,-2.934686984,0.781225696,-3.756516199,0.000172295,0.003223057,Downregulated,,
152,ENSG00000184160,ADRA2C,adrenoceptor alpha 2C,77.23728669,-2.944451832,0.911043059,-3.231956823,0.001229456,0.013372951,Downregulated,,
2273,ENSG00000022267,FHL1,four and a half LIM domains 1,6464.891928,-2.945147637,0.676389181,-4.354220503,1.34E-05,0.000438409,Downregulated,,
11217,,,,32.15643127,-2.946048052,0.369976895,-7.962789279,1.68E-15,1.52E-12,Downregulated,,
643802,ENSG00000291103,MPHOSPH10P1,MPHOSPH10 pseudogene 1,10.03750055,-2.952028196,0.869372594,-3.395584603,0.000684822,0.008800607,Downregulated,,
6258,ENSG00000143171,RXRG,retinoid X receptor gamma,44.15370786,-2.952975327,0.708951088,-4.165273707,3.11E-05,0.000867287,Downregulated,,
54959,ENSG00000109205,ODAM,"odontogenic, ameloblast associated",21.40309249,-2.957360319,0.905832366,-3.264798688,0.001095419,0.012413813,Downregulated,,
55859,ENSG00000133169,BEX1,brain expressed X-linked 1,11.0720284,-2.962035583,0.848226413,-3.492034129,0.000479357,0.006712691,Downregulated,,
155185,ENSG00000174945,AMZ1,archaelysin family metallopeptidase 1,117.6707694,-2.962204331,0.48331052,-6.128987907,8.84E-10,1.89E-07,Downregulated,,
102724820,,LANCL1-AS1,LANCL1 antisense RNA 1,99.8256016,-2.964284882,0.729591878,-4.062935691,4.85E-05,0.001207162,Downregulated,,
338442,ENSG00000182782,HCAR2,hydroxycarboxylic acid receptor 2,232.8856909,-2.967277441,0.403438245,-7.354973101,1.91E-13,1.19E-10,Downregulated,,
219348,ENSG00000189129,PLAC9,placenta associated 9,322.339793,-2.96940552,0.491210889,-6.045072675,1.49E-09,3.05E-07,Downregulated,,
3579,ENSG00000180871,CXCR2,C-X-C motif chemokine receptor 2,298.8545744,-2.970548179,0.681026358,-4.361869614,1.29E-05,0.000426522,Downregulated,,
6781,ENSG00000159167,STC1,stanniocalcin 1,885.8181795,-2.972886264,0.989775435,-3.003596735,0.002668087,0.023082886,Downregulated,,
167359,ENSG00000177453,NIM1K,NIM1 serine/threonine protein kinase,61.37621945,-2.988259667,0.934289494,-3.198430129,0.00138178,0.014636388,Downregulated,,
2619,ENSG00000180447,GAS1,growth arrest specific 1,658.5894307,-2.988923492,0.667830093,-4.475574732,7.62E-06,0.000275746,Downregulated,,
4616,ENSG00000099860,GADD45B,growth arrest and DNA damage inducible beta,3604.822547,-2.990567676,0.734318391,-4.0725763,4.65E-05,0.001168528,Downregulated,,
1271,ENSG00000122756,CNTFR,ciliary neurotrophic factor receptor,86.11819144,-2.99288442,0.969434447,-3.087247859,0.002020191,0.018958051,Downregulated,,
283483,ENSG00000272274,ARGLU1-DT,ARGLU1 divergent transcript,26.75493872,-2.994540061,0.811915634,-3.688240422,0.00022581,0.003903741,Downregulated,,
116255,ENSG00000124003,MOGAT1,monoacylglycerol O-acyltransferase 1,7.656395668,-2.999827278,1.024075549,-2.929302708,0.003397234,0.027534132,Downregulated,,
93978,ENSG00000205846,CLEC6A,C-type lectin domain containing 6A,18.65352295,-3.020021488,0.894324736,-3.376873486,0.000733148,0.009230212,Downregulated,,
653509,ENSG00000122852,SFTPA1,surfactant protein A1,109210.2737,-3.020025314,1.138550472,-2.652517731,0.007989393,0.049880881,Downregulated,,
3043,ENSG00000244734,HBB,hemoglobin subunit beta,3165.549663,-3.024713798,1.041927191,-2.902999196,0.003696076,0.029229232,Downregulated,,
383,ENSG00000118520,ARG1,arginase 1,39.37364591,-3.033567755,0.9166041,-3.309572536,0.000934386,0.011029037,Downregulated,,
6374,ENSG00000163735,CXCL5,C-X-C motif chemokine ligand 5,498.0374146,-3.035758322,0.938130715,-3.235965173,0.001212322,0.013252,Downregulated,,
64321,ENSG00000164736,SOX17,SRY-box transcription factor 17,383.8645273,-3.035945778,0.663587645,-4.575048678,4.76E-06,0.000191109,Downregulated,,
8436,ENSG00000168497,CAVIN2,caveolae associated protein 2,4147.021567,-3.052681017,0.446252383,-6.840705248,7.88E-12,3.32E-09,Downregulated,,
387758,ENSG00000176971,FIBIN,fin bud initiation factor homolog,901.3122652,-3.055113236,0.494417958,-6.179211705,6.44E-10,1.49E-07,Downregulated,,
133,ENSG00000148926,ADM,adrenomedullin,791.019138,-3.071084077,0.766443671,-4.006927313,6.15E-05,0.001453822,Downregulated,,
6274,ENSG00000188015,S100A3,S100 calcium binding protein A3,60.46148202,-3.071529881,0.597480956,-5.140799639,2.74E-07,2.00E-05,Downregulated,,
145781,ENSG00000137878,GCOM1,"GCOM1, MYZAP-POLR2M combined locus",43.99611212,-3.08337737,0.610083177,-5.054027855,4.33E-07,2.93E-05,Downregulated,,
102723475,ENSG00000276289,LOC102723475,potassium voltage-gated channel subfamily E regulatory subunit 1B,20.67625999,-3.086959024,0.890465848,-3.466678738,0.000526931,0.007209512,Downregulated,,
89780,ENSG00000154342,WNT3A,Wnt family member 3A,81.7869454,-3.090152462,1.071111391,-2.884996359,0.003914182,0.030353662,Downregulated,,
256691,ENSG00000165072,MAMDC2,MAM domain containing 2,1125.827137,-3.0920187,0.770452502,-4.013250256,5.99E-05,0.001421199,Downregulated,,
255189,ENSG00000168907,PLA2G4F,phospholipase A2 group IVF,854.7633953,-3.092546784,0.714398516,-4.328881867,1.50E-05,0.000482425,Downregulated,,
9510,ENSG00000154734,ADAMTS1,ADAM metallopeptidase with thrombospondin type 1 motif 1,6835.725588,-3.094496715,0.825325689,-3.74942493,0.000177241,0.003293817,Downregulated,,
5196,ENSG00000163737,PF4,platelet factor 4,7.606901292,-3.102999867,0.919382119,-3.375092686,0.000737908,0.009278367,Downregulated,,
284654,ENSG00000169218,RSPO1,R-spondin 1,112.348549,-3.103000435,0.738465073,-4.201959642,2.65E-05,0.000762651,Downregulated,,
8676,ENSG00000135604,STX11,syntaxin 11,895.2980438,-3.11096728,0.282670178,-11.00564377,3.59E-28,2.37E-24,Downregulated,,
400804,ENSG00000234754,LINC02817,long intergenic non-protein coding RNA 2817,4.627547751,-3.112663625,0.865618797,-3.595882663,0.000323294,0.005031858,Downregulated,,
7538,ENSG00000128016,ZFP36,ZFP36 ring finger protein,16543.52865,-3.11352885,0.811989199,-3.834446143,0.000125848,0.002548959,Downregulated,,
6401,ENSG00000007908,SELE,selectin E,853.3492188,-3.11447617,1.022219763,-3.046777497,0.002313089,0.020933927,Downregulated,,
79413,ENSG00000177494,ZBED2,zinc finger BED-type containing 2,179.8834419,-3.115717749,0.707866505,-4.40156121,1.07E-05,0.000361206,Downregulated,,
26577,ENSG00000163710,PCOLCE2,procollagen C-endopeptidase enhancer 2,405.6788747,-3.122480291,0.594373492,-5.253397629,1.49E-07,1.22E-05,Downregulated,,
7140,ENSG00000130595,TNNT3,"troponin T3, fast skeletal type",48.7239308,-3.136585538,1.009028994,-3.10851874,0.001880277,0.017959546,Downregulated,,
9021,ENSG00000184557,SOCS3,suppressor of cytokine signaling 3,9424.792941,-3.151544868,0.810641933,-3.88771508,0.000101192,0.00214963,Downregulated,,
23764,ENSG00000185022,MAFF,MAF bZIP transcription factor F,1628.110746,-3.160482932,0.732870407,-4.31247176,1.61E-05,0.000508124,Downregulated,,
341350,ENSG00000187950,OVCH1,ovochymase 1,63.95918232,-3.163115811,0.674389057,-4.690342732,2.73E-06,0.000123196,Downregulated,,
9806,ENSG00000107742,SPOCK2,"SPARC (osteonectin), cwcv and kazal like domains proteoglycan 2",4317.101426,-3.170986078,0.597412216,-5.307869493,1.11E-07,9.65E-06,Downregulated,,
57716,ENSG00000105227,PRX,periaxin,994.3879686,-3.172769581,0.470017707,-6.750319269,1.48E-11,5.63E-09,Downregulated,,
7056,ENSG00000178726,THBD,thrombomodulin,3539.979792,-3.174736826,0.587956082,-5.399615585,6.68E-08,6.42E-06,Downregulated,,
150000,ENSG00000291052,ABCC13,ATP binding cassette subfamily C member 13 (pseudogene),7.327873249,-3.18926444,1.067099029,-2.988723964,0.002801451,0.023954279,Downregulated,,
643418,ENSG00000204020,LIPN,lipase family member N,31.75902188,-3.189951665,0.87828545,-3.632021531,0.00028121,0.004536326,Downregulated,,
100506289,ENSG00000233760,LINC03095,long intergenic non-protein coding RNA 3095,26.22920151,-3.197513797,0.771224383,-4.146022698,3.38E-05,0.000925263,Downregulated,,
284110,ENSG00000167914,GSDMA,gasdermin A,25.33346737,-3.207904381,0.970775577,-3.304475777,0.000951542,0.011184426,Downregulated,,
27255,ENSG00000134115,CNTN6,contactin 6,154.8507864,-3.217369348,0.964521711,-3.335714802,0.000850804,0.010269345,Downregulated,,
93035,ENSG00000205038,PKHD1L1,PKHD1 like 1,578.639251,-3.221717779,0.867103385,-3.71549441,0.000202807,0.003617708,Downregulated,,
4648,ENSG00000169994,MYO7B,myosin VIIB,265.0308029,-3.227203133,0.342422465,-9.424624439,4.32E-21,9.51E-18,Downregulated,,
23089,ENSG00000242265,PEG10,paternally expressed 10,1390.417924,-3.238456446,0.808917501,-4.003444656,6.24E-05,0.001470144,Downregulated,,
885,ENSG00000187094,CCK,cholecystokinin,8.099664142,-3.246316746,0.958725133,-3.386076609,0.000708996,0.009029338,Downregulated,,
60482,ENSG00000115665,SLC5A7,solute carrier family 5 member 7,21.22765988,-3.250360504,1.051510653,-3.091134164,0.001993935,0.018817519,Downregulated,,
3777,ENSG00000171303,KCNK3,potassium two pore domain channel subfamily K member 3,643.7272272,-3.252326443,0.552209551,-5.889659885,3.87E-09,6.91E-07,Downregulated,,
114805,ENSG00000144278,GALNT13,polypeptide N-acetylgalactosaminyltransferase 13,100.9987622,-3.258282424,0.647433308,-5.032614767,4.84E-07,3.18E-05,Downregulated,,
8988,ENSG00000169271,HSPB3,heat shock protein family B (small) member 3,12.50771393,-3.26428167,0.867385128,-3.763359049,0.000167646,0.003163186,Downregulated,,
922,ENSG00000073754,CD5L,CD5 molecule like,29.29126476,-3.26715276,1.067771743,-3.059785747,0.002214954,0.020314671,Downregulated,,
1804,ENSG00000130226,DPP6,dipeptidyl peptidase like 6,44.09563452,-3.286451228,0.882214268,-3.725230193,0.000195137,0.003521009,Downregulated,,
5319,ENSG00000170890,PLA2G1B,phospholipase A2 group IB,95.68375177,-3.287936453,0.695807755,-4.725351838,2.30E-06,0.000107431,Downregulated,,
100507632,ENSG00000246430,LINC00968,long intergenic non-protein coding RNA 968,144.1488235,-3.29598504,0.552189176,-5.968941772,2.39E-09,4.60E-07,Downregulated,,
5009,ENSG00000036473,OTC,ornithine transcarbamylase,16.18991602,-3.296619347,0.934976552,-3.525884515,0.000422071,0.006122345,Downregulated,,
102723769,,LOC102723769,uncharacterized LOC102723769,7.227723694,-3.29735652,1.007279973,-3.273525343,0.001062149,0.012142741,Downregulated,,
51129,ENSG00000167772,ANGPTL4,angiopoietin like 4,295.8309236,-3.304613085,0.988387407,-3.343439082,0.000827469,0.010090944,Downregulated,,
92293,ENSG00000181234,TMEM132C,transmembrane protein 132C,111.0910822,-3.318951302,1.167402541,-2.843022166,0.004468796,0.033225257,Downregulated,,
100506229,ENSG00000249173,LINC01093,long intergenic non-protein coding RNA 1093,4.543998551,-3.322993729,1.111748945,-2.988978532,0.002799118,0.023944655,Downregulated,,
4502,ENSG00000125148,MT2A,metallothionein 2A,7681.277002,-3.324551947,1.093316681,-3.040795047,0.002359544,0.021199545,Downregulated,,
5648,ENSG00000127241,MASP1,MBL associated serine protease 1,264.0510926,-3.332607586,0.539488468,-6.17734721,6.52E-10,1.49E-07,Downregulated,,
100170765,ENSG00000204978,ERICH4,glutamate rich 4,16.70141205,-3.332946715,0.699856161,-4.762331035,1.91E-06,9.32E-05,Downregulated,,
6445,ENSG00000102683,SGCG,sarcoglycan gamma,71.71255453,-3.343787635,0.577700109,-5.78810283,7.12E-09,1.10E-06,Downregulated,,
9314,ENSG00000136826,KLF4,KLF transcription factor 4,3061.766906,-3.343989018,0.624902758,-5.351215012,8.74E-08,7.86E-06,Downregulated,,
56000,ENSG00000147206,NXF3,nuclear RNA export factor 3,79.29124215,-3.352455899,0.636592248,-5.266253101,1.39E-07,1.17E-05,Downregulated,,
64651,ENSG00000144655,CSRNP1,cysteine and serine rich nuclear protein 1,3321.948242,-3.360169831,0.608292875,-5.523934227,3.31E-08,3.63E-06,Downregulated,,
51378,ENSG00000101280,ANGPT4,angiopoietin 4,65.99348059,-3.360235128,0.514871614,-6.526355375,6.74E-11,2.02E-08,Downregulated,,
399829,ENSG00000240707,LINC01168,long intergenic non-protein coding RNA 1168,6.709600058,-3.387924488,1.060623478,-3.194276345,0.001401819,0.014769745,Downregulated,,
10718,ENSG00000185737,NRG3,neuregulin 3,17.367869,-3.397282228,0.687219186,-4.943520641,7.67E-07,4.50E-05,Downregulated,,
3739,ENSG00000182255,KCNA4,potassium voltage-gated channel subfamily A member 4,10.05973087,-3.403152321,0.862565747,-3.945383101,7.97E-05,0.001787133,Downregulated,,
2878,ENSG00000211445,GPX3,glutathione peroxidase 3,17198.09012,-3.413318517,0.63932491,-5.33894185,9.35E-08,8.28E-06,Downregulated,,
7122,ENSG00000184113,CLDN5,claudin 5,2019.367304,-3.41593938,0.600566133,-5.687865488,1.29E-08,1.72E-06,Downregulated,,
6751,ENSG00000139874,SSTR1,somatostatin receptor 1,203.6112893,-3.417060201,0.504759268,-6.769682936,1.29E-11,5.02E-09,Downregulated,,
55698,ENSG00000157927,RADIL,Rap associating with DIL domain,137.0816717,-3.422646098,0.442321083,-7.737922126,1.01E-14,8.71E-12,Downregulated,,
338785,ENSG00000185640,KRT79,keratin 79,13.27501565,-3.427981324,1.11376736,-3.077825269,0.002085171,0.019420601,Downregulated,,
22844,ENSG00000070601,FRMPD1,FERM and PDZ domain containing 1,8.187556468,-3.442452579,0.922208704,-3.73283462,0.000189337,0.003460241,Downregulated,,
100302650,,BABAM2-AS1,BABAM2 antisense RNA 1,112.8439411,-3.447504662,0.909950724,-3.788671816,0.000151455,0.002932885,Downregulated,,
105371162,,,,37.7883978,-3.452216634,0.804324996,-4.292066829,1.77E-05,0.00054845,Downregulated,,
101927190,,LOC101927190,uncharacterized LOC101927190,10.53453222,-3.470955079,0.855485622,-4.057292128,4.96E-05,0.001228117,Downregulated,,
22895,ENSG00000089169,RPH3A,rabphilin 3A,14.10857907,-3.4732321,0.963161958,-3.60607276,0.000310866,0.004903868,Downregulated,,
5593,ENSG00000138669,PRKG2,protein kinase cGMP-dependent 2,182.6405407,-3.489099033,0.731757371,-4.768109173,1.86E-06,9.08E-05,Downregulated,,
9173,ENSG00000115602,IL1RL1,interleukin 1 receptor like 1,1405.299147,-3.504650696,0.910620706,-3.848639364,0.000118776,0.002428045,Downregulated,,
1958,ENSG00000120738,EGR1,early growth response 1,11717.53341,-3.505618479,0.772721635,-4.536715837,5.71E-06,0.000219143,Downregulated,,
100874241,ENSG00000236581,STARD13-AS,STARD13 antisense RNA,3.561831272,-3.510603468,1.044746766,-3.360243441,0.000778738,0.009649943,Downregulated,,
5166,ENSG00000004799,PDK4,pyruvate dehydrogenase kinase 4,5923.712792,-3.521141815,0.61755284,-5.701766047,1.19E-08,1.63E-06,Downregulated,,
139378,ENSG00000156920,ADGRG4,adhesion G protein-coupled receptor G4,15.76268382,-3.528438685,1.050556713,-3.358637035,0.000783279,0.009683064,Downregulated,,
153579,ENSG00000165810,BTNL9,butyrophilin like 9,1543.254672,-3.531539581,0.465336119,-7.589223007,3.22E-14,2.36E-11,Downregulated,,
338596,ENSG00000148488,ST8SIA6,"ST8 alpha-N-acetyl-neuraminide alpha-2,8-sialyltransferase 6",393.5146797,-3.531783348,0.693233334,-5.094653092,3.49E-07,2.46E-05,Downregulated,,
5409,ENSG00000141744,PNMT,phenylethanolamine N-methyltransferase,46.03081087,-3.54412847,0.656427016,-5.399120367,6.70E-08,6.42E-06,Downregulated,,
8764,ENSG00000157873,TNFRSF14,TNF receptor superfamily member 14,52.77878266,-3.551353584,0.975549093,-3.640363781,0.000272253,0.004425006,Downregulated,,
2890,ENSG00000155511,GRIA1,glutamate ionotropic receptor AMPA type subunit 1,382.1457457,-3.560994417,0.94306409,-3.775983473,0.000159378,0.003053428,Downregulated,,
26253,ENSG00000166523,CLEC4E,C-type lectin domain family 4 member E,344.4048037,-3.56970507,0.841883211,-4.240142842,2.23E-05,0.000660742,Downregulated,,
59350,ENSG00000171509,RXFP1,relaxin family peptide receptor 1,176.8161618,-3.578360774,0.578943086,-6.180850695,6.38E-10,1.49E-07,Downregulated,,
200315,ENSG00000128383,APOBEC3A,apolipoprotein B mRNA editing enzyme catalytic subunit 3A,65.71158226,-3.584965967,1.319771216,-2.71635411,0.006600528,0.043381461,Downregulated,,
146894,ENSG00000161649,CD300LG,CD300 molecule like family member g,104.4420864,-3.588403983,0.779137446,-4.605610985,4.11E-06,0.00017096,Downregulated,,
100505692,,FTO-IT1,FTO intronic transcript 1,57.90621029,-3.593606376,0.985952799,-3.644805693,0.000267594,0.004374377,Downregulated,,
344148,ENSG00000176771,NCKAP5,NCK associated protein 5,675.9542844,-3.607207702,0.6990068,-5.160475842,2.46E-07,1.87E-05,Downregulated,,
285025,ENSG00000163492,CCDC141,coiled-coil domain containing 141,127.1220431,-3.633322783,0.437280812,-8.30890055,9.66E-17,1.13E-13,Downregulated,,
338328,ENSG00000277494,GPIHBP1,glycosylphosphatidylinositol anchored high density lipoprotein binding protein 1,464.3074985,-3.639093671,0.717356578,-5.072921586,3.92E-07,2.70E-05,Downregulated,,
441376,ENSG00000205002,AARD,alanine and arginine rich domain containing protein,55.00445835,-3.644014535,0.877830746,-4.15115847,3.31E-05,0.000911023,Downregulated,,
10223,ENSG00000143167,GPA33,glycoprotein A33,168.0465915,-3.648595467,0.707053361,-5.160283041,2.47E-07,1.87E-05,Downregulated,,
1551,ENSG00000160870,CYP3A7,cytochrome P450 family 3 subfamily A member 7,6.614509106,-3.655388591,0.877258604,-4.16683128,3.09E-05,0.000862598,Downregulated,,
83888,ENSG00000137441,FGFBP2,fibroblast growth factor binding protein 2,80.0241962,-3.656584256,0.669295619,-5.463332122,4.67E-08,4.85E-06,Downregulated,,
101929152,ENSG00000225764,P3H2-AS1,P3H2 antisense RNA 1,2.751456934,-3.669100308,1.20588748,-3.04265561,0.002345005,0.021116763,Downregulated,,
1135,ENSG00000120903,CHRNA2,cholinergic receptor nicotinic alpha 2 subunit,8.00369254,-3.671440931,1.378854547,-2.662674565,0.007752235,0.048799703,Downregulated,,
7704,ENSG00000109906,ZBTB16,zinc finger and BTB domain containing 16,742.899784,-3.6979345,0.717716928,-5.152357921,2.57E-07,1.93E-05,Downregulated,,
100820829,ENSG00000263155,MYZAP,myocardial zonula adherens protein,198.8324861,-3.702743263,0.548818662,-6.746751742,1.51E-11,5.64E-09,Downregulated,,
5806,ENSG00000163661,PTX3,pentraxin 3,596.5730671,-3.705474006,1.038808142,-3.567043669,0.000361031,0.005435756,Downregulated,,
81033,ENSG00000173826,KCNH6,potassium voltage-gated channel subfamily H member 6,13.52060513,-3.710174492,0.757675456,-4.896785903,9.74E-07,5.50E-05,Downregulated,,
29953,ENSG00000072657,TRHDE,thyrotropin releasing hormone degrading enzyme,129.113642,-3.726889699,0.645759121,-5.771331101,7.86E-09,1.16E-06,Downregulated,,
105371169,,,,2.867770178,-3.733187061,1.115636194,-3.346240541,0.000819153,0.010008001,Downregulated,,
84530,ENSG00000139767,SRRM4,serine/arginine repetitive matrix 4,4.084504421,-3.734996461,1.286623363,-2.902944691,0.003696719,0.029229232,Downregulated,,
199675,ENSG00000183019,MCEMP1,mast cell expressed membrane protein 1,1099.192046,-3.739669203,0.645647615,-5.792121143,6.95E-09,1.09E-06,Downregulated,,
2823,ENSG00000150625,GPM6A,glycoprotein M6A,547.7369783,-3.73992683,0.911003078,-4.105284516,4.04E-05,0.001058192,Downregulated,,
2215,ENSG00000162747,FCGR3B,Fc gamma receptor IIIb,743.6411183,-3.746683217,0.959599725,-3.90442298,9.45E-05,0.002044005,Downregulated,,
128488,ENSG00000168703,WFDC12,WAP four-disulfide core domain 12,4.633764385,-3.771686803,1.372354862,-2.748332015,0.005989932,0.040317971,Downregulated,,
11197,ENSG00000156076,WIF1,WNT inhibitory factor 1,2247.738155,-3.795442585,0.973750292,-3.897757584,9.71E-05,0.002085752,Downregulated,,
6247,ENSG00000102104,RS1,retinoschisin 1,49.6912626,-3.801264687,0.68550014,-5.545242761,2.94E-08,3.27E-06,Downregulated,,
53405,ENSG00000112782,CLIC5,chloride intracellular channel 5,4106.292719,-3.808737524,0.672339089,-5.664905684,1.47E-08,1.96E-06,Downregulated,,
28513,ENSG00000071991,CDH19,cadherin 19,62.95315046,-3.810637381,0.368556957,-10.33934459,4.68E-25,2.32E-21,Downregulated,,
857,ENSG00000105974,CAV1,caveolin 1,14541.35295,-3.827719702,0.402445697,-9.511145805,1.89E-21,4.88E-18,Downregulated,,
100132463,ENSG00000185758,CLDN24,claudin 24,2.03460079,-3.828093282,1.358818867,-2.817221173,0.004844115,0.034930009,Downregulated,,
83595,ENSG00000171056,SOX7,SRY-box transcription factor 7,968.7771915,-3.830983319,0.622926893,-6.149972598,7.75E-10,1.71E-07,Downregulated,,
4311,ENSG00000196549,MME,membrane metalloendopeptidase,1938.056723,-3.844554927,0.591717188,-6.497284525,8.18E-11,2.38E-08,Downregulated,,
2980,ENSG00000197273,GUCA2A,guanylate cyclase activator 2A,3.075753108,-3.857409738,1.316975093,-2.928992172,0.00340063,0.027534132,Downregulated,,
257000,ENSG00000223573,TINCR,TINCR ubiquitin domain containing,104.218084,-3.86014549,0.641092476,-6.021199182,1.73E-09,3.47E-07,Downregulated,,
3577,ENSG00000163464,CXCR1,C-X-C motif chemokine receptor 1,222.2002906,-3.870880293,0.908105245,-4.262589954,2.02E-05,0.000611736,Downregulated,,
2904,ENSG00000273079,GRIN2B,glutamate ionotropic receptor NMDA type subunit 2B,6.307016354,-3.877706832,0.936765365,-4.139464348,3.48E-05,0.00094689,Downregulated,,
2044,ENSG00000145242,EPHA5,EPH receptor A5,4.59349348,-3.885908461,1.170276254,-3.320505265,0.000898547,0.01070107,Downregulated,,
5995,ENSG00000148604,RGR,retinal G protein coupled receptor,3.258544625,-3.905670627,1.376959062,-2.836446437,0.004561863,0.033714939,Downregulated,,
3851,ENSG00000170477,KRT4,keratin 4,323.1913215,-3.916897805,1.156700714,-3.386267302,0.000708503,0.009028864,Downregulated,,
101928858,ENSG00000249364,LINC02997,long intergenic non-protein coding RNA 2997,8.064059294,-3.923560322,0.901083486,-4.354269477,1.34E-05,0.000438409,Downregulated,,
10332,ENSG00000104938,CLEC4M,C-type lectin domain family 4 member M,15.60747683,-3.925905572,1.246694023,-3.149053015,0.001638005,0.016350902,Downregulated,,
1544,ENSG00000140505,CYP1A2,cytochrome P450 family 1 subfamily A member 2,7.129055815,-3.928636644,1.333879846,-2.945270261,0.003226727,0.026504874,Downregulated,,
101927964,,,,2.248200455,-3.942542898,1.236873118,-3.187507952,0.001435045,0.015024028,Downregulated,,
1361,ENSG00000080618,CPB2,carboxypeptidase B2,506.2511894,-3.9572652,1.114407964,-3.551002262,0.000383767,0.005687383,Downregulated,,
285016,ENSG00000189292,ALKAL2,ALK and LTK ligand 2,269.3532131,-3.977151729,0.887246144,-4.482579897,7.37E-06,0.000269302,Downregulated,,
374462,ENSG00000139304,PTPRQ,protein tyrosine phosphatase receptor type Q,137.4508677,-3.987694747,0.817995206,-4.874961025,1.09E-06,5.98E-05,Downregulated,,
60675,ENSG00000163421,PROK2,prokineticin 2,78.34762312,-3.991581899,0.988343066,-4.038660296,5.38E-05,0.00130792,Downregulated,,
4842,ENSG00000089250,NOS1,nitric oxide synthase 1,110.042552,-3.998060025,0.644545308,-6.202915416,5.54E-10,1.34E-07,Downregulated,,
3744,ENSG00000143105,KCNA10,potassium voltage-gated channel subfamily A member 10,3.429859878,-4.00050577,1.305867739,-3.063484649,0.002187754,0.0201024,Downregulated,,
387775,ENSG00000184999,SLC22A10,solute carrier family 22 member 10,11.87156302,-4.013958028,1.131820679,-3.546461116,0.000390442,0.005760477,Downregulated,,
6456,ENSG00000107295,SH3GL2,"SH3 domain containing GRB2 like 2, endophilin A1",33.03257978,-4.021098996,0.984781579,-4.083239451,4.44E-05,0.001131216,Downregulated,,
200261,ENSG00000233746,LINC00656,long intergenic non-protein coding RNA 656,13.89692888,-4.031739181,0.959864182,-4.200322563,2.67E-05,0.00076536,Downregulated,,
6283,ENSG00000163221,S100A12,S100 calcium binding protein A12,92.07622286,-4.04641625,1.128619978,-3.585277887,0.000336719,0.005163813,Downregulated,,
2167,ENSG00000170323,FABP4,fatty acid binding protein 4,741.9080779,-4.053861532,0.536472177,-7.556517752,4.14E-14,2.83E-11,Downregulated,,
152831,ENSG00000134962,KLB,klotho beta,148.4153153,-4.062659588,0.777405001,-5.225924172,1.73E-07,1.40E-05,Downregulated,,
23569,ENSG00000159339,PADI4,peptidyl arginine deiminase 4,66.48985538,-4.065275243,1.021057156,-3.981437494,6.85E-05,0.001587292,Downregulated,,
3164,ENSG00000123358,NR4A1,nuclear receptor subfamily 4 group A member 1,11643.23914,-4.089841732,0.964386616,-4.240873593,2.23E-05,0.000659934,Downregulated,,
114800,ENSG00000055813,CCDC85A,coiled-coil domain containing 85A,297.0102379,-4.096930211,0.497253261,-8.239121861,1.73E-16,1.91E-13,Downregulated,,
2819,ENSG00000167588,GPD1,glycerol-3-phosphate dehydrogenase 1,276.399446,-4.12380802,0.510686376,-8.075030416,6.75E-16,6.69E-13,Downregulated,,
7123,ENSG00000163815,CLEC3B,C-type lectin domain family 3 member B,1756.150439,-4.132121155,0.361300347,-11.43680373,2.74E-30,2.71E-26,Downregulated,,
400550,ENSG00000268388,FENDRR,FOXF1 adjacent non-coding developmental regulatory RNA,1133.827648,-4.13813258,0.766936161,-5.395667577,6.83E-08,6.51E-06,Downregulated,,
768239,ENSG00000178597,PSAPL1,prosaposin like 1,7.765608729,-4.194129826,1.244704555,-3.369578597,0.000752832,0.00940637,Downregulated,,
10894,ENSG00000133800,LYVE1,lymphatic vessel endothelial hyaluronan receptor 1,2330.515348,-4.256084645,0.682123615,-6.239462395,4.39E-10,1.10E-07,Downregulated,,
133874,ENSG00000234511,C5orf58,chromosome 5 open reading frame 58,2.743472836,-4.258835771,1.461782974,-2.913452848,0.003574558,0.028546079,Downregulated,,
646486,ENSG00000197416,FABP12,fatty acid binding protein 12,2.671138515,-4.263827845,1.454234855,-2.932007735,0.003367784,0.027335154,Downregulated,,
1089,ENSG00000105352,CEACAM4,CEA cell adhesion molecule 4,4.104283027,-4.267762881,1.498749887,-2.847548425,0.004405739,0.032991465,Downregulated,,
407018,ENSG00000207808,MIR27A,microRNA 27a,6.295599676,-4.287141877,1.280936024,-3.346882121,0.00081726,0.010003358,Downregulated,,
7134,ENSG00000114854,TNNC1,"troponin C1, slow skeletal and cardiac type",337.5420241,-4.291683568,0.67533992,-6.354849523,2.09E-10,5.75E-08,Downregulated,,
820,ENSG00000164047,CAMP,cathelicidin antimicrobial peptide,46.16953,-4.29278048,0.780786065,-5.498023946,3.84E-08,4.08E-06,Downregulated,,
58511,ENSG00000137976,DNASE2B,deoxyribonuclease 2 beta,206.0661032,-4.316776364,0.938095871,-4.601636672,4.19E-06,0.000173891,Downregulated,,
6860,ENSG00000132872,SYT4,synaptotagmin 4,2.824463882,-4.332337671,1.278204513,-3.389393189,0.000700475,0.008961108,Downregulated,,
23359,ENSG00000104059,ENTREP2,endosomal transmembrane epsin interactor 2,10.64522886,-4.334319089,0.967732528,-4.478839934,7.50E-06,0.000272282,Downregulated,,
29091,ENSG00000168952,STXBP6,syntaxin binding protein 6,602.252369,-4.338206411,0.360327993,-12.03960417,2.20E-33,4.36E-29,Downregulated,,
7148,ENSG00000168477,TNXB,tenascin XB,17.07233323,-4.356275164,1.067675828,-4.080147785,4.50E-05,0.001141234,Downregulated,,
101927311,,LINC02185,long intergenic non-protein coding RNA 2185,28.25711106,-4.372771933,0.698310722,-6.261928675,3.80E-10,9.79E-08,Downregulated,,
100506542,ENSG00000269186,LINC01082,long intergenic non-protein coding RNA 1082,6.567107201,-4.381367575,1.201067701,-3.64789393,0.000264399,0.004329284,Downregulated,,
105375355,ENSG00000243566,UPK3B,uroplakin 3B,180.885635,-4.383908397,0.926938637,-4.729448341,2.25E-06,0.000106036,Downregulated,,
100885782,ENSG00000236242,MYO16-AS1,MYO16 antisense RNA 1,29.27463164,-4.391626428,1.029584507,-4.265435616,2.00E-05,0.00060584,Downregulated,,
8013,ENSG00000119508,NR4A3,nuclear receptor subfamily 4 group A member 3,1973.367384,-4.409207311,1.014266186,-4.347189498,1.38E-05,0.000450458,Downregulated,,
3596,ENSG00000169194,IL13,interleukin 13,17.33944027,-4.451547905,1.448947531,-3.07226301,0.002124425,0.019657123,Downregulated,,
27063,ENSG00000148677,ANKRD1,ankyrin repeat domain 1,584.3118823,-4.463481824,0.971210542,-4.595792193,4.31E-06,0.000178093,Downregulated,,
9507,ENSG00000158859,ADAMTS4,ADAM metallopeptidase with thrombospondin type 1 motif 4,4460.349111,-4.467224833,1.217948525,-3.667827286,0.00024462,0.004116846,Downregulated,,
139189,ENSG00000274588,DGKK,diacylglycerol kinase kappa,8.729812098,-4.473825224,1.179701263,-3.792337403,0.000149236,0.002900442,Downregulated,,
170572,ENSG00000178084,HTR3C,5-hydroxytryptamine receptor 3C,7.88250327,-4.51147047,1.295281775,-3.483003126,0.000495823,0.006875291,Downregulated,,
728597,ENSG00000214866,DCDC2C,doublecortin domain containing 2C,2.220999534,-4.582442965,1.363078611,-3.361833227,0.000774269,0.009613635,Downregulated,,
731424,ENSG00000251230,MIR3945HG,MIR3945 host gene,174.3984502,-4.636457417,0.578432888,-8.015549447,1.10E-15,1.04E-12,Downregulated,,
102724153,ENSG00000224721,FLVCR2-AS1,FLVCR2 antisense RNA 1,5.181039137,-4.637779895,1.39516348,-3.324183839,0.000886777,0.010599099,Downregulated,,
1128,ENSG00000168539,CHRM1,cholinergic receptor muscarinic 1,37.82779863,-4.654740146,0.769812142,-6.046592267,1.48E-09,3.05E-07,Downregulated,,
387763,ENSG00000187479,C11orf96,chromosome 11 open reading frame 96,4138.065591,-4.661261555,0.912901467,-5.105985392,3.29E-07,2.35E-05,Downregulated,,
11170,ENSG00000168309,FAM107A,family with sequence similarity 107 member A,2985.229582,-4.681674313,0.638746129,-7.329475834,2.31E-13,1.39E-10,Downregulated,,
2986,ENSG00000101890,GUCY2F,"guanylate cyclase 2F, retinal",11.4021768,-4.684878795,0.94880202,-4.937677932,7.91E-07,4.60E-05,Downregulated,,
4578,,TRNW,tRNA-Trp,5.467285405,-4.718784926,1.262162105,-3.738652037,0.00018501,0.003397251,Downregulated,,
153,ENSG00000043591,ADRB1,adrenoceptor beta 1,305.4122895,-4.729164474,0.809673905,-5.840826099,5.19E-09,8.72E-07,Downregulated,,
256815,ENSG00000179133,C10orf67,chromosome 10 open reading frame 67,72.59763786,-4.763658062,0.986091019,-4.830850267,1.36E-06,7.08E-05,Downregulated,,
196475,ENSG00000255794,RMST,rhabdomyosarcoma 2 associated transcript,3.898828814,-4.818225488,1.404360703,-3.430903099,0.000601575,0.007936553,Downregulated,,
388939,ENSG00000179270,PCARE,photoreceptor cilium actin regulator,20.05278241,-4.867170298,0.938817842,-5.184360671,2.17E-07,1.69E-05,Downregulated,,
51208,ENSG00000066405,CLDN18,claudin 18,7577.27176,-4.868236361,0.959396401,-5.074269984,3.89E-07,2.69E-05,Downregulated,,
100616250,ENSG00000283863,MIR3960,microRNA 3960,2.840076471,-4.96137613,1.149708098,-4.315335465,1.59E-05,0.000503179,Downregulated,,
219790,ENSG00000182010,RTKN2,rhotekin 2,4283.247848,-4.991215753,0.755977161,-6.602336701,4.05E-11,1.32E-08,Downregulated,,
3569,ENSG00000136244,IL6,interleukin 6,2488.574308,-5.000285506,1.09041977,-4.585651913,4.53E-06,0.000185798,Downregulated,,
114,ENSG00000155897,ADCY8,adenylate cyclase 8,41.14980212,-5.001245102,0.928073183,-5.38884777,7.09E-08,6.66E-06,Downregulated,,
2354,ENSG00000125740,FOSB,"FosB proto-oncogene, AP-1 transcription factor subunit",7663.859938,-5.081798963,0.92432195,-5.497866803,3.84E-08,4.08E-06,Downregulated,,
137797,ENSG00000197353,LYPD2,LY6/PLAUR domain containing 2,7.320267551,-5.144860868,1.620870447,-3.174134538,0.00150284,0.015496525,Downregulated,,
79908,ENSG00000113303,BTNL8,butyrophilin like 8,45.84369609,-5.220675871,0.678059428,-7.699437037,1.37E-14,1.13E-11,Downregulated,,
101928372,ENSG00000198358,LOC101928372,uncharacterized LOC101928372,29.5511767,-5.240129014,1.018867383,-5.143092322,2.70E-07,1.99E-05,Downregulated,,
5473,ENSG00000163736,PPBP,pro-platelet basic protein,167.7855952,-5.317956555,1.038637557,-5.120127343,3.05E-07,2.19E-05,Downregulated,,
101927590,ENSG00000232903,LINC01166,long intergenic non-protein coding RNA 1166,5.496726989,-5.322470499,1.438782685,-3.699287291,0.000216206,0.003789706,Downregulated,,
6863,ENSG00000006128,TAC1,tachykinin precursor 1,8.339291546,-5.329926216,1.726331115,-3.087429851,0.002018954,0.018958051,Downregulated,,
23237,ENSG00000198576,ARC,activity regulated cytoskeleton associated protein,166.3591973,-5.344382615,0.702723018,-7.605247695,2.84E-14,2.17E-11,Downregulated,,
100885775,ENSG00000278910,BANCR,BRAF-activated non-protein coding RNA,12.69716514,-5.407927765,1.081911328,-4.998494445,5.78E-07,3.59E-05,Downregulated,,
203190,ENSG00000168481,LGI3,leucine rich repeat LGI family member 3,579.3987197,-5.426195529,0.919192495,-5.903220008,3.56E-09,6.48E-07,Downregulated,,
10218,ENSG00000171819,ANGPTL7,angiopoietin like 7,58.81564127,-5.448633097,0.880532238,-6.187885988,6.10E-10,1.44E-07,Downregulated,,
8547,ENSG00000142748,FCN3,ficolin 3,1035.008525,-5.454830839,0.831307225,-6.56175079,5.32E-11,1.65E-08,Downregulated,,
6440,ENSG00000168484,SFTPC,surfactant protein C,107692.5864,-5.46704285,1.025081882,-5.333274292,9.65E-08,8.50E-06,Downregulated,,
219287,ENSG00000165566,AMER2,APC membrane recruitment protein 2,6.145471349,-5.4759613,1.787263548,-3.063880146,0.002184864,0.020087347,Downregulated,,
166752,ENSG00000183090,FREM3,FRAS1 related extracellular matrix 3,21.82591042,-5.478574451,0.956869722,-5.725517618,1.03E-08,1.45E-06,Downregulated,,
4489,ENSG00000205362,MT1A,metallothionein 1A,267.0081904,-5.503809915,1.283799941,-4.287124295,1.81E-05,0.000558176,Downregulated,,
55273,ENSG00000166292,TMEM100,transmembrane protein 100,2086.091452,-5.588661042,0.785091974,-7.118479395,1.09E-12,5.41E-10,Downregulated,,
6457,ENSG00000140600,SH3GL3,"SH3 domain containing GRB2 like 3, endophilin A3",45.60160791,-5.598434351,0.991245189,-5.647880477,1.62E-08,2.06E-06,Downregulated,,
4499,ENSG00000205364,MT1M,metallothionein 1M,1005.444361,-5.606675039,1.120552006,-5.003493821,5.63E-07,3.52E-05,Downregulated,,
177,ENSG00000204305,AGER,advanced glycosylation end-product specific receptor,14.40366644,-5.63296481,1.518712391,-3.70903987,0.000208047,0.003683355,Downregulated,,
25928,ENSG00000171243,SOSTDC1,sclerostin domain containing 1,305.4901919,-6.016980064,1.030286048,-5.840106322,5.22E-09,8.72E-07,Downregulated,,
3036,ENSG00000105509,HAS1,hyaluronan synthase 1,471.5218849,-6.154947068,1.234157388,-4.987165437,6.13E-07,3.76E-05,Downregulated,,
400120,ENSG00000180440,SERTM1,serine rich and transmembrane domain containing 1,134.4920573,-6.260404852,1.185173096,-5.282270474,1.28E-07,1.10E-05,Downregulated,,
4653,ENSG00000034971,MYOC,myocilin,264.7494779,-6.313924757,1.118148583,-5.64676721,1.63E-08,2.06E-06,Downregulated,,
762,ENSG00000167434,CA4,carbonic anhydrase 4,375.0539932,-6.326045888,0.730153306,-8.663996774,4.56E-18,6.95E-15,Downregulated,,
142683,ENSG00000158764,ITLN2,intelectin 2,168.7891989,-7.027482286,0.976108219,-7.19949095,6.04E-13,3.24E-10,Downregulated,,
101927123,ENSG00000244215,LINC02016,long intergenic non-protein coding RNA 2016,35.42397183,-8.025377654,1.560934143,-5.141394139,2.73E-07,2.00E-05,Downregulated,,
6532,ENSG00000108576,SLC6A4,solute carrier family 6 member 4,1739.06391,-8.124702262,0.825440953,-9.842863059,7.36E-23,2.43E-19,Downregulated,,
4498,ENSG00000290662,MT1JP,"metallothionein 1J, pseudogene",75.80911704,-8.543029992,2.320897171,-3.680917061,0.000232397,0.00398288,Downregulated,,
