"ID","Description","GeneRatio","BgRatio","RichFactor","FoldEnrichment","zScore","pvalue","p.adjust","qvalue","geneID","Count"
"GO:0007088","regulation of mitotic nuclear division","44/1869","120/18842",0.366666666666667,3.69648653468878,9.83309145293334,3.01756645314154e-15,1.6394438539918e-11,1.26214855492994e-11,"CCNB1/EGF/KNTC1/SKA3/CDCA8/CENPF/KNL1/CDC20/ZWINT/CAV2/DUSP1/SPC24/DLGAP5/BORA/TRIP13/PKMYT1/NUSAP1/ESPL1/NUF2/UBE2C/MAD2L1/PDGFB/MKI67/NEK2/FBXO43/RCC1/SPDL1/AURKA/CDCA2/BUB1/TTK/EDN3/CHEK1/INCENP/GEN1/EDN1/NDC80/BIRC5/AURKB/KIF20B/PLK1/TOM1L2/BUB1B/CDC25C",44
"GO:0140014","mitotic nuclear division","73/1869","281/18842",0.259786476868327,2.61899240083094,9.07349501014264,6.93344867341182e-15,1.88347133213232e-11,1.45001648840526e-11,"CCNB1/EGF/KNTC1/SKA3/CDCA8/CENPF/CENPI/SPAG5/NCAPG2/KNL1/CDC20/CENPA/ZWINT/KIF18A/CEP85/CAV2/DUSP1/SPC24/DLGAP5/CDT1/BORA/TRIP13/CENPK/PKMYT1/BCCIP/UHRF1/NUSAP1/ESPL1/NUF2/UBE2C/MAD2L1/PDGFB/MKI67/KIF14/NEK2/FBXO43/TPX2/RCC1/SPDL1/AURKA/CDCA2/CDK1/KIF4A/NCAPG/BUB1/TTK/KIF2C/EDN3/LSM14A/CHEK1/KIF23/INCENP/GEN1/EDN1/KIF18B/NDC80/ANLN/KIF15/BIRC5/AURKB/NCAPH/PRC1/RGCC/CENPE/TUBG1/CDC14A/KIF20B/PLK1/TOM1L2/KAT2B/BUB1B/CDC25C/KIF11",73
"GO:0000280","nuclear division","95/1869","422/18842",0.225118483412322,2.26949302539057,8.75223664315189,1.16718785504946e-14,2.11377720549457e-11,1.62732065441758e-11,"CCNB1/SYCP2/EGF/KNTC1/MND1/C14orf39/FANCD2/SKA3/CDCA8/TDRKH/DCAF13/TOP2A/RAD54B/CENPF/P3H4/CENPI/SPAG5/TUBB8/NCAPG2/RAD54L/KNL1/CDC20/HORMAD1/CENPA/ZWINT/KIF18A/CEP85/BRCA2/CAV2/DUSP1/SPC24/DLGAP5/SGO1/CDT1/BORA/TRIP13/CENPK/PTTG1/PKMYT1/BCCIP/UHRF1/EME1/NUSAP1/ESPL1/NUF2/UBE2C/MAD2L1/FIGNL1/TESMIN/PDGFB/MKI67/SGO2/KIF14/NEK2/FBXO43/TPX2/RCC1/SPDL1/AURKA/CDCA2/RAD51/CDK1/KIF4A/NCAPG/BUB1/TTK/KIF2C/EDN3/LSM14A/CHEK1/BRIP1/KIF23/INCENP/GEN1/EDN1/KIF18B/NDC80/ANLN/KIF15/BIRC5/AURKB/NCAPH/PRC1/RGCC/CENPE/TUBG1/CDC14A/KIF20B/PLK1/TOM1L2/KAT2B/BUB1B/CDC25C/RAD51AP1/KIF11",95
"GO:0051783","regulation of nuclear division","46/1869","135/18842",0.340740740740741,3.43511879991281,9.42241622003731,1.72393705159461e-14,2.34153750032838e-11,1.80266507154719e-11,"CCNB1/EGF/KNTC1/SKA3/CDCA8/CENPF/KNL1/CDC20/HORMAD1/ZWINT/CAV2/DUSP1/SPC24/DLGAP5/BORA/TRIP13/PKMYT1/NUSAP1/ESPL1/NUF2/UBE2C/MAD2L1/PDGFB/MKI67/NEK2/FBXO43/RCC1/SPDL1/AURKA/CDCA2/BUB1/TTK/EDN3/CHEK1/INCENP/GEN1/EDN1/NDC80/BIRC5/AURKB/KIF20B/PLK1/TOM1L2/BUB1B/CDC25C/RAD51AP1",46
"GO:0045786","negative regulation of cell cycle","85/1869","382/18842",0.222513089005236,2.24322719263598,8.14598589378876,5.87577269944575e-13,5.93631179877441e-10,4.57015184764854e-10,"CCNB1/CDKN2A/KNTC1/GMNN/CDKN1A/FANCD2/SKA3/CDCA8/CDC6/CENPF/LATS2/WDR76/TICRR/KNL1/ALOX15B/RPS6KA2/CDC20/HORMAD1/ZWINT/RFC4/BLM/IL10/GPER1/ORC1/BRCA2/DUSP1/RHOB/SPC24/PLK3/CDT1/TRIP13/TIMELESS/DSP/PKMYT1/FHL1/EME1/ESPL1/KANK2/NUF2/DTL/MAD2L1/KAT2A/KLF4/CDKN2D/DAB2IP/ZFP36L2/FOXO4/NEK2/E2F8/FBXO43/BCL6/E2F1/SPDL1/NR4A1/MIR30C2/MIR29C/FAM107A/CCL2/RAD51/SLFN11/CDK1/BUB1/GAS1/TTK/CHEK1/BRIP1/INCENP/GATA3/GEN1/BMP2/CCNF/NDC80/E2F7/BIRC5/AURKB/CDKN2B/RGCC/CDC45/NUPR1/PLK1/TOM1L2/KAT2B/CLSPN/TENT5B/BUB1B",85
"GO:0048285","organelle fission","98/1869","470/18842",0.208510638297872,2.10206390947486,8.02887711180136,6.55583854088836e-13,5.93631179877441e-10,4.57015184764854e-10,"CCNB1/SYCP2/EGF/KNTC1/MND1/C14orf39/FANCD2/SKA3/CDCA8/TDRKH/DCAF13/TOP2A/RAD54B/CENPF/P3H4/CENPI/SPAG5/TUBB8/NCAPG2/RAD54L/KNL1/CDC20/HORMAD1/CENPA/ZWINT/KIF18A/CEP85/BRCA2/CAV2/DUSP1/SPC24/DLGAP5/SGO1/CDT1/BORA/TRIP13/CENPK/PTTG1/PKMYT1/BCCIP/UHRF1/EME1/NUSAP1/ESPL1/NUF2/UBE2C/MAD2L1/FIGNL1/TESMIN/PDGFB/MKI67/SGO2/KIF14/NEK2/FBXO43/TPX2/RCC1/SPDL1/AURKA/DCN/CDCA2/RAD51/MTFR1/CDK1/KIF4A/PRKN/NCAPG/BUB1/TTK/KIF2C/EDN3/LSM14A/CHEK1/BRIP1/KIF23/INCENP/GEN1/EDN1/KIF18B/NDC80/ANLN/KIF15/BIRC5/AURKB/NCAPH/PRC1/RGCC/CENPE/TUBG1/CDC14A/KIF20B/PLK1/TOM1L2/KAT2B/BUB1B/CDC25C/RAD51AP1/KIF11",98
"GO:0010948","negative regulation of cell cycle process","72/1869","309/18842",0.233009708737864,2.34904704763983,7.93433973956032,3.49818998303492e-12,2.71509516826124e-09,2.09025361544058e-09,"CCNB1/KNTC1/GMNN/CDKN1A/FANCD2/SKA3/CDCA8/CDC6/CENPF/WDR76/TICRR/KNL1/CDC20/HORMAD1/ZWINT/RFC4/BLM/GPER1/ORC1/BRCA2/DUSP1/SPC24/PLK3/CDT1/TRIP13/TIMELESS/PKMYT1/FHL1/EME1/ESPL1/KANK2/NUF2/DTL/MAD2L1/KAT2A/KLF4/CDKN2D/DAB2IP/ZFP36L2/FOXO4/NEK2/E2F8/FBXO43/BCL6/E2F1/SPDL1/MIR30C2/MIR29C/FAM107A/CCL2/RAD51/SLFN11/CDK1/BUB1/TTK/CHEK1/BRIP1/INCENP/GEN1/CCNF/NDC80/E2F7/BIRC5/AURKB/CDKN2B/RGCC/CDC45/PLK1/TOM1L2/KAT2B/CLSPN/BUB1B",72
"GO:0007346","regulation of mitotic cell cycle","98/1869","492/18842",0.199186991869919,2.00806918181541,7.51851680655804,1.09590909513369e-11,7.44259264232665e-09,5.72978301487583e-09,"FOXM1/CCNB1/EGF/CDKN2A/KNTC1/CCNE2/GMNN/CDKN1A/FANCD2/SKA3/CDCA8/ERCC2/CDC6/CENPF/TICRR/KNL1/CDC20/ZWINT/BLM/ID2/IL10/ADAMTS1/ORC1/CAV2/DUSP1/SPC24/DLGAP5/MTBP/STIL/PLK3/CCNE1/CDC25A/BORA/TRIP13/MEIS2/TIMELESS/PKMYT1/FHL1/FGF10/EME1/NUSAP1/ESPL1/KANK2/NUF2/DTL/UBE2C/KLF11/RDX/MAD2L1/KLF4/CDKN2D/PDGFB/MKI67/ZFP36L2/KIF14/NEK2/TERT/FBXO43/BCL6/RCC1/E2F1/SPDL1/AURKA/MIR30C2/MIR29C/FAM107A/USP2/CDCA2/CCL2/RRM2/SLFN11/CDK1/BUB1/GAS1/TTK/EDN3/CHEK1/INCENP/GEN1/NEK7/EDN1/NDC80/E2F7/ANLN/BIRC5/AURKB/CDKN2B/RGCC/CENPE/CDC14A/KIF20B/PLK1/TOM1L2/CLSPN/TAL1/CKS1B/BUB1B/CDC25C",98
"GO:1902969","mitotic DNA replication","13/1869","16/18842",0.8125,8.19107811663991,9.5488768096978,3.63985118493211e-11,2.18502183585731e-08,1.68216931973778e-08,"TK1/GMNN/MCM2/BRCA2/MCM6/LIG1/GINS1/CDT1/BCL6/RAD51/PCNA/CDC45/MCM4",13
"GO:0000070","mitotic sister chromatid segregation","53/1869","205/18842",0.258536585365854,2.60639183598899,7.67392828154318,4.21224193243577e-11,2.18502183585731e-08,1.68216931973778e-08,"CCNB1/KNTC1/SKA3/CDCA8/CENPF/CENPI/SPAG5/NCAPG2/KNL1/CDC20/CENPA/ZWINT/KIF18A/DUSP1/SPC24/DLGAP5/CDT1/TRIP13/CENPK/BCCIP/UHRF1/NUSAP1/ESPL1/NUF2/UBE2C/MAD2L1/KIF14/TPX2/RCC1/SPDL1/CDK1/KIF4A/NCAPG/BUB1/TTK/KIF2C/LSM14A/KIF23/INCENP/GEN1/KIF18B/NDC80/KIF15/BIRC5/AURKB/NCAPH/PRC1/CENPE/TUBG1/PLK1/KAT2B/BUB1B/KIF11",53
"GO:0045787","positive regulation of cell cycle","70/1869","312/18842",0.224358974358974,2.26183616633055,7.45795705195359,4.42393524653605e-11,2.18502183585731e-08,1.68216931973778e-08,"CCNB1/EGF/CCNE2/SKA3/CDCA8/CDC6/SPAG5/NCAPG2/KNL1/CDC20/IL10/ADAMTS1/CIT/DLGAP5/MTBP/STIL/CCNE1/CDC25A/ATAD5/MEIS2/RARA/FGF10/NUSAP1/ESPL1/TBX2/DTL/UBE2C/RDX/MAD2L1/DDX11/PDGFB/KIF14/PLK4/TERT/E2F8/TBX3/RCC1/AURKA/TGM1/USP2/CITED2/RRM2/CDK1/EZH2/SLC6A4/NCAPG/BUB1/PRKCE/ECT2/EDN3/FEN1/CHEK1/KIF23/INCENP/GEN1/EDN1/NDC80/E2F7/BIRC5/AURKB/NCAPH/RGCC/CDC14A/KIF20B/NUPR1/PLK1/KAT2B/TAL1/CDC25C/RAD51AP1",70
"GO:0006261","DNA-templated DNA replication","47/1869","171/18842",0.274853801169591,2.77089102281296,7.71939780295025,5.49329275055543e-11,2.48708829281397e-08,1.91471936481091e-08,"EXO1/SAMHD1/TK1/TONSL/GMNN/HELB/DACH1/CDC6/HLTF/AGER/TICRR/RFC4/WDHD1/BLM/MCM2/ORC1/BRCA2/MCM6/ORC6/LIG1/TRAIP/GINS4/PRIM2/GINS1/ZNF365/CDT1/POLE2/ATAD5/TIMELESS/EME1/DTL/POLG2/DDX11/FAM111B/E2F8/BCL6/MCM10/RAD51/SLFN11/PCNA/POLQ/FEN1/GEN1/E2F7/ENDOG/CDC45/MCM4",47
"GO:0051784","negative regulation of nuclear division","27/1869","70/18842",0.385714285714286,3.88851180921807,8.03424765189814,1.75204431340146e-10,7.2512177722511e-08,5.58245042088206e-08,"CCNB1/KNTC1/SKA3/CDCA8/CENPF/KNL1/CDC20/HORMAD1/ZWINT/DUSP1/SPC24/TRIP13/NUF2/MAD2L1/FBXO43/SPDL1/BUB1/TTK/CHEK1/INCENP/GEN1/NDC80/BIRC5/AURKB/PLK1/TOM1L2/BUB1B",27
"GO:0098813","nuclear chromosome segregation","69/1869","315/18842",0.219047619047619,2.2082906570868,7.17631450161578,1.86852657484843e-10,7.2512177722511e-08,5.58245042088206e-08,"CCNB1/SYCP2/KNTC1/MND1/C14orf39/FANCD2/SKA3/CDCA8/DCAF13/TOP2A/CDC6/CENPF/P3H4/CENPI/SPAG5/TUBB8/NCAPG2/KNL1/CDC20/HORMAD1/CENPA/ZWINT/KIF18A/DUSP1/SPC24/DLGAP5/SGO1/CDT1/TRIP13/CENPK/PTTG1/BCCIP/UHRF1/NUSAP1/ESPL1/NUF2/UBE2C/RMI2/MAD2L1/SGO2/KIF14/NEK2/TPX2/RCC1/SPDL1/CDK1/KIF4A/NCAPG/BUB1/TTK/ECT2/KIF2C/LSM14A/KIF23/INCENP/GEN1/KIF18B/NDC80/KIF15/BIRC5/AURKB/NCAPH/PRC1/CENPE/TUBG1/PLK1/KAT2B/BUB1B/KIF11",69
"GO:0090068","positive regulation of cell cycle process","59/1869","252/18842",0.234126984126984,2.36031066608916,7.21399768655807,2.54822332205267e-10,9.22966487247478e-08,7.10558531962995e-08,"CCNB1/EGF/CCNE2/SKA3/CDCA8/CDC6/SPAG5/NCAPG2/KNL1/CDC20/ADAMTS1/CIT/DLGAP5/MTBP/STIL/CCNE1/CDC25A/ATAD5/FGF10/NUSAP1/ESPL1/TBX2/DTL/UBE2C/RDX/MAD2L1/DDX11/PDGFB/KIF14/PLK4/TERT/E2F8/RCC1/AURKA/RRM2/CDK1/EZH2/NCAPG/BUB1/PRKCE/ECT2/EDN3/FEN1/KIF23/INCENP/GEN1/EDN1/NDC80/E2F7/BIRC5/AURKB/NCAPH/RGCC/CDC14A/KIF20B/PLK1/KAT2B/CDC25C/RAD51AP1",59
"GO:1905818","regulation of chromosome separation","29/1869","82/18842",0.353658536585366,3.56534732281512,7.72527595208684,4.27570982887838e-10,1.45187071876851e-07,1.11774277916073e-07,"CCNB1/KNTC1/SKA3/CDCA8/CENPF/NCAPG2/KNL1/CDC20/ZWINT/DUSP1/SPC24/DLGAP5/TRIP13/ESPL1/NUF2/UBE2C/MAD2L1/SPDL1/NCAPG/BUB1/TTK/INCENP/GEN1/NDC80/BIRC5/AURKB/NCAPH/PLK1/BUB1B",29
"GO:0050673","epithelial cell proliferation","74/1869","356/18842",0.207865168539326,2.09555671782663,6.92493515045246,5.21179424300344e-10,1.66562812483751e-07,1.28230687845492e-07,"EDNRB/EGF/PTN/SAAL1/MMP12/C5AR1/MAGED1/AGTR1/SFRP1/ID2/IL10/FERMT1/MARVELD3/BRCA2/MIR27A/KLF9/CAV2/FGF2/MDK/SGPP2/TGFBR3/MMRN2/ZFP36/TNFSF12/UHRF1/FGF10/HRAS/TNFAIP3/ACVRL1/NME1/TBX2/CAV1/EGFL7/JCAD/MIR27B/PKHD1/PDGFB/CDH3/DAB2IP/FAP/CEBPB/JUND/PROK2/ODAM/NR4A1/VEGFA/TGM1/NME2/GATA2/MIR29C/SIX1/CCL2/SEMA5A/SIX4/ATOH8/GATA6/CDH13/GPBAR1/NOX5/PTPRM/KRT4/GATA3/FGL1/IL6/NR4A3/TEK/CD34/CEACAM1/CLDN18/CDKN2B/RGCC/NUPR1/BMP6/SULF1",74
"GO:0045839","negative regulation of mitotic nuclear division","25/1869","64/18842",0.390625,3.93801832530765,7.81262789219718,6.02367338191599e-10,1.8082183564862e-07,1.39208194295885e-07,"CCNB1/KNTC1/SKA3/CDCA8/CENPF/KNL1/CDC20/ZWINT/DUSP1/SPC24/TRIP13/NUF2/MAD2L1/SPDL1/BUB1/TTK/CHEK1/INCENP/GEN1/NDC80/BIRC5/AURKB/PLK1/TOM1L2/BUB1B",25
"GO:0007059","chromosome segregation","83/1869","420/18842",0.197619047619048,1.99226222324136,6.82433021983319,6.3236055168853e-10,1.8082183564862e-07,1.39208194295885e-07,"CENPU/CCNB1/SYCP2/KNTC1/CENPM/FIRRM/SRPK1/MND1/C14orf39/FANCD2/SKA3/CDCA8/DCAF13/TOP2A/ERCC2/CDC6/CENPF/P3H4/CENPI/SPAG5/TUBB8/NCAPG2/KNL1/CDC20/HORMAD1/CENPA/ZWINT/KIF18A/CEP85/DUSP1/SPC24/DLGAP5/SGO1/STIL/CDT1/TRIP13/CENPK/PTTG1/BCCIP/UHRF1/NUSAP1/ESPL1/NUF2/UBE2C/STARD9/RMI2/MAD2L1/MKI67/SGO2/HJURP/KIF14/NEK2/TPX2/RCC1/SPDL1/CENPH/CDCA2/CDK1/KIF4A/NCAPG/BUB1/TTK/ECT2/KIF2C/LSM14A/KIF23/INCENP/GEN1/NEK7/KIF18B/NDC80/CENPL/KIF15/BIRC5/AURKB/NCAPH/PRC1/CENPE/TUBG1/PLK1/KAT2B/BUB1B/KIF11",83
"GO:0010965","regulation of mitotic sister chromatid separation","26/1869","69/18842",0.376811594202899,3.79876086568808,7.72859977226804,6.93423141888936e-10,1.88368396494129e-07,1.45018018671791e-07,"CCNB1/KNTC1/SKA3/CDCA8/CENPF/KNL1/CDC20/ZWINT/DUSP1/SPC24/DLGAP5/TRIP13/ESPL1/NUF2/UBE2C/MAD2L1/SPDL1/BUB1/TTK/INCENP/GEN1/NDC80/BIRC5/AURKB/PLK1/BUB1B",26
"GO:0033047","regulation of mitotic sister chromatid segregation","25/1869","65/18842",0.384615384615385,3.87743342799523,7.71127479463716,8.87072289391326e-10,2.04188096400328e-07,1.5719703372462e-07,"CCNB1/KNTC1/SKA3/CDCA8/CENPF/KNL1/CDC20/ZWINT/DUSP1/SPC24/TRIP13/NUF2/MAD2L1/SPDL1/CDK1/BUB1/TTK/INCENP/GEN1/NDC80/BIRC5/AURKB/PLK1/KAT2B/BUB1B",25
"GO:0007094","mitotic spindle assembly checkpoint signaling","23/1869","56/18842",0.410714285714286,4.14054498203776,7.81014672037752,9.01990486583447e-10,2.04188096400328e-07,1.5719703372462e-07,"CCNB1/KNTC1/SKA3/CDCA8/CENPF/KNL1/CDC20/ZWINT/DUSP1/SPC24/TRIP13/NUF2/MAD2L1/SPDL1/BUB1/TTK/INCENP/GEN1/NDC80/BIRC5/AURKB/PLK1/BUB1B",23
"GO:0071173","spindle assembly checkpoint signaling","23/1869","56/18842",0.410714285714286,4.14054498203776,7.81014672037752,9.01990486583447e-10,2.04188096400328e-07,1.5719703372462e-07,"CCNB1/KNTC1/SKA3/CDCA8/CENPF/KNL1/CDC20/ZWINT/DUSP1/SPC24/TRIP13/NUF2/MAD2L1/SPDL1/BUB1/TTK/INCENP/GEN1/NDC80/BIRC5/AURKB/PLK1/BUB1B",23
"GO:0071174","mitotic spindle checkpoint signaling","23/1869","56/18842",0.410714285714286,4.14054498203776,7.81014672037752,9.01990486583447e-10,2.04188096400328e-07,1.5719703372462e-07,"CCNB1/KNTC1/SKA3/CDCA8/CENPF/KNL1/CDC20/ZWINT/DUSP1/SPC24/TRIP13/NUF2/MAD2L1/SPDL1/BUB1/TTK/INCENP/GEN1/NDC80/BIRC5/AURKB/PLK1/BUB1B",23
"GO:0044786","cell cycle DNA replication","19/1869","40/18842",0.475,4.7886302835741,7.95953171853068,1.32916557123156e-09,2.80550420813346e-07,2.15985626682109e-07,"TK1/GMNN/DACH1/BLM/MCM2/BRCA2/MCM6/LIG1/GINS1/CDT1/ATAD5/E2F8/BCL6/RAD51/PCNA/FEN1/E2F7/CDC45/MCM4",19
"GO:0031577","spindle checkpoint signaling","23/1869","57/18842",0.403508771929825,4.06790384200201,7.69752115779879,1.37073750771567e-09,2.80550420813346e-07,2.15985626682109e-07,"CCNB1/KNTC1/SKA3/CDCA8/CENPF/KNL1/CDC20/ZWINT/DUSP1/SPC24/TRIP13/NUF2/MAD2L1/SPDL1/BUB1/TTK/INCENP/GEN1/NDC80/BIRC5/AURKB/PLK1/BUB1B",23
"GO:0051306","mitotic sister chromatid separation","26/1869","71/18842",0.366197183098592,3.69175351735883,7.54046413434489,1.42921932540738e-09,2.80550420813346e-07,2.15985626682109e-07,"CCNB1/KNTC1/SKA3/CDCA8/CENPF/KNL1/CDC20/ZWINT/DUSP1/SPC24/DLGAP5/TRIP13/ESPL1/NUF2/UBE2C/MAD2L1/SPDL1/BUB1/TTK/INCENP/GEN1/NDC80/BIRC5/AURKB/PLK1/BUB1B",26
"GO:0045930","negative regulation of mitotic cell cycle","55/1869","237/18842",0.232067510548523,2.33954843967644,6.88644492503978,1.44587001339475e-09,2.80550420813346e-07,2.15985626682109e-07,"CCNB1/KNTC1/GMNN/CDKN1A/FANCD2/SKA3/CDCA8/CDC6/CENPF/TICRR/KNL1/CDC20/ZWINT/BLM/IL10/ORC1/DUSP1/SPC24/PLK3/TRIP13/TIMELESS/PKMYT1/FHL1/EME1/KANK2/NUF2/DTL/MAD2L1/KLF4/CDKN2D/ZFP36L2/BCL6/SPDL1/MIR30C2/MIR29C/FAM107A/CCL2/SLFN11/CDK1/BUB1/GAS1/TTK/CHEK1/INCENP/GEN1/NDC80/E2F7/BIRC5/AURKB/CDKN2B/RGCC/PLK1/TOM1L2/CLSPN/BUB1B",55
"GO:1901990","regulation of mitotic cell cycle phase transition","71/1869","345/18842",0.205797101449275,2.07470785741426,6.68538839622306,1.83332517937443e-09,3.39003963475791e-07,2.60986895998106e-07,"CCNB1/CDKN2A/KNTC1/CCNE2/CDKN1A/SKA3/CDCA8/ERCC2/CDC6/CENPF/TICRR/KNL1/CDC20/ZWINT/BLM/ID2/ADAMTS1/ORC1/DUSP1/SPC24/DLGAP5/MTBP/STIL/PLK3/CCNE1/CDC25A/TRIP13/PKMYT1/FHL1/FGF10/ESPL1/KANK2/NUF2/DTL/UBE2C/KLF11/RDX/MAD2L1/KLF4/CDKN2D/ZFP36L2/KIF14/TERT/E2F1/SPDL1/AURKA/MIR30C2/MIR29C/FAM107A/CCL2/RRM2/SLFN11/CDK1/BUB1/TTK/CHEK1/INCENP/GEN1/NDC80/E2F7/ANLN/BIRC5/AURKB/CDKN2B/RGCC/CENPE/CDC14A/PLK1/CLSPN/BUB1B/CDC25C",71
"GO:0033046","negative regulation of sister chromatid segregation","23/1869","58/18842",0.396551724137931,3.99776756886404,7.58743937083221,2.05910745346974e-09,3.39003963475791e-07,2.60986895998106e-07,"CCNB1/KNTC1/SKA3/CDCA8/CENPF/KNL1/CDC20/ZWINT/DUSP1/SPC24/TRIP13/NUF2/MAD2L1/SPDL1/BUB1/TTK/INCENP/GEN1/NDC80/BIRC5/AURKB/PLK1/BUB1B",23
"GO:0033048","negative regulation of mitotic sister chromatid segregation","23/1869","58/18842",0.396551724137931,3.99776756886404,7.58743937083221,2.05910745346974e-09,3.39003963475791e-07,2.60986895998106e-07,"CCNB1/KNTC1/SKA3/CDCA8/CENPF/KNL1/CDC20/ZWINT/DUSP1/SPC24/TRIP13/NUF2/MAD2L1/SPDL1/BUB1/TTK/INCENP/GEN1/NDC80/BIRC5/AURKB/PLK1/BUB1B",23
"GO:0045841","negative regulation of mitotic metaphase/anaphase transition","23/1869","58/18842",0.396551724137931,3.99776756886404,7.58743937083221,2.05910745346974e-09,3.39003963475791e-07,2.60986895998106e-07,"CCNB1/KNTC1/SKA3/CDCA8/CENPF/KNL1/CDC20/ZWINT/DUSP1/SPC24/TRIP13/NUF2/MAD2L1/SPDL1/BUB1/TTK/INCENP/GEN1/NDC80/BIRC5/AURKB/PLK1/BUB1B",23
"GO:2000816","negative regulation of mitotic sister chromatid separation","23/1869","58/18842",0.396551724137931,3.99776756886404,7.58743937083221,2.05910745346974e-09,3.39003963475791e-07,2.60986895998106e-07,"CCNB1/KNTC1/SKA3/CDCA8/CENPF/KNL1/CDC20/ZWINT/DUSP1/SPC24/TRIP13/NUF2/MAD2L1/SPDL1/BUB1/TTK/INCENP/GEN1/NDC80/BIRC5/AURKB/PLK1/BUB1B",23
"GO:0000819","sister chromatid segregation","56/1869","246/18842",0.227642276422764,2.29493620778904,6.78396313178033,2.18513916093117e-09,3.49172384157031e-07,2.68815195477529e-07,"CCNB1/KNTC1/SKA3/CDCA8/TOP2A/CDC6/CENPF/CENPI/SPAG5/NCAPG2/KNL1/CDC20/CENPA/ZWINT/KIF18A/DUSP1/SPC24/DLGAP5/CDT1/TRIP13/CENPK/BCCIP/UHRF1/NUSAP1/ESPL1/NUF2/UBE2C/RMI2/MAD2L1/KIF14/TPX2/RCC1/SPDL1/CDK1/KIF4A/NCAPG/BUB1/TTK/KIF2C/LSM14A/KIF23/INCENP/GEN1/KIF18B/NDC80/KIF15/BIRC5/AURKB/NCAPH/PRC1/CENPE/TUBG1/PLK1/KAT2B/BUB1B/KIF11",56
"GO:1901991","negative regulation of mitotic cell cycle phase transition","47/1869","190/18842",0.247368421052632,2.49380192053167,6.86727486316489,2.52456766296516e-09,3.91885031796849e-07,3.01698118771648e-07,"CCNB1/KNTC1/CDKN1A/SKA3/CDCA8/CDC6/CENPF/TICRR/KNL1/CDC20/ZWINT/BLM/ORC1/DUSP1/SPC24/PLK3/TRIP13/PKMYT1/FHL1/KANK2/NUF2/DTL/MAD2L1/KLF4/CDKN2D/ZFP36L2/SPDL1/MIR30C2/MIR29C/FAM107A/CCL2/SLFN11/CDK1/BUB1/TTK/CHEK1/INCENP/GEN1/NDC80/E2F7/BIRC5/AURKB/CDKN2B/RGCC/PLK1/CLSPN/BUB1B",47
"GO:0045229","external encapsulating structure organization","61/1869","280/18842",0.217857142857143,2.19628907742872,6.6923722363027,2.6254918166108e-09,3.96230473323514e-07,3.05043517109053e-07,"MMP3/MMP7/MMP12/ADAMTS15/DPT/P3H4/ADAMTS12/TPSAB1/COL24A1/RECK/TIMP3/COL17A1/ADAMTSL4/FERMT1/ADAMTS1/NPNT/MMP13/SPOCK2/COL11A1/ADAMTS4/CST3/TGFBR3/COL19A1/FGFR4/CRTAP/COL5A2/NOTCH1/ADAMTS6/MARCO/DMP1/ADAMTS14/CTSS/MIR27B/MMP25/ADTRP/FAP/FBLN5/HAS1/GREM1/CTSV/TGM1/MIR29C/COL1A1/RAMP2/TNXB/ADAMTSL3/COL3A1/SERPINH1/MMP1/BMP2/IL6/COL10A1/RGCC/MMP23B/IBSP/ANGPTL7/MMP19/LTBP4/GAS6/PHLDB2/SULF1",61
"GO:0051304","chromosome separation","29/1869","88/18842",0.329545454545455,3.32225545989591,7.24572242531975,2.84275634722108e-09,4.17424195525733e-07,3.21359797648937e-07,"CCNB1/KNTC1/SKA3/CDCA8/CENPF/NCAPG2/KNL1/CDC20/ZWINT/DUSP1/SPC24/DLGAP5/TRIP13/ESPL1/NUF2/UBE2C/MAD2L1/SPDL1/NCAPG/BUB1/TTK/INCENP/GEN1/NDC80/BIRC5/AURKB/NCAPH/PLK1/BUB1B",29
"GO:1901988","negative regulation of cell cycle phase transition","59/1869","269/18842",0.219330855018587,2.2111460515036,6.63909599468762,3.65407183417355e-09,5.22436112501708e-07,4.02204676196581e-07,"CCNB1/KNTC1/CDKN1A/FANCD2/SKA3/CDCA8/CDC6/CENPF/WDR76/TICRR/KNL1/CDC20/HORMAD1/ZWINT/RFC4/BLM/ORC1/BRCA2/DUSP1/SPC24/PLK3/CDT1/TRIP13/TIMELESS/PKMYT1/FHL1/EME1/KANK2/NUF2/DTL/MAD2L1/KLF4/CDKN2D/ZFP36L2/E2F1/SPDL1/MIR30C2/MIR29C/FAM107A/CCL2/RAD51/SLFN11/CDK1/BUB1/TTK/CHEK1/BRIP1/INCENP/GEN1/NDC80/E2F7/BIRC5/AURKB/CDKN2B/RGCC/CDC45/PLK1/CLSPN/BUB1B",59
"GO:1902100","negative regulation of metaphase/anaphase transition of cell cycle","23/1869","60/18842",0.383333333333333,3.86450864990191,7.3744929532945,4.497105086264e-09,6.10819298341808e-07,4.70247695795314e-07,"CCNB1/KNTC1/SKA3/CDCA8/CENPF/KNL1/CDC20/ZWINT/DUSP1/SPC24/TRIP13/NUF2/MAD2L1/SPDL1/BUB1/TTK/INCENP/GEN1/NDC80/BIRC5/AURKB/PLK1/BUB1B",23
"GO:1905819","negative regulation of chromosome separation","23/1869","60/18842",0.383333333333333,3.86450864990191,7.3744929532945,4.497105086264e-09,6.10819298341808e-07,4.70247695795314e-07,"CCNB1/KNTC1/SKA3/CDCA8/CENPF/KNL1/CDC20/ZWINT/DUSP1/SPC24/TRIP13/NUF2/MAD2L1/SPDL1/BUB1/TTK/INCENP/GEN1/NDC80/BIRC5/AURKB/PLK1/BUB1B",23
"GO:0030198","extracellular matrix organization","60/1869","278/18842",0.215827338129496,2.1758259524002,6.55400818619943,5.14139425759904e-09,6.81297439061844e-07,5.24506268449299e-07,"MMP3/MMP7/MMP12/ADAMTS15/DPT/P3H4/ADAMTS12/TPSAB1/COL24A1/RECK/TIMP3/COL17A1/ADAMTSL4/FERMT1/ADAMTS1/NPNT/MMP13/SPOCK2/COL11A1/ADAMTS4/CST3/TGFBR3/COL19A1/FGFR4/CRTAP/COL5A2/NOTCH1/ADAMTS6/MARCO/DMP1/ADAMTS14/CTSS/MIR27B/MMP25/ADTRP/FAP/FBLN5/HAS1/GREM1/CTSV/MIR29C/COL1A1/RAMP2/TNXB/ADAMTSL3/COL3A1/SERPINH1/MMP1/BMP2/IL6/COL10A1/RGCC/MMP23B/IBSP/ANGPTL7/MMP19/LTBP4/GAS6/PHLDB2/SULF1",60
"GO:0043062","extracellular structure organization","60/1869","279/18842",0.21505376344086,2.1680272930726,6.52241352887541,5.92838881993346e-09,7.66879439492821e-07,5.90392756668438e-07,"MMP3/MMP7/MMP12/ADAMTS15/DPT/P3H4/ADAMTS12/TPSAB1/COL24A1/RECK/TIMP3/COL17A1/ADAMTSL4/FERMT1/ADAMTS1/NPNT/MMP13/SPOCK2/COL11A1/ADAMTS4/CST3/TGFBR3/COL19A1/FGFR4/CRTAP/COL5A2/NOTCH1/ADAMTS6/MARCO/DMP1/ADAMTS14/CTSS/MIR27B/MMP25/ADTRP/FAP/FBLN5/HAS1/GREM1/CTSV/MIR29C/COL1A1/RAMP2/TNXB/ADAMTSL3/COL3A1/SERPINH1/MMP1/BMP2/IL6/COL10A1/RGCC/MMP23B/IBSP/ANGPTL7/MMP19/LTBP4/GAS6/PHLDB2/SULF1",60
"GO:0051985","negative regulation of chromosome segregation","23/1869","61/18842",0.377049180327869,3.80115604908384,7.27143597575139,6.54439770993836e-09,8.26877040885933e-07,6.36582740981226e-07,"CCNB1/KNTC1/SKA3/CDCA8/CENPF/KNL1/CDC20/ZWINT/DUSP1/SPC24/TRIP13/NUF2/MAD2L1/SPDL1/BUB1/TTK/INCENP/GEN1/NDC80/BIRC5/AURKB/PLK1/BUB1B",23
"GO:0044772","mitotic cell cycle phase transition","82/1869","434/18842",0.188940092165899,1.90476683605664,6.32784095607052,7.13384145627415e-09,8.80867287089488e-07,6.78147879708124e-07,"FOXM1/CCNB1/CDKN2A/KNTC1/CCNE2/CCNA2/CDKN1A/SKA3/CDCA8/ERCC2/CDC6/CENPF/LATS2/TICRR/KNL1/CDC20/ZWINT/BLM/ID2/ADAMTS1/ORC1/DUSP1/SPC24/DLGAP5/MTBP/STIL/PLK3/CCNE1/CDC25A/TRIP13/CDKN3/PKMYT1/FHL1/FGF10/ESPL1/KANK2/NUF2/DTL/UBE2C/KLF11/RDX/MAD2L1/KLF4/CDKN2D/ZFP36L2/KIF14/NEK2/CCNI2/TERT/CCNJL/RCC1/E2F1/SPDL1/AURKA/MIR30C2/MIR29C/FAM107A/CCL2/RRM2/SLFN11/CDK1/BUB1/CCNB2/TTK/CHEK1/INCENP/GEN1/CCNF/NDC80/E2F7/ANLN/BIRC5/AURKB/CDKN2B/RGCC/CENPE/MELK/CDC14A/PLK1/CLSPN/BUB1B/CDC25C",82
"GO:1901987","regulation of cell cycle phase transition","85/1869","459/18842",0.185185185185185,1.86691239125696,6.23951279507655,1.00495541407085e-08,1.21331616992154e-06,9.34088256094233e-07,"CCNB1/CDKN2A/KNTC1/CCNE2/CDKN1A/FANCD2/SKA3/CDCA8/ERCC2/CDC6/CENPF/WDR76/TICRR/KNL1/CDC20/HORMAD1/ZWINT/RFC4/BLM/ID2/ADAMTS1/ORC1/BRCA2/DUSP1/SPC24/DLGAP5/MTBP/STIL/PLK3/CCNE1/CDT1/CDC25A/TRIP13/ATAD5/TIMELESS/PKMYT1/FHL1/FGF10/EME1/ESPL1/KANK2/NUF2/TBX2/DTL/UBE2C/KLF11/RDX/MAD2L1/KLF4/CDKN2D/ZFP36L2/KIF14/TERT/E2F1/SPDL1/AURKA/MIR30C2/MIR29C/FAM107A/CCL2/RRM2/RAD51/SLFN11/CDK1/EZH2/BUB1/TTK/CHEK1/BRIP1/INCENP/GEN1/NDC80/E2F7/ANLN/BIRC5/AURKB/CDKN2B/RGCC/CENPE/CDC45/CDC14A/PLK1/CLSPN/BUB1B/CDC25C",85
"GO:0033260","nuclear DNA replication","17/1869","36/18842",0.472222222222222,4.76062659770525,7.4944638260126,1.10535886226582e-08,1.30552493449786e-06,1.0050764504618e-06,"TK1/GMNN/DACH1/BLM/MCM2/BRCA2/MCM6/LIG1/GINS1/CDT1/ATAD5/BCL6/RAD51/PCNA/FEN1/CDC45/MCM4",17
"GO:0006260","DNA replication","64/1869","313/18842",0.204472843450479,2.06135757961152,6.28326278668331,1.48906158292806e-08,1.72129182554216e-06,1.32516034930442e-06,"PCLAF/EXO1/SAMHD1/TK1/TONSL/GMNN/CCNA2/HELB/CDKN1A/ID3/DACH1/CDC6/HLTF/AGER/TICRR/RFC4/WDHD1/BLM/MCM2/ORC1/BRCA2/ESCO2/MCM6/ORC6/LIG1/TRAIP/GINS4/PRIM2/GINS1/ZNF365/CDT1/CHTF18/CDC25A/CHAF1B/POLE2/ATAD5/TIMELESS/EME1/DSCC1/GINS2/TYMS/ACVRL1/DTL/RMI2/POLG2/DDX11/FAM111B/DHFR/E2F8/BCL6/MCM10/RAD51/SLFN11/CDK1/RECQL4/PCNA/POLQ/FEN1/CHEK1/GEN1/E2F7/ENDOG/CDC45/MCM4",64
"GO:0000075","cell cycle checkpoint signaling","45/1869","191/18842",0.235602094240838,2.37518173337927,6.33874144477734,2.71045567685292e-08,3.0678970192379e-06,2.36186300621208e-06,"CCNB1/KNTC1/CDKN1A/FANCD2/SKA3/CDCA8/CDC6/CENPF/WDR76/TICRR/KNL1/CDC20/HORMAD1/ZWINT/RFC4/BLM/ORC1/BRCA2/DUSP1/SPC24/PLK3/CDT1/TRIP13/TIMELESS/EME1/NUF2/DTL/MAD2L1/E2F1/SPDL1/RAD51/CDK1/BUB1/TTK/CHEK1/BRIP1/INCENP/GEN1/NDC80/BIRC5/AURKB/CDC45/PLK1/CLSPN/BUB1B",45
"GO:0050678","regulation of epithelial cell proliferation","63/1869","312/18842",0.201923076923077,2.03565254969749,6.12112130123144,3.15811634562844e-08,3.45373641974652e-06,2.65890681201321e-06,"EDNRB/EGF/PTN/SAAL1/MMP12/C5AR1/MAGED1/AGTR1/SFRP1/IL10/MARVELD3/BRCA2/MIR27A/KLF9/CAV2/FGF2/MDK/SGPP2/TGFBR3/MMRN2/ZFP36/TNFSF12/UHRF1/FGF10/HRAS/TNFAIP3/ACVRL1/NME1/CAV1/EGFL7/JCAD/MIR27B/PKHD1/PDGFB/CDH3/DAB2IP/JUND/ODAM/NR4A1/VEGFA/TGM1/NME2/GATA2/MIR29C/SIX1/CCL2/SEMA5A/SIX4/ATOH8/GATA6/CDH13/GPBAR1/PTPRM/KRT4/GATA3/NR4A3/TEK/CEACAM1/CDKN2B/RGCC/NUPR1/BMP6/SULF1",63
"GO:0031589","cell-substrate adhesion","66/1869","333/18842",0.198198198198198,1.9981008295615,6.09792916868104,3.17848004762242e-08,3.45373641974652e-06,2.65890681201321e-06,"RAC3/NEDD9/CDKN2A/RRAS/MMP12/SMAD6/MYOC/PLPP3/ADAMTS12/SFRP1/PTPN1/DLC1/COL17A1/FERMT1/NPNT/MICALL2/SPOCK2/MYADM/MACF1/MDK/RADIL/ITGA8/LIMCH1/NOTCH1/MUC4/SPRY4/PEAK1/ACVRL1/PARVB/BST1/SORBS3/PKHD1/PDGFB/CASS4/CD36/FBLN5/KIF14/FREM3/GREM1/LAMC3/VEGFA/FGA/MIR29C/FAM107A/THSD1/EFNA5/CDH13/CORO2B/CRK/ARHGAP6/ACTN2/APOA1/COL3A1/FAT2/VWA2/TEK/CD34/ZYX/FERMT2/ANGPTL3/LYVE1/SVEP1/SORBS1/PHLDB2/EMP2/SGCE",66
"GO:0007093","mitotic cell cycle checkpoint signaling","36/1869","140/18842",0.257142857142857,2.59234120614538,6.27528486323509,6.25777754607431e-08,6.53817411688879e-06,5.03350388817451e-06,"CCNB1/KNTC1/CDKN1A/FANCD2/SKA3/CDCA8/CDC6/CENPF/TICRR/KNL1/CDC20/ZWINT/BLM/ORC1/DUSP1/SPC24/PLK3/TRIP13/TIMELESS/EME1/NUF2/DTL/MAD2L1/SPDL1/CDK1/BUB1/TTK/CHEK1/INCENP/GEN1/NDC80/BIRC5/AURKB/PLK1/CLSPN/BUB1B",36
"GO:0051983","regulation of chromosome segregation","36/1869","140/18842",0.257142857142857,2.59234120614538,6.27528486323509,6.25777754607431e-08,6.53817411688879e-06,5.03350388817451e-06,"CCNB1/KNTC1/SKA3/CDCA8/CDC6/CENPF/NCAPG2/KNL1/CDC20/HORMAD1/ZWINT/DUSP1/SPC24/DLGAP5/TRIP13/ESPL1/NUF2/UBE2C/RMI2/MAD2L1/SPDL1/CDK1/NCAPG/BUB1/TTK/KIF2C/INCENP/GEN1/NDC80/BIRC5/AURKB/NCAPH/CENPE/PLK1/KAT2B/BUB1B",36
"GO:1902850","microtubule cytoskeleton organization involved in mitosis","39/1869","160/18842",0.24375,2.45732343499197,6.14301500451912,8.57216231445497e-08,8.72590126323501e-06,6.71775592865683e-06,"CCNB1/CDCA8/TACC1/WDR62/CENPA/DLGAP5/STIL/PLK3/BORA/BCCIP/UHRF1/NUSAP1/ESPL1/NUF2/SAPCD2/SUN2/PKHD1/TPX2/RCC1/SPDL1/AURKA/EML1/CENPH/CDK1/KIF4A/TTK/LSM14A/KIF23/INCENP/NDC80/KIF15/BIRC5/AURKB/PRC1/CENPE/TUBG1/PLK1/GJA1/KIF11",39
"GO:0072001","renal system development","50/1869","231/18842",0.216450216450216,2.18210539237827,5.99866561583068,8.67290020641801e-08,8.72590126323501e-06,6.71775592865683e-06,"WFS1/SMAD6/ID3/MAGED1/CENPF/AGTR1/MME/SFRP1/SLIT2/STRA6/HELLS/PECAM1/NPNT/LGR4/EPCAM/FGF2/GPC3/TCF21/GDNF/ITGA8/NOTCH1/FGF10/KANK2/KLF15/TFAP2A/FOXF1/PDGFB/ACE/NUP107/RBP4/GREM1/VEGFA/SIX1/KIF26B/SOX4/EGR1/SIX4/EZH2/GATA3/BMP2/EDN1/SOX17/TEK/CD34/HYAL2/IRX1/CAT/ZBTB16/BMP6/SULF1",50
"GO:0070371","ERK1 and ERK2 cascade","60/1869","300/18842",0.2,2.01626538255752,5.88798630427691,9.52791886533964e-08,9.41185149007096e-06,7.24584421020842e-06,"EGF/RRAS/MTURN/C5AR1/CCN1/DUSP26/NDRG4/AGER/FPR2/PTPN1/GPER1/MIR27A/DUSP1/NPNT/ARHGAP8/EPHB2/FGF2/ATF3/PDE8B/CCN2/FGFR4/TNFRSF14/RAMP3/NOTCH1/SPRY4/FGF10/MARCO/PTGER4/PTPRR/HRAS/ARRB1/KLF4/CCL19/GLIPR2/DUSP9/MIR27B/PKHD1/PDGFB/CD36/NLRP6/DAB2IP/ZFP36L2/VEGFA/FGA/AKAP12/GPBAR1/CDK1/TNFSF11/BMP2/EDN1/P2RY6/SEMA6A/TEK/CEACAM1/FFAR4/IL13/FERMT2/ALKAL2/GAS6/ICAM1",60
"GO:1905330","regulation of morphogenesis of an epithelium","19/1869","50/18842",0.38,3.83090422685928,6.6512151596113,1.16243666663175e-07,1.12777114460898e-05,8.68230233682057e-06,"EGF/MAGED1/ADAMTS12/LGR4/FGF2/MDK/MMRN2/GDNF/LBX2/TBX2/LCN2/GREM1/VEGFA/RNF207/SIX1/SIX4/GATA3/GJA1/SULF1",19
"GO:0008608","attachment of spindle microtubules to kinetochore","20/1869","55/18842",0.363636363636364,3.66593705919549,6.57021889335386,1.27502125948957e-07,1.2152965794398e-05,9.35612901787677e-06,"CCNB1/KNTC1/SKA3/CDCA8/SPAG5/KNL1/SPC24/SGO1/CDT1/NUF2/NEK2/CDK1/ECT2/KIF2C/INCENP/NDC80/BIRC5/AURKB/CENPE/KAT2B",20
"GO:0033045","regulation of sister chromatid segregation","31/1869","115/18842",0.269565217391304,2.71757508083839,6.13066895121865,1.61245397655425e-07,1.51042456114125e-05,1.1628212655977e-05,"CCNB1/KNTC1/SKA3/CDCA8/CDC6/CENPF/KNL1/CDC20/ZWINT/DUSP1/SPC24/DLGAP5/TRIP13/ESPL1/NUF2/UBE2C/RMI2/MAD2L1/SPDL1/CDK1/BUB1/TTK/INCENP/GEN1/NDC80/BIRC5/AURKB/CENPE/PLK1/KAT2B/BUB1B",31
"GO:0002237","response to molecule of bacterial origin","62/1869","319/18842",0.19435736677116,1.95938015232862,5.73466070346576,1.71535835176847e-07,1.57958337714544e-05,1.21606413784845e-05,"EDNRB/MMP3/NR1I2/SMAD6/CD274/IL36RN/CXCL5/NOS1/SASH1/OPRK1/IL10/CXCL2/TLR10/CD55/EPHB2/SLPI/KMO/IL36G/CAMP/ZFP36/CXCL13/NOTCH1/RARA/FGF10/PALM3/INAVA/SLC11A1/TNFAIP3/TSPO/PF4/ARID5A/LCN2/CD36/DAB2IP/CEBPB/JUND/SELE/NQO1/FOS/E2F1/ANKRD1/NR4A1/PENK/CCL2/AKAP12/PLSCR4/S100A8/PRKCE/FOXP3/IL37/IL6/EDN1/CD68/TAC1/IL18RAP/SPI1/PPBP/CYP27B1/IL13/BMP6/IL18R1/PELI1",62
"GO:1990266","neutrophil migration","27/1869","93/18842",0.290322580645161,2.92683684564801,6.18122684482597,1.94732619045958e-07,1.76330386546115e-05,1.35750390004225e-05,"RAC3/CD300H/C5AR1/CXCL5/CXCL3/SLIT2/GPR35/PECAM1/DAPK2/S100A12/MDK/CXCR1/XG/CXCL13/BST1/JAM3/PF4/CCL19/CXCR2/CD177/S100A8/EDN3/EDN1/TREM1/PPBP/PLA2G1B/EMP2",27
"GO:0001822","kidney development","48/1869","225/18842",0.213333333333333,2.15068307472802,5.76194959369328,2.47225786026206e-07,2.20193064832848e-05,1.69518680318139e-05,"WFS1/SMAD6/ID3/MAGED1/CENPF/AGTR1/MME/SFRP1/SLIT2/STRA6/HELLS/PECAM1/NPNT/LGR4/EPCAM/FGF2/GPC3/TCF21/GDNF/ITGA8/NOTCH1/FGF10/KANK2/KLF15/TFAP2A/PDGFB/ACE/NUP107/GREM1/VEGFA/SIX1/KIF26B/SOX4/EGR1/SIX4/EZH2/GATA3/BMP2/EDN1/SOX17/TEK/CD34/HYAL2/IRX1/CAT/ZBTB16/BMP6/SULF1",48
"GO:0030071","regulation of mitotic metaphase/anaphase transition","28/1869","100/18842",0.28,2.82277153558052,6.06459203367263,2.68332551767912e-07,2.35137218347591e-05,1.81023643856451e-05,"CCNB1/KNTC1/SKA3/CDCA8/CDC6/CENPF/KNL1/CDC20/ZWINT/DUSP1/SPC24/DLGAP5/TRIP13/ESPL1/NUF2/UBE2C/MAD2L1/SPDL1/BUB1/TTK/INCENP/GEN1/NDC80/BIRC5/AURKB/CENPE/PLK1/BUB1B",28
"GO:0050900","leukocyte migration","66/1869","352/18842",0.1875,1.89024879614767,5.59489049876522,2.77583159859903e-07,2.39382429764897e-05,1.84291878656123e-05,"EDNRB/S1PR1/RAC3/NEDD9/CD300H/PTN/CRTAM/C5AR1/FYN/AGER/CXCL5/FPR2/CXCL3/SLIT2/GPR35/PECAM1/FFAR2/IL10/DAPK2/DUSP1/GCSAML/CH25H/S100A12/MDK/RIN3/CXCR1/TNFRSF14/XG/TBX21/SPN/CXCL13/PTGER4/CCL23/BST1/NBL1/SELPLG/JAM3/PF4/CCL19/STK39/ADTRP/ICAM2/PDGFB/CXCR2/SELE/JAM2/CD177/GREM1/VEGFA/CCL2/S100A8/TNFSF11/EDN3/GATA3/IL6/EDN1/TREM1/CD34/SPI1/PPBP/PLA2G1B/CXCL16/LYVE1/GAS6/EMP2/ICAM1",66
"GO:0006935","chemotaxis","78/1869","443/18842",0.17607223476298,1.77504175891068,5.47781266768573,3.52520809691482e-07,2.94653162931357e-05,2.26842818004311e-05,"EDNRB/S1PR1/RAC3/NEDD9/NRG3/CD300H/SEMA3G/PTN/C5AR1/ECSCR/CCN1/GAB1/CMTM1/ARHGEF16/AGTR1/CXCL5/FPR2/CXCL3/SLIT2/SEMA3A/GPR35/FFAR2/IL10/DAPK2/CXCL2/DUSP1/CH25H/FGF2/S100A12/MDK/RIN3/CXCR1/GDNF/DOCK4/SPN/CXCL13/NOTCH1/FGF10/ANOS1/CCL23/HRAS/BST1/NBL1/JAM3/PF4/CCL19/STK39/CMTM2/PDGFB/CCRL2/CXCR2/GREM1/PROK2/CCR8/NR4A1/VEGFA/S100A4/NOVA2/CCL2/EFNA5/SEMA5A/CDH13/SEMA4B/HBEGF/S100A8/APOA1/TNFSF11/EDN3/PTGDR2/IL6/EDN1/SEMA6A/TREM1/SPI1/PPBP/PLA2G1B/CXCL16/GAS6",78
"GO:0042330","taxis","78/1869","443/18842",0.17607223476298,1.77504175891068,5.47781266768573,3.52520809691482e-07,2.94653162931357e-05,2.26842818004311e-05,"EDNRB/S1PR1/RAC3/NEDD9/NRG3/CD300H/SEMA3G/PTN/C5AR1/ECSCR/CCN1/GAB1/CMTM1/ARHGEF16/AGTR1/CXCL5/FPR2/CXCL3/SLIT2/SEMA3A/GPR35/FFAR2/IL10/DAPK2/CXCL2/DUSP1/CH25H/FGF2/S100A12/MDK/RIN3/CXCR1/GDNF/DOCK4/SPN/CXCL13/NOTCH1/FGF10/ANOS1/CCL23/HRAS/BST1/NBL1/JAM3/PF4/CCL19/STK39/CMTM2/PDGFB/CCRL2/CXCR2/GREM1/PROK2/CCR8/NR4A1/VEGFA/S100A4/NOVA2/CCL2/EFNA5/SEMA5A/CDH13/SEMA4B/HBEGF/S100A8/APOA1/TNFSF11/EDN3/PTGDR2/IL6/EDN1/SEMA6A/TREM1/SPI1/PPBP/PLA2G1B/CXCL16/GAS6",78
"GO:0010639","negative regulation of organelle organization","65/1869","348/18842",0.186781609195402,1.88300646359538,5.51715769990196,3.93396387942253e-07,3.21790375382219e-05,2.47734776820885e-05,"S1PR1/CCNB1/KNTC1/MYOC/TMOD1/SKA3/CDCA8/CENPF/KNL1/SLIT2/BMERB1/CDC20/HORMAD1/ZWINT/MID1IP1/ARHGEF2/STMN2/DLC1/DUSP1/SPC24/CKAP2/MYADM/FEZ1/TRIP13/CDH5/ESPL1/KANK2/NUF2/RDX/MAD2L1/KAT2A/CAV3/MPHOSPH9/FBXO43/RHPN1/TPX2/TBC1D30/SPDL1/SHANK3/KANK3/SPTBN1/PRKN/CLSTN3/ARHGAP6/CTPS1/BUB1/GAS2L1/TTK/CHEK1/PIF1/INCENP/GEN1/CCNF/NDC80/RHPN2/SPTBN2/BIRC5/AURKB/CGNL1/NUPR1/PLK1/TOM1L2/KAT2B/BUB1B/PHLDB2",65
"GO:1905332","positive regulation of morphogenesis of an epithelium","15/1869","35/18842",0.428571428571429,4.32056867690897,6.52475256257659,3.96833336105442e-07,3.21790375382219e-05,2.47734776820885e-05,"EGF/MAGED1/LGR4/FGF2/MDK/MMRN2/GDNF/LBX2/LCN2/GREM1/VEGFA/SIX1/SIX4/GATA3/GJA1",15
"GO:1902099","regulation of metaphase/anaphase transition of cell cycle","28/1869","103/18842",0.271844660194175,2.74055488891313,5.87774106615814,5.23138527079435e-07,4.17972296709201e-05,3.21781760935441e-05,"CCNB1/KNTC1/SKA3/CDCA8/CDC6/CENPF/KNL1/CDC20/ZWINT/DUSP1/SPC24/DLGAP5/TRIP13/ESPL1/NUF2/UBE2C/MAD2L1/SPDL1/BUB1/TTK/INCENP/GEN1/NDC80/BIRC5/AURKB/CENPE/PLK1/BUB1B",28
"GO:2000027","regulation of animal organ morphogenesis","17/1869","45/18842",0.377777777777778,3.8085012781642,6.25912942504154,5.93444947181092e-07,4.67273391019547e-05,3.59736891139356e-05,"MAGED1/LGR4/GDNF/SAPCD2/PKHD1/GREM1/VEGFA/SIX1/WNT3A/CITED2/SIX4/GATA3/BMP2/EDN1/CD34/APCDD1/SULF1",17
"GO:0032496","response to lipopolysaccharide","58/1869","302/18842",0.19205298013245,1.93614887729033,5.44215425205078,6.40096425640482e-07,4.96477152904574e-05,3.82219811656553e-05,"EDNRB/MMP3/SMAD6/CD274/IL36RN/CXCL5/NOS1/SASH1/OPRK1/IL10/CD55/EPHB2/SLPI/KMO/IL36G/CAMP/ZFP36/CXCL13/NOTCH1/RARA/FGF10/PALM3/SLC11A1/TNFAIP3/TSPO/PF4/ARID5A/LCN2/CD36/DAB2IP/CEBPB/JUND/SELE/NQO1/FOS/E2F1/ANKRD1/NR4A1/PENK/CCL2/AKAP12/PLSCR4/S100A8/PRKCE/FOXP3/IL37/IL6/EDN1/CD68/TAC1/IL18RAP/SPI1/PPBP/CYP27B1/IL13/BMP6/IL18R1/PELI1",58
"GO:0007091","metaphase/anaphase transition of mitotic cell cycle","28/1869","104/18842",0.269230769230769,2.71420339959666,5.81694187595617,6.48810562419009e-07,4.96477152904574e-05,3.82219811656553e-05,"CCNB1/KNTC1/SKA3/CDCA8/CDC6/CENPF/KNL1/CDC20/ZWINT/DUSP1/SPC24/DLGAP5/TRIP13/ESPL1/NUF2/UBE2C/MAD2L1/SPDL1/BUB1/TTK/INCENP/GEN1/NDC80/BIRC5/AURKB/CENPE/PLK1/BUB1B",28
"GO:0007204","positive regulation of cytosolic calcium ion concentration","37/1869","160/18842",0.23125,2.33130684858213,5.61182078740408,7.4118999842198e-07,5.53706083112436e-05,4.26278296115272e-05,"EDNRB/C5AR1/AGTR1/FPR2/NOS1/ADRA1B/CIB2/GPR35/ASPH/GPER1/ADCYAP1R1/CD55/CXCR1/CD52/CXCL13/PTGER4/NMU/SLC8A3/CAV1/CAV3/CD36/CCRL2/CXCR2/PROK2/CCR8/ADRA1D/GATA2/CCL2/JPH4/PTGER2/EDN1/ADCY8/TAC1/FFAR4/PLA2G1B/TRPC3/PTGIR",37
"GO:0016055","Wnt signaling pathway","76/1869","436/18842",0.174311926605505,1.75729551690793,5.30892073957546,7.43982036944743e-07,5.53706083112436e-05,4.26278296115272e-05,"EDNRB/WNT2/GRK5/SOX13/RAC3/TAX1BP3/EGF/RSPO1/AMOTL1/MYOC/LATS2/SFRP1/NR4A2/RECK/ATP6V1C2/DKK3/FERMT1/HSP90B1/AMER2/PTK7/WIF1/AMOTL2/LGR4/MACF1/SFRP4/TMEM88/MDK/TLE5/ALPK2/GPC3/SOX10/LBX2/ZBED3/SOSTDC1/KLF4/CALCOCO1/RBMS3/CAV1/CSNK1E/FRAT1/CDH3/DAB2IP/NKD1/ARHGEF19/TERT/PRICKLE2/DIXDC1/PRKAA2/GREM1/SNAI1/TMEM132A/MIR29C/DEPDC1B/WNT3A/SOX4/SEMA5A/EGR1/RNF43/COL1A1/PRKN/NDRG2/NFATC1/BCL9/GATA3/BMP2/EDN1/SOX17/TLE4/SCEL/APCDD1/HIC1/WNT9A/FERMT2/MDFI/RSPO4/SULF1",76
"GO:0048729","tissue morphogenesis","72/1869","408/18842",0.176470588235294,1.77905769049193,5.27918922455612,9.04800677512332e-07,6.64294875800608e-05,5.11416609661642e-05,"STARD13/S1PR1/EGF/MMP12/MAGED1/NDRG4/ADAMTS12/SLIT2/KDM6B/MESP2/DLC1/MYLK2/FERMT1/NPNT/RHOB/LGR4/FGF2/MDK/KRT16/STIL/TGFBR3/MMRN2/GPC3/SOX10/TCF21/GDNF/PAK1/LBX2/TGFBR2/ITGA8/TIMELESS/DSP/NOTCH1/FGF10/SAPCD2/TFAP2A/MTHFD1L/FOXF1/ACVRL1/TBX2/STC1/KLF4/LCN2/PKHD1/NKD1/GRHL3/TBX3/GREM1/SNAI1/ANKRD1/VEGFA/RNF207/SIX1/HEY1/WNT3A/KIF26B/SIX4/HBEGF/COL3A1/GATA3/RASIP1/BMP2/SOX17/CEACAM1/IRX1/TNNC1/FERMT2/KRT15/HMGA2/GJA1/PHLDB2/SULF1",72
"GO:0003158","endothelium development","31/1869","125/18842",0.248,2.50016907437132,5.58411578315851,1.17972163882209e-06,8.54590355162719e-05,6.57918219766668e-05,"APOLD1/STARD13/S1PR1/ROBO4/ADAMTS12/KDM6B/PECAM1/CLDN5/RHOB/PROC/AMOTL2/MYADM/SCUBE1/DSP/NOTCH1/CDH5/ACVRL1/STC1/RDX/LCN2/VEGFA/HEY1/ATOH8/TMEM100/FOXP3/EDN1/SOX17/CD34/CEACAM1/BMP6/ICAM1",31
"GO:0044784","metaphase/anaphase transition of cell cycle","28/1869","107/18842",0.261682242990654,2.6381042388603,5.63876368501776,1.21247800289487e-06,8.66762235490501e-05,6.6728891040001e-05,"CCNB1/KNTC1/SKA3/CDCA8/CDC6/CENPF/KNL1/CDC20/ZWINT/DUSP1/SPC24/DLGAP5/TRIP13/ESPL1/NUF2/UBE2C/MAD2L1/SPDL1/BUB1/TTK/INCENP/GEN1/NDC80/BIRC5/AURKB/CENPE/PLK1/BUB1B",28
"GO:0008015","blood circulation","81/1869","480/18842",0.16875,1.70122391653291,5.1641002801152,1.24878866059494e-06,8.81125817274323e-05,6.7834691275119e-05,"EDNRB/RGS2/GNA11/SCN7A/KLF2/TNNI2/NPR1/GAB1/GLRX3/ADM/AGTR1/MME/AGER/NOS1/ADRA1B/TACR2/SLIT2/PTPN1/KL/ID2/MYLK2/PECAM1/ASPH/GPER1/CLDN5/C2CD4A/ADM2/KCNK3/PTGS2/DOCK4/DSP/CDH5/SERPING1/NPR3/ADRA2C/PDE1C/NMU/ACVRL1/TBX2/STC1/SLC8A3/CAV1/ADRB2/SLC4A3/MIR27B/CAV3/ACE/SGCD/ADRB1/SGCG/VEGFA/ADRA1D/FGA/RNF207/AKAP12/AVPR2/TBX5/GATA6/RAMP2/JPH4/ATP1B1/SLC6A4/SCN4B/EDN3/KCNE1/FXYD1/KCNH6/EDN1/PRKG1/TEK/HBB/TAC1/CEACAM1/TNNC1/FERMT2/SH3GL2/CELF2/SVEP1/KAT2B/GJA1/BMP6",81
"GO:0045765","regulation of angiogenesis","64/1869","352/18842",0.181818181818182,1.83296852959774,5.23490481782556,1.27202570860102e-06,8.86014830106329e-05,6.8211078698569e-05,"RRAS/ADAM12/KLF2/C5AR1/ECSCR/NPR1/GAB1/FYN/ADM/SFRP1/SASH1/QKI/RECK/IL10/ADAMTS1/CLDN5/ADM2/RHOB/ANXA3/FGF2/MDK/ADGRG6/TSPAN18/MINAR1/CAMP/TNFSF12/CXCL13/CDH5/ANGPTL4/HYAL1/FOXC2/TNFAIP3/KLF4/PF4/JCAD/MIR27B/CD36/DAB2IP/FBLN5/FOXO4/TERT/CLIC3/E2F2/GREM1/VEGFA/GATA2/MIR29C/CCBE1/DCN/SEMA5A/GATA6/RAMP2/PTPRM/IL6/SEMA6A/TEK/CD34/CEACAM1/ANGPT4/RGCC/ANGPTL3/HMGA2/EMP2/SULF1",64
"GO:1901342","regulation of vasculature development","65/1869","362/18842",0.179558011049724,1.81018300920219,5.16492182821575,1.64713454123956e-06,0.000113276986867779,8.72078570631552e-05,"RRAS/ADAM12/KLF2/C5AR1/ECSCR/NPR1/GAB1/FYN/ADM/SFRP1/SASH1/QKI/RECK/IL10/ADAMTS1/CLDN5/ADM2/RHOB/ANXA3/FGF2/MDK/ADGRG6/TSPAN18/MINAR1/CAMP/TNFSF12/CXCL13/CDH5/ANGPTL4/HYAL1/FOXC2/TNFAIP3/KLF4/PF4/JCAD/MIR27B/CD36/DAB2IP/FBLN5/FOXO4/TERT/CLIC3/E2F2/GREM1/VEGFA/GATA2/MIR29C/CCBE1/DCN/SEMA5A/GATA6/RAMP2/PTPRM/IL6/SEMA6A/TEK/CD34/CEACAM1/ANGPT4/RGCC/ANGPTL3/ANGPTL7/HMGA2/EMP2/SULF1",65
"GO:0007507","heart development","75/1869","438/18842",0.171232876712329,1.72625460835404,5.10325375721251,1.75837043630292e-06,0.000119415332255422,9.19335472670682e-05,"S1PR1/RGS2/CCNB1/SMAD6/PDLIM2/CDKN1A/NDRG4/SLIT2/KDM6B/MESP2/DLC1/STRA6/ID2/MYLK2/GPER1/PITX2/CLDN5/FGF2/ADGRG6/STIL/NRAP/TGFBR3/ALPK2/GPC3/SCUBE1/PAK1/TGFBR2/PDLIM1/DSP/NOTCH1/ACACB/FOXC2/FOXF1/ACVRL1/TBX2/KAT2A/CCM2L/CAV3/PDGFB/POPDC3/SGCD/TERT/RBP4/TBX3/SGCG/GREM1/SNAI1/ANKRD1/VEGFA/RNF207/HEY1/WNT3A/CITED2/SOX4/TBX5/GATA6/CDK1/RAMP2/PCNA/ECE2/ACTN2/NFATC1/COL3A1/GATA3/BMP2/EDN1/SOX17/TEK/HEG1/TNNC1/CAD/KAT2B/GJA1/BMP6/EMP2",75
"GO:0000302","response to reactive oxygen species","39/1869","179/18842",0.217877094972067,2.19649022122188,5.33730794458689,1.85662179046746e-06,0.000124531187501354,9.58720592753704e-05,"MMP3/SOD3/KLF2/FYN/FOXO3/DUSP1/RHOB/PLK3/HP/CYGB/HYAL1/TNFAIP3/MAP1LC3A/KLF4/AIFM1/LCN2/CD36/NET1/SESN1/FBLN5/DHFR/NQO1/FOS/CDK1/COL1A1/TXNIP/CRK/PCNA/ECT2/FOXP3/MB/IL6/EDN1/HBB/ENDOG/HYAL2/IL18RAP/CAT/CRYAB",39
"GO:0070372","regulation of ERK1 and ERK2 cascade","54/1869","283/18842",0.190812720848057,1.92364541798774,5.1951552679383,1.89167134326422e-06,0.000125334761072616,9.64907015175418e-05,"RRAS/MTURN/C5AR1/CCN1/DUSP26/NDRG4/AGER/FPR2/PTPN1/GPER1/MIR27A/DUSP1/NPNT/ARHGAP8/EPHB2/FGF2/ATF3/PDE8B/CCN2/FGFR4/TNFRSF14/RAMP3/NOTCH1/SPRY4/MARCO/PTPRR/HRAS/ARRB1/KLF4/CCL19/GLIPR2/DUSP9/MIR27B/PKHD1/PDGFB/CD36/NLRP6/DAB2IP/VEGFA/FGA/AKAP12/GPBAR1/TNFSF11/BMP2/P2RY6/SEMA6A/TEK/CEACAM1/FFAR4/IL13/FERMT2/ALKAL2/GAS6/ICAM1",54
"GO:0003018","vascular process in circulatory system","50/1869","255/18842",0.196078431372549,1.97673076721325,5.2109586732868,1.99395237082166e-06,0.000130519797959929,0.000100482473970527,"EDNRB/RGS2/SLC5A6/KLF2/NPR1/GAB1/ADM/AGTR1/AGER/NOS1/ADRA1B/TACR2/SLIT2/SLC16A12/PECAM1/SLC2A3/GPER1/CLDN5/C2CD4A/DOCK4/CDH5/ABCG2/ADRA2C/LEPR/CAV1/ADRB2/SLC4A3/CD36/ACE/ADRB1/VEGFA/ADRA1D/FGA/AKAP12/AVPR2/RAMP2/SLC6A4/EDN3/EDN1/PRKG1/TEK/HBB/CEACAM1/FABP5/ABCC3/FERMT2/SH3GL2/SVEP1/KAT2B/BMP6",50
"GO:0030593","neutrophil chemotaxis","22/1869","75/18842",0.293333333333333,2.95718922775103,5.63564127653167,2.13282589767409e-06,0.000137948132167421,0.000106201279931887,"CD300H/C5AR1/CXCL5/CXCL3/SLIT2/GPR35/DAPK2/S100A12/MDK/CXCR1/CXCL13/BST1/JAM3/PF4/CCL19/CXCR2/S100A8/EDN3/EDN1/TREM1/PPBP/PLA2G1B",22
"GO:0051315","attachment of mitotic spindle microtubules to kinetochore","12/1869","26/18842",0.461538461538462,4.65292011359427,6.18501156883643,2.24272135092835e-06,0.000141732711390621,0.000109114890657835,"SKA3/CDCA8/CDT1/NUF2/CDK1/KIF2C/INCENP/NDC80/BIRC5/AURKB/CENPE/KAT2B",12
"GO:0009636","response to toxic substance","50/1869","256/18842",0.1953125,1.96900916265383,5.18002934137874,2.24351429773485e-06,0.000141732711390621,0.000109114890657835,"CCNB1/ABCB6/SOD3/MT2A/DNMT3A/SLC67A1/KDM6B/MT1A/SRD5A1/CES1/AQP9/PTGS2/ALDH2/PON1/GPX2/HP/MT1E/LTC4S/CYGB/CP/ABCG2/AKR7L/SLC11A1/AIFM1/LCN2/MT1M/CD36/SESN1/FBLN5/DHFR/NQO1/FOS/AQP10/GRIA1/PENK/INMT/RAD51/CDH13/CDK1/AKR7A3/PRKN/SLC6A4/PRKCE/SLC7A11/MB/EDN1/ABCG1/HBB/CAT/GPX3",50
"GO:0001659","temperature homeostasis","41/1869","194/18842",0.211340206185567,2.13058970837263,5.25251235199836,2.33087837981587e-06,0.000145559336063674,0.000112060870655621,"EDNRB/FABP4/HOXC10/PLCL1/ACADL/KDM6B/QKI/TRPV2/ID1/MFAP2/LGR4/PTGS2/EPAS1/FOXO1/NOTCH1/NPR3/NMU/FOXC2/LEPR/S100B/LCN2/CAV1/ADRB2/CD36/CEBPB/ADRB1/ABHD6/VEGFA/PPARGC1A/NOVA2/EGR1/CKB/YBX2/CLSTN3/TNFSF11/ACSL1/FFAR4/FABP5/IL13/GJA1/IL18R1",41
"GO:0007160","cell-matrix adhesion","46/1869","229/18842",0.200873362445415,2.0250700348831,5.17893440808847,2.55313894001486e-06,0.000157627316603418,0.000121351572598279,"CDKN2A/RRAS/MMP12/MYOC/PLPP3/ADAMTS12/SFRP1/DLC1/COL17A1/FERMT1/NPNT/MACF1/ITGA8/LIMCH1/MUC4/PEAK1/ACVRL1/BST1/PKHD1/CD36/FBLN5/FREM3/GREM1/VEGFA/FGA/MIR29C/FAM107A/THSD1/EFNA5/CDH13/CORO2B/ARHGAP6/ACTN2/COL3A1/VWA2/TEK/CD34/ZYX/FERMT2/ANGPTL3/LYVE1/SVEP1/SORBS1/PHLDB2/EMP2/SGCE",46
"GO:0007051","spindle organization","41/1869","195/18842",0.21025641025641,2.11966360730406,5.21528087220667,2.6730544359238e-06,0.000163176457869371,0.000125623655849481,"CCNB1/SKA3/CDCA8/DCAF13/TACC1/SPAG5/TUBB8/WDR62/DLGAP5/STIL/PLK3/BORA/BCCIP/UHRF1/NUF2/SUN2/STARD9/ASPM/NEK2/TPX2/RCC1/AURKA/EML1/CENPH/TPPP/KIF4A/TTK/AUNIP/LSM14A/KIF23/INCENP/NEK7/NDC80/KIF15/BIRC5/AURKB/PRC1/CENPE/TUBG1/PLK1/KIF11",41
"GO:0043410","positive regulation of MAPK cascade","73/1869","428/18842",0.170560747663551,1.71947865568573,4.99623720978087,2.78804251926047e-06,0.000168304833412691,0.000129571806782115,"EGF/UNC5CL/MTURN/GADD45B/C5AR1/MYOC/NDRG4/AGER/FPR2/ADRA1B/NTRK2/SASH1/OPRK1/PTPN1/SEMA3A/PECAM1/ERN2/GPER1/MIR27A/CAV2/NPNT/ARHGAP8/FGF2/S100A12/PDE8B/CCN2/FGFR4/RAMP3/NOTCH1/FGF10/MARCO/INAVA/ADRA2C/HRAS/ARRB1/CCL19/ADRB2/STK39/GLIPR2/JCAD/MIR27B/PDGFB/NRK/CD36/DAB2IP/NKD1/ADRB1/PIK3R5/VEGFA/ADRA1D/FGF20/FGA/AKAP12/GPBAR1/EZH2/CRK/TNFSF11/EDN3/TRAF4/BMP2/IL6/EDN1/P2RY6/TEK/SPI1/FFAR4/PLA2G1B/IL13/FERMT2/GHR/ALKAL2/GAS6/ICAM1",73
"GO:0045926","negative regulation of growth","40/1869","189/18842",0.211640211640212,2.13361416143653,5.19755554756768,2.96840578906819e-06,0.000177223611560522,0.000136438051651445,"WWC2/RGS2/CDKN2A/SEMA3G/CDKN1A/NPR1/MT2A/LATS2/SFRP1/SLIT2/ALOX15B/MT1A/HNF4A/MT1E/PAK1/MINAR1/DCSTAMP/FHL1/BCL11A/HYAL1/ACVRL1/WFDC1/CDKN2D/CAV3/MT1M/SESN1/RBP4/BCL6/FBP1/TMPRSS4/SEMA5A/TBX5/SLC6A4/SPP1/SOX17/HYAL2/CYP27B1/CDHR2/GJA1/CRYAB",40
"GO:0031032","actomyosin structure organization","41/1869","196/18842",0.209183673469388,2.10884899706271,5.17827277071452,3.06133328112329e-06,0.000180785040395031,0.000139179866960348,"S1PR1/MYH10/MYOC/TMOD1/SFRP1/EPB41L2/DLC1/FRMD5/MYL9/NRAP/CCN2/ARHGEF15/PAK1/PDLIM1/FRMD3/LIMCH1/IQGAP3/PTGER4/ARRB1/SORBS3/CAV3/PHACTR1/RHPN1/ANKRD1/TNNT3/SIX4/ARHGAP6/ACTN2/APOA1/ECT2/SYNPO/EDN1/TAC1/ANLN/ZYX/RHPN2/RGCC/FERMT2/CGNL1/SORBS1/PHLDB2",41
"GO:1905820","positive regulation of chromosome separation","13/1869","31/18842",0.419354838709677,4.22765322149157,5.96814124890036,3.20072560360536e-06,0.000186984324778365,0.000143952471894011,"SKA3/CDCA8/NCAPG2/CDC20/DLGAP5/ESPL1/UBE2C/NCAPG/INCENP/BIRC5/AURKB/NCAPH/PLK1",13
"GO:0072577","endothelial cell apoptotic process","20/1869","66/18842",0.303030303030303,3.05494754932957,5.54943144526218,3.52106330547571e-06,0.000203509967432442,0.000156674966747584,"ECSCR/FOXO3/PTPN1/IL10/GPER1/CDH5/TNFAIP3/DAB2IP/TERT/FGA/GATA2/CCL2/SEMA5A/RAMP2/GATA3/TEK/RGCC/IL13/GAS6/ICAM1",20
"GO:0042542","response to hydrogen peroxide","23/1869","83/18842",0.27710843373494,2.79362071077246,5.43428153670558,3.71359098712734e-06,0.00021237831403224,0.000163502386191257,"KLF2/FYN/DUSP1/RHOB/HP/TNFAIP3/MAP1LC3A/KLF4/AIFM1/LCN2/NET1/CDK1/COL1A1/TXNIP/CRK/PCNA/ECT2/IL6/EDN1/HBB/IL18RAP/CAT/CRYAB",23
"GO:0051988","regulation of attachment of spindle microtubules to kinetochore","11/1869","23/18842",0.478260869565217,4.82150417568102,6.08523430932258,3.87839253910217e-06,0.000219492777759813,0.000168979554616997,"CCNB1/KNTC1/CDCA8/SPAG5/NEK2/CDK1/ECT2/INCENP/BIRC5/AURKB/KAT2B",11
"GO:0010810","regulation of cell-substrate adhesion","41/1869","198/18842",0.207070707070707,2.08754749204187,5.10491598587159,3.99932998863189e-06,0.000224003709569454,0.000172452357940552,"RAC3/NEDD9/CDKN2A/RRAS/MMP12/MYOC/PLPP3/SFRP1/PTPN1/DLC1/FERMT1/NPNT/SPOCK2/MYADM/MACF1/MDK/LIMCH1/NOTCH1/SPRY4/PEAK1/ACVRL1/BST1/PKHD1/PDGFB/CASS4/CD36/GREM1/VEGFA/FGA/MIR29C/FAM107A/EFNA5/CDH13/CORO2B/CRK/ARHGAP6/APOA1/TEK/FERMT2/PHLDB2/EMP2",41
"GO:0007411","axon guidance","39/1869","185/18842",0.210810810810811,2.1252527005336,5.10378465925801,4.33873389347711e-06,0.000240534094318991,0.000185178503561986,"TENM2/RAC3/EFNA2/SEMA3G/ROBO4/FYN/SLIT2/SEMA3A/PTK7/BDNF/EPHB2/FEZ1/IGSF9/CNTN4/GDNF/GFRA3/NOTCH1/EFNA4/ANOS1/EPHA5/VEGFA/NOVA2/LHX9/EFNA5/SEMA5A/SEMA4B/EPHA10/PTPRM/NECTIN1/EDN3/TUBB3/DSCAML1/EDN1/SEMA6A/KIF5A/CNTN6/PLEKHG4/TENM4/EPHB6",39
"GO:1903046","meiotic cell cycle process","40/1869","192/18842",0.208333333333333,2.10027644016408,5.08499265337489,4.46390356207498e-06,0.000244973616694478,0.000188596331343741,"SYCP2/MND1/C14orf39/FANCD2/SKA3/TDRKH/DCAF13/TOP2A/RAD54B/P3H4/TUBB8/RAD54L/KNL1/CDC20/HORMAD1/ZWINT/BRCA2/SGO1/CDC25A/TRIP13/PTTG1/PKMYT1/EME1/ESPL1/NUF2/FIGNL1/TESMIN/SGO2/FBXO43/AURKA/RAD51/TTK/BRIP1/INCENP/EDN1/NDC80/NCAPH/TUBG1/CDC25C/RAD51AP1",40
"GO:0042063","gliogenesis","46/1869","234/18842",0.196581196581197,1.981799307642,5.01485201013947,4.69344101913789e-06,0.000254994650569762,0.000196311163049503,"SOX13/PTN/C5AR1/PTPRZ1/MYOC/AGER/FPR2/NTRK2/QKI/LDLR/GCM1/ID2/NEGR1/OLIG1/GPR17/LRP8/MDK/ADGRG6/ZNF365/SOX10/PRX/NOTCH1/VCAN/TNFRSF21/FGF10/NDRG1/HRAS/TSPO/SUN2/S100B/SLC8A3/DAB2IP/CNTFR/CHRM1/E2F1/TPPP/PENK/CCL2/SOX4/CDK1/COL3A1/C1QA/BMP2/IL6/EGR2/TENM4",46
"GO:0032355","response to estradiol","27/1869","108/18842",0.25,2.5203317281969,5.25789971742276,4.79899969860044e-06,0.000258148171905903,0.000198738945121856,"RGS9/CCNA2/DNMT3A/SFRP1/SRD5A1/KIF18A/IL10/GPER1/DUSP1/ADCYAP1R1/RAMP3/SSTR1/RARA/FGF10/DHH/AIFM1/GRIA1/PENK/EZH2/COL1A1/TXNIP/PCNA/SLC6A4/ENDOG/CAT/GHR/CRYAB",27
"GO:0097485","neuron projection guidance","39/1869","186/18842",0.209677419354839,2.11382661074578,5.06573089225577,4.97269766413577e-06,0.000264869278522055,0.000203913282127941,"TENM2/RAC3/EFNA2/SEMA3G/ROBO4/FYN/SLIT2/SEMA3A/PTK7/BDNF/EPHB2/FEZ1/IGSF9/CNTN4/GDNF/GFRA3/NOTCH1/EFNA4/ANOS1/EPHA5/VEGFA/NOVA2/LHX9/EFNA5/SEMA5A/SEMA4B/EPHA10/PTPRM/NECTIN1/EDN3/TUBB3/DSCAML1/EDN1/SEMA6A/KIF5A/CNTN6/PLEKHG4/TENM4/EPHB6",39
"GO:0097529","myeloid leukocyte migration","42/1869","207/18842",0.202898550724638,2.04548661998589,5.01898933903266,5.26594240861179e-06,0.000277765680640659,0.000213841755895529,"EDNRB/RAC3/CD300H/C5AR1/AGER/CXCL5/FPR2/CXCL3/SLIT2/GPR35/PECAM1/DAPK2/DUSP1/S100A12/MDK/RIN3/CXCR1/XG/CXCL13/PTGER4/CCL23/BST1/NBL1/JAM3/PF4/CCL19/PDGFB/CXCR2/CD177/GREM1/VEGFA/CCL2/S100A8/TNFSF11/EDN3/IL6/EDN1/TREM1/SPI1/PPBP/PLA2G1B/EMP2",42
"GO:0001570","vasculogenesis","18/1869","57/18842",0.315789473684211,3.18357691982766,5.4787015518342,5.61218827663605e-06,0.000291985535032631,0.000224789107723675,"RRAS/ADM/TGFBR3/TGFBR2/DSP/NOTCH1/CAV1/EGFL7/VEGFA/HEY1/TBX5/TMEM100/RAMP2/RASIP1/SOX17/CD34/CEACAM1/EMP2",18
"GO:0007052","mitotic spindle organization","31/1869","134/18842",0.23134328358209,2.33224727086877,5.13571455742777,5.65129051403322e-06,0.000291985535032631,0.000224789107723675,"CCNB1/CDCA8/TACC1/WDR62/DLGAP5/STIL/PLK3/BORA/BCCIP/UHRF1/NUF2/SUN2/TPX2/RCC1/AURKA/EML1/CENPH/KIF4A/TTK/LSM14A/KIF23/INCENP/NDC80/KIF15/BIRC5/AURKB/PRC1/CENPE/TUBG1/PLK1/KIF11",31
"GO:0042552","myelination","27/1869","109/18842",0.247706422018349,2.4972094187639,5.20198927916206,5.78331720617312e-06,0.000291985535032631,0.000224789107723675,"PTN/PTPRZ1/MYOC/QKI/CLDN5/ADGRG6/ACSBG1/SOX10/BCAS1/CST7/PRX/TNFRSF21/RARA/NDRG1/DHH/HRAS/S100B/SLC8A3/SELENOI/KIF14/MAL/JAM2/TPPP/EGR2/UGT8/PLLP/TENM4",27
"GO:0051310","metaphase chromosome alignment","27/1869","109/18842",0.247706422018349,2.4972094187639,5.20198927916206,5.78331720617312e-06,0.000291985535032631,0.000224789107723675,"CCNB1/KNTC1/SKA3/CDCA8/CENPF/SPAG5/KNL1/CENPA/ZWINT/KIF18A/SPC24/SGO1/CDT1/NUF2/KIF14/NEK2/SPDL1/CDK1/TTK/ECT2/KIF2C/INCENP/NDC80/BIRC5/AURKB/CENPE/KAT2B",27
"GO:0051984","positive regulation of chromosome segregation","12/1869","28/18842",0.428571428571429,4.32056867690897,5.83483034024293,5.84708114903844e-06,0.000291985535032631,0.000224789107723675,"CCNB1/SKA3/CDCA8/CDC6/NCAPG2/CDK1/NCAPG/INCENP/BIRC5/AURKB/NCAPH/KAT2B",12
"GO:0030038","contractile actin filament bundle assembly","26/1869","103/18842",0.252427184466019,2.54480096827648,5.21669276166831,5.91172627527874e-06,0.000291985535032631,0.000224789107723675,"S1PR1/MYOC/SFRP1/DLC1/MYL9/CCN2/ARHGEF15/PAK1/PDLIM1/LIMCH1/PTGER4/ARRB1/SORBS3/PHACTR1/RHPN1/ARHGAP6/APOA1/SYNPO/TAC1/ZYX/RHPN2/RGCC/FERMT2/CGNL1/SORBS1/PHLDB2",26
"GO:0043149","stress fiber assembly","26/1869","103/18842",0.252427184466019,2.54480096827648,5.21669276166831,5.91172627527874e-06,0.000291985535032631,0.000224789107723675,"S1PR1/MYOC/SFRP1/DLC1/MYL9/CCN2/ARHGEF15/PAK1/PDLIM1/LIMCH1/PTGER4/ARRB1/SORBS3/PHACTR1/RHPN1/ARHGAP6/APOA1/SYNPO/TAC1/ZYX/RHPN2/RGCC/FERMT2/CGNL1/SORBS1/PHLDB2",26
"GO:0043270","positive regulation of monoatomic ion transport","37/1869","174/18842",0.21264367816092,2.14373043547782,5.02952216070129,6.13012383126117e-06,0.000300044709686864,0.00023099357493919,"WFS1/NOS1/OPRK1/TACR2/CEMIP/ASPH/GPER1/TRPV2/ADCYAP1R1/FHL1/TSPO/STC1/CTSS/LCN2/CAV1/STK39/KCNN4/PDGFB/CHRM1/CCL2/ATP1B1/ACTN2/F2RL3/SLC6A4/SCN4B/FXYD6/KCNE1/FXYD1/EDN1/P2RY6/CD19/ATP1B3/TESC/MS4A1/PLA2G1B/TRPC3/IL13",37
"GO:0051960","regulation of nervous system development","61/1869","346/18842",0.176300578034682,1.77734376208105,4.84272244566702,6.22508651879162e-06,0.000301972277291025,0.000232477539553287,"WNT2/SEMA3G/PTN/PTPRZ1/MME/HLTF/NOS1/NTRK2/WDR62/SLIT2/QKI/LDLR/ID2/LRRC15/NEGR1/FEZF1/GPER1/TRPV2/PAX6/LRP8/BDNF/EPHB2/MACF1/MDK/ZNF365/SOX10/PAK1/CST7/NOTCH1/CDKL5/TNFRSF21/RARA/HES2/BCL11A/TSPO/SLITRK2/ELAPOR2/S100B/CNTFR/KIF14/JAM2/SYNDIG1/E2F1/VEGFA/SHANK3/TPPP/HEY1/WNT3A/SYT4/EFNA5/SEMA5A/CLSTN3/LRRTM4/RTN4RL2/SPP1/IGDCC4/BMP2/IL6/PTPRD/EGR2/TENM4",61
"GO:0001823","mesonephros development","21/1869","74/18842",0.283783783783784,2.86091709687215,5.3224453179806,6.44735382913878e-06,0.000309986489855849,0.000238647392081609,"SMAD6/MAGED1/SFRP1/SLIT2/NPNT/LGR4/EPCAM/FGF2/GPC3/TCF21/GDNF/FGF10/GREM1/VEGFA/SIX1/KIF26B/SIX4/GATA3/BMP2/CAT/ZBTB16",21
"GO:0070542","response to fatty acid","18/1869","58/18842",0.310344827586207,3.12868766258925,5.38777213653517,7.38833097610336e-06,0.000352112299940084,0.000271078530356708,"CCNB1/FOXO3/LDLR/FFAR2/PDK4/LPL/CAMP/FOXO1/CAV3/CD36/JUND/E2F1/GLDC/FABP3/ACSL1/EDN1/PID1/CAT",18
"GO:0051231","spindle elongation","8/1869","13/18842",0.615384615384615,6.20389348479236,6.22821744998422,7.5237367610165e-06,0.000355447494109588,0.000273646175775733,"CDCA8/KIF4A/KIF23/INCENP/BIRC5/AURKB/PRC1/KIF11",8
"GO:0030595","leukocyte chemotaxis","43/1869","217/18842",0.19815668202765,1.99768229147404,4.90513889854568,7.67322396253935e-06,0.000359384705073072,0.000276677292160668,"EDNRB/NEDD9/CD300H/PTN/C5AR1/CXCL5/FPR2/CXCL3/SLIT2/GPR35/FFAR2/IL10/DAPK2/DUSP1/CH25H/S100A12/MDK/RIN3/CXCR1/CXCL13/CCL23/BST1/NBL1/JAM3/PF4/CCL19/STK39/PDGFB/CXCR2/GREM1/VEGFA/CCL2/S100A8/TNFSF11/EDN3/IL6/EDN1/TREM1/SPI1/PPBP/PLA2G1B/CXCL16/GAS6",43
"GO:0060326","cell chemotaxis","56/1869","311/18842",0.180064308681672,1.81528716114503,4.81081536765537,7.74964115776736e-06,0.000359861541967095,0.000277044391647035,"EDNRB/RAC3/NEDD9/CD300H/PTN/C5AR1/GAB1/ARHGEF16/AGTR1/CXCL5/FPR2/CXCL3/SLIT2/GPR35/FFAR2/IL10/DAPK2/CXCL2/DUSP1/CH25H/FGF2/S100A12/MDK/RIN3/CXCR1/DOCK4/CXCL13/NOTCH1/CCL23/BST1/NBL1/JAM3/PF4/CCL19/STK39/PDGFB/CCRL2/CXCR2/GREM1/CCR8/NR4A1/VEGFA/CCL2/SEMA5A/HBEGF/S100A8/TNFSF11/EDN3/IL6/EDN1/TREM1/SPI1/PPBP/PLA2G1B/CXCL16/GAS6",56
"GO:0007272","ensheathment of neurons","27/1869","111/18842",0.243243243243243,2.45221465446185,5.09200876194826,8.32509766837312e-06,0.000380086181783791,0.000292614610692029,"PTN/PTPRZ1/MYOC/QKI/CLDN5/ADGRG6/ACSBG1/SOX10/BCAS1/CST7/PRX/TNFRSF21/RARA/NDRG1/DHH/HRAS/S100B/SLC8A3/SELENOI/KIF14/MAL/JAM2/TPPP/EGR2/UGT8/PLLP/TENM4",27
"GO:0008366","axon ensheathment","27/1869","111/18842",0.243243243243243,2.45221465446185,5.09200876194826,8.32509766837312e-06,0.000380086181783791,0.000292614610692029,"PTN/PTPRZ1/MYOC/QKI/CLDN5/ADGRG6/ACSBG1/SOX10/BCAS1/CST7/PRX/TNFRSF21/RARA/NDRG1/DHH/HRAS/S100B/SLC8A3/SELENOI/KIF14/MAL/JAM2/TPPP/EGR2/UGT8/PLLP/TENM4",27
"GO:0009611","response to wounding","80/1869","496/18842",0.161290322580645,1.62602046980445,4.68852242602877,8.44244593338237e-06,0.000382231739633887,0.000294266398115809,"PTN/MMP12/CDKN1A/AGER/ECRG4/NREP/IL10/FERMT1/MYL9/PAX6/HNF4A/PROC/EPHB2/MACF1/FGF2/AHNAK/MDK/PEAR1/CCN2/SCUBE1/PRRG3/PAK1/F2RL2/ZFP36/F10/ANGPTL1/DSP/SERPING1/THBD/FGF10/ANGPTL4/ADRA2C/SLC11A1/HRAS/FOXC2/TNFAIP3/ACVRL1/TSPO/DGKK/PF4/CAV1/ADTRP/PDGFB/CD36/ZFP36L2/FAP/ARHGEF19/DHFR/ODAM/AURKA/VEGFA/CYP4F11/FGA/GATA2/TYROBP/CDK1/CRK/HBEGF/F2RL3/SLC6A4/RTN4RL2/PRKCE/SPP1/COL3A1/FGL1/IL6/EDN1/PRKG1/TUBB1/CD34/HBB/CEACAM1/ANGPT4/C4BPB/FERMT2/LYVE1/CPB2/SVEP1/ANGPTL7/PHLDB2",80
"GO:2001251","negative regulation of chromosome organization","26/1869","105/18842",0.247619047619048,2.49632856888074,5.10209932357764,8.61327371796215e-06,0.000386743108344532,0.000297739537793654,"CCNB1/KNTC1/SKA3/CDCA8/CENPF/KNL1/CDC20/ZWINT/DUSP1/SPC24/TRIP13/ESPL1/NUF2/MAD2L1/SPDL1/CTPS1/BUB1/TTK/PIF1/INCENP/GEN1/NDC80/BIRC5/AURKB/PLK1/BUB1B",26
"GO:0060562","epithelial tube morphogenesis","38/1869","184/18842",0.206521739130435,2.08201316677135,4.89425093688535,9.4716422854926e-06,0.000421798627353125,0.00032472751457083,"STARD13/EGF/MAGED1/NDRG4/ADAMTS12/SLIT2/DLC1/NPNT/RHOB/LGR4/FGF2/MDK/STIL/MMRN2/GPC3/TCF21/GDNF/PAK1/TGFBR2/NOTCH1/FGF10/MTHFD1L/ACVRL1/TBX2/LCN2/PKHD1/GRHL3/GREM1/VEGFA/RNF207/SIX1/KIF26B/SIX4/GATA3/RASIP1/BMP2/SOX17/IRX1",38
"GO:0003007","heart morphogenesis","39/1869","191/18842",0.204188481675393,2.05849083559537,4.87899131121959,9.63208022477854e-06,0.000422856291876467,0.000325541772251254,"S1PR1/SMAD6/NDRG4/SLIT2/MESP2/DLC1/ID2/MYLK2/PITX2/CLDN5/ADGRG6/STIL/TGFBR3/ALPK2/TGFBR2/DSP/NOTCH1/FOXF1/ACVRL1/TBX2/CCM2L/RBP4/TBX3/SNAI1/ANKRD1/VEGFA/RNF207/HEY1/CITED2/SOX4/TBX5/GATA6/GATA3/BMP2/EDN1/SOX17/TEK/TNNC1/EMP2",39
"GO:0040008","regulation of growth","78/1869","482/18842",0.161825726141079,1.63141804812745,4.65995252239309,9.65105470139553e-06,0.000422856291876467,0.000325541772251254,"WWC2/RGS2/CCNB1/NRG3/CDKN2A/SEMA3G/WFS1/CDKN1A/NPR1/MT2A/AGTR1/LATS2/SFRP1/SLIT2/ALOX15B/SEMA3A/MT1A/TRPV2/HNF4A/BDNF/MACF1/FGF2/TGFBR3/MT1E/PAK1/MINAR1/RFTN1/DCSTAMP/NOTCH1/CDKL5/ACACB/FHL1/BCL11A/HYAL1/ACVRL1/TBX2/WFDC1/LIN7A/CDKN2D/CAV3/MT1M/NET1/SPAAR/SESN1/KIF14/RASAL1/RBP4/BCL6/FBP1/VEGFA/TMPRSS4/FAM107A/SIX1/SYT4/EFNA5/SEMA5A/SIX4/TBX5/CDK1/CRK/HBEGF/PRKN/SLC6A4/S100A8/SPP1/KIF26A/SGK2/EDN1/SOX17/CEACAM1/HYAL2/CXCL16/CYP27B1/CDHR2/GHR/LTBP4/GJA1/CRYAB",78
"GO:0034329","cell junction assembly","79/1869","490/18842",0.161224489795918,1.62535678798004,4.65437667936539,9.74156398792587e-06,0.00042340733717121,0.000325966002102595,"LGI2/RAC3/NRG3/ADGRL2/GPM6A/MYOC/SDC2/SFRP1/PTPN1/LSR/CCDC141/DLC1/COL17A1/PECAM1/LRRC15/NEGR1/MARVELD3/CLDN5/C1QL2/MICALL2/SPOCK2/BDNF/EPHB2/MACF1/ESAM/ARHGEF15/ASIC1/DOCK4/LIMCH1/CDH5/PEAK1/ACVRL1/SLITRK2/JAM3/LIN7A/CAV1/CDH3/ACE/SYNDIG1/GREM1/SNAI1/VEGFA/SHANK3/GRIA1/CASKIN1/FAM107A/THSD1/WNT3A/EFNA5/TBX5/CDH13/GPBAR1/VSIG10/RAMP2/CORO2B/CRK/NECTIN1/CLSTN3/ARHGAP6/ACTN2/LRRTM4/RTN4RL2/NTNG2/ECT2/PTPRD/TEK/SPTBN2/CDH17/CLDN18/FERMT2/PKP1/CDH19/GJB2/UGT8/CSMD2/SORBS1/CDH26/GJA1/PHLDB2",79
"GO:0001666","response to hypoxia","51/1869","278/18842",0.183453237410072,1.84945205954017,4.73481278470316,1.14255098372715e-05,0.000492657102745205,0.000379278893139174,"CCNB1/CCNA2/CA9/DNMT3A/SFRP1/NOS1/FOXO3/PTPN1/HSP90B1/PDK1/KCNK3/HYOU1/PTGS2/PLEKHN1/SUV39H2/TGFBR3/PAK1/EPAS1/PDLIM1/CYGB/NOTCH1/ANGPTL4/NDRG1/STC1/S100B/SLC8A3/AIFM1/LCN2/CAV1/CAV3/ERO1A/JUND/TERT/FOS/E2F1/ANKRD1/VEGFA/PENK/CITED2/EGR1/GATA6/ATP1B1/SLC6A4/BMP2/EDN1/ANGPT4/ENDOG/CAT/RGCC/CBFA2T3/AK4",51
"GO:0006310","DNA recombination","59/1869","338/18842",0.174556213017751,1.75975824809014,4.67711753404398,1.19848366801298e-05,0.000509349221331373,0.000392129551794519,"PARPBP/SYCP2/EXO1/SAMHD1/FIRRM/TONSL/MND1/C14orf39/HELB/FANCD2/TOP2A/ERCC2/RAD54B/RAD54L/BLM/HELLS/MCM2/IL10/BRCA2/MCM6/LIG1/GINS4/ZNF365/ZGRF1/TRIP13/TIMELESS/UHRF1/EME1/IL7R/GINS2/RMI2/FIGNL1/PSMD14/TERT/RIF1/RADX/H1-10/HROB/RAD51/RECQL4/FANCB/POLQ/AUNIP/FEN1/CHEK1/BRIP1/HSPD1/HMGB3/PIF1/GEN1/XRCC2/KPNA2/ENDOG/NCAPH/CDC45/PLK1/MCM4/RAD51AP1/PELI1",59
"GO:0045132","meiotic chromosome segregation","20/1869","71/18842",0.28169014084507,2.83981039796833,5.15389846448025,1.20142273988776e-05,0.000509349221331373,0.000392129551794519,"SYCP2/MND1/C14orf39/FANCD2/SKA3/DCAF13/P3H4/TUBB8/KNL1/HORMAD1/ZWINT/SGO1/TRIP13/PTTG1/ESPL1/NUF2/SGO2/TTK/NDC80/NCAPH",20
"GO:0071456","cellular response to hypoxia","33/1869","152/18842",0.217105263157895,2.18870913238152,4.88281266506593,1.2093879910132e-05,0.000509349221331373,0.000392129551794519,"CCNB1/CCNA2/DNMT3A/SFRP1/FOXO3/PTPN1/PDK1/KCNK3/HYOU1/PTGS2/SUV39H2/EPAS1/NOTCH1/NDRG1/STC1/S100B/SLC8A3/AIFM1/LCN2/ERO1A/JUND/TERT/FOS/E2F1/ANKRD1/VEGFA/CITED2/GATA6/EDN1/ANGPT4/ENDOG/RGCC/AK4",33
"GO:0036294","cellular response to decreased oxygen levels","34/1869","159/18842",0.213836477987421,2.1557554404703,4.85644552488814,1.26571512144519e-05,0.000528971558062438,0.00040723607946801,"CCNB1/CCNA2/DNMT3A/SFRP1/FOXO3/PTPN1/PDK1/KCNK3/HYOU1/PTGS2/SUV39H2/EPAS1/NOTCH1/NDRG1/STC1/MAP1LC3A/S100B/SLC8A3/AIFM1/LCN2/ERO1A/JUND/TERT/FOS/E2F1/ANKRD1/VEGFA/CITED2/GATA6/EDN1/ANGPT4/ENDOG/RGCC/AK4",34
"GO:1990845","adaptive thermogenesis","35/1869","166/18842",0.210843373493976,2.12558097558774,4.83354955376516,1.31248746566691e-05,0.000544331633661704,0.000419061246383012,"FABP4/HOXC10/PLCL1/ACADL/KDM6B/QKI/TRPV2/ID1/MFAP2/LGR4/EPAS1/NOTCH1/NPR3/FOXC2/LEPR/S100B/LCN2/CAV1/ADRB2/CD36/CEBPB/ADRB1/ABHD6/VEGFA/PPARGC1A/NOVA2/CKB/YBX2/CLSTN3/ACSL1/FFAR4/FABP5/IL13/GJA1/IL18R1",35
"GO:0071453","cellular response to oxygen levels","36/1869","173/18842",0.208092485549133,2.09784837491534,4.81373531692226,1.34986178577945e-05,0.000548281759835879,0.000422102305721756,"CCNB1/CCNA2/DNMT3A/SFRP1/FOXO3/PTPN1/PDK1/KCNK3/HYOU1/PTGS2/SUV39H2/EPAS1/FOXO1/NOTCH1/NDRG1/STC1/MAP1LC3A/S100B/SLC8A3/AIFM1/LCN2/CAV1/ERO1A/JUND/TERT/FOS/E2F1/ANKRD1/VEGFA/CITED2/GATA6/EDN1/ANGPT4/ENDOG/RGCC/AK4",36
"GO:0036293","response to decreased oxygen levels","52/1869","287/18842",0.181184668989547,1.82658187966883,4.68245561439146,1.35016156623873e-05,0.000548281759835879,0.000422102305721756,"CCNB1/CCNA2/CA9/DNMT3A/SFRP1/NOS1/FOXO3/PTPN1/HSP90B1/PDK1/KCNK3/HYOU1/PTGS2/PLEKHN1/SUV39H2/TGFBR3/PAK1/EPAS1/PDLIM1/CYGB/NOTCH1/ANGPTL4/NDRG1/STC1/MAP1LC3A/S100B/SLC8A3/AIFM1/LCN2/CAV1/CAV3/ERO1A/JUND/TERT/FOS/E2F1/ANKRD1/VEGFA/PENK/CITED2/EGR1/GATA6/ATP1B1/SLC6A4/BMP2/EDN1/ANGPT4/ENDOG/CAT/RGCC/CBFA2T3/AK4",52
"GO:0097530","granulocyte migration","30/1869","133/18842",0.225563909774436,2.27398351416261,4.89262196770274,1.35228705720611e-05,0.000548281759835879,0.000422102305721756,"RAC3/CD300H/C5AR1/CXCL5/CXCL3/SLIT2/GPR35/PECAM1/DAPK2/S100A12/MDK/CXCR1/XG/CXCL13/PTGER4/BST1/JAM3/PF4/CCL19/CXCR2/CD177/VEGFA/CCL2/S100A8/EDN3/EDN1/TREM1/PPBP/PLA2G1B/EMP2",30
"GO:0106106","cold-induced thermogenesis","33/1869","153/18842",0.215686274509804,2.17440384393458,4.84002346677925,1.39734965919158e-05,0.000559161808686198,0.000430478462002168,"FABP4/HOXC10/PLCL1/ACADL/KDM6B/QKI/TRPV2/ID1/MFAP2/LGR4/EPAS1/NOTCH1/NPR3/FOXC2/LEPR/LCN2/CAV1/ADRB2/CD36/CEBPB/ADRB1/ABHD6/VEGFA/PPARGC1A/NOVA2/YBX2/CLSTN3/ACSL1/FFAR4/FABP5/IL13/GJA1/IL18R1",33
"GO:1902895","positive regulation of miRNA transcription","17/1869","55/18842",0.309090909090909,3.11604650031616,5.21501010222203,1.39970561349757e-05,0.000559161808686198,0.000430478462002168,"SMAD6/FOXO3/IL10/PAX6/FGF2/JUN/KLF4/PDGFB/TERT/FOS/GATA2/EGR1/ATOH8/GATA3/BMP2/IL6/SPI1",17
"GO:0043114","regulation of vascular permeability","16/1869","50/18842",0.32,3.22602461209203,5.2300492913674,1.52758942180949e-05,0.000605795133481091,0.000466379772899849,"NPR1/ADM/TACR2/SLIT2/CLDN5/C2CD4A/CDH5/VEGFA/AKAP12/RAMP2/PRKG1/TEK/CEACAM1/FERMT2/SH3GL2/BMP6",16
"GO:1905954","positive regulation of lipid localization","24/1869","96/18842",0.25,2.5203317281969,4.95560849831065,1.58735211057419e-05,0.000624933624402143,0.000481113805175935,"RXRA/ECRG4/CES1/ABCA8/MSR1/LPL/PON1/ABCB4/ACACB/CAV1/CD36/ABCA12/ACSL5/FABP3/APOA1/TNFSF11/SPP1/ACSL1/RETN/EDN1/ABCG1/PLIN2/TAC1/BMP6",24
"GO:2000351","regulation of endothelial cell apoptotic process","18/1869","61/18842",0.295081967213115,2.97481777754388,5.12636953513622,1.61293162115158e-05,0.000630435791202628,0.000485349724484368,"ECSCR/FOXO3/PTPN1/GPER1/CDH5/TNFAIP3/TERT/FGA/GATA2/CCL2/SEMA5A/RAMP2/GATA3/TEK/RGCC/IL13/GAS6/ICAM1",18
"GO:0032956","regulation of actin cytoskeleton organization","58/1869","334/18842",0.173652694610778,1.75064958365772,4.59312279159664,1.65858919923352e-05,0.000643651079959694,0.000495523697546697,"S1PR1/RAC3/NEDD9/MYO3B/MYOC/TMOD1/ARHGEF16/SFRP1/SLIT2/BAIAP2L2/DLC1/CIT/MYADM/ARHGEF26/NGEF/ESAM/CCN2/ARHGEF15/PAK1/LIMCH1/PTGER4/KANK2/HRAS/BST1/RDX/SORBS3/CAV3/WASF3/GRHL3/ARHGEF19/RHPN1/DIXDC1/ODAM/SHANK3/FAM107A/KANK3/EFNA5/SEMA5A/SPTBN1/CORO2B/CRK/PRKN/ARHGAP6/ACTN2/APOA1/PRKCE/ARHGAP40/ECT2/SYNPO/EDN1/TAC1/RHPN2/SPTBN2/CFL2/RGCC/FERMT2/CGNL1/PHLDB2",58
"GO:0032970","regulation of actin filament-based process","64/1869","380/18842",0.168421052631579,1.69790769057475,4.5606603399997,1.69235224412875e-05,0.000652095726407906,0.000502024925561034,"S1PR1/RAC3/NEDD9/MYO3B/MYOC/TMOD1/ARHGEF16/SFRP1/SLIT2/BAIAP2L2/DLC1/MYLK2/CIT/MYADM/ARHGEF26/NGEF/ESAM/CCN2/ARHGEF15/PAK1/DSP/LIMCH1/PTGER4/KANK2/HRAS/STC1/BST1/RDX/CAV1/ADRB2/SORBS3/CAV3/WASF3/GRHL3/ARHGEF19/RHPN1/DIXDC1/ODAM/SHANK3/FAM107A/KANK3/EFNA5/SEMA5A/SPTBN1/CORO2B/CRK/PRKN/ARHGAP6/ACTN2/APOA1/PRKCE/ARHGAP40/ECT2/SYNPO/EDN1/TAC1/RHPN2/SPTBN2/CFL2/RGCC/TNNC1/FERMT2/CGNL1/PHLDB2",64
"GO:0050878","regulation of body fluid levels","57/1869","327/18842",0.174311926605505,1.75729551690793,4.58410676458408,1.74456951870305e-05,0.000667482126416456,0.000513870358687079,"EDNRB/WFS1/NPR1/ADM/OPRK1/ADCY9/MYL9/HNF4A/ADM2/PROC/EPHB2/PEAR1/SCUBE1/PRRG3/AQP6/F2RL2/F10/ANGPTL1/SERPING1/THBD/FGF10/ANGPTL4/NPR3/ADRA2C/DGKK/PF4/CAV1/STK39/ADTRP/PDGFB/CD36/FAP/CHRM1/VEGFA/CYP4F11/FGA/AVPR2/F2RL3/SLC6A4/CDO1/COL3A1/FGL1/IL6/EDN1/ADCY8/PRKG1/TUBB1/FLI1/HBB/CEACAM1/ANGPT4/HYAL2/C4BPB/CAD/CPB2/SVEP1/ANGPTL7",57
"GO:0001657","ureteric bud development","19/1869","67/18842",0.283582089552239,2.85888375138752,5.05797850773247,1.77585660678772e-05,0.000674701324802636,0.000519428158540172,"SMAD6/MAGED1/SFRP1/SLIT2/NPNT/LGR4/EPCAM/FGF2/GPC3/TCF21/GDNF/GREM1/VEGFA/SIX1/KIF26B/SIX4/GATA3/BMP2/CAT",19
"GO:0048589","developmental growth","64/1869","381/18842",0.167979002624672,1.69345123994332,4.53762002332037,1.84130427957161e-05,0.00069470876048004,0.000534831159970568,"WWC2/TMEM108/S1PR1/RGS2/CCNB1/SEMA3G/PTN/CDKN1A/NDRG4/DCAF13/LATS2/SLIT2/SEMA3A/STRA6/NRN1/TRPV2/BDNF/MACF1/FGF2/MDK/STIL/TGFBR3/PAK1/NOTCH1/CDKL5/ACACB/FGF10/BCL11A/TBX2/STC1/LEPR/S100B/LIN7A/CAV3/SPAAR/FBLN5/NKD1/RASAL1/RBP4/VEGFA/DMBX1/SIX1/KIF26B/SYT4/EFNA5/SEMA5A/SIX4/TBX5/CDK1/PRKN/CLSTN3/SLC6A4/GAS1/SPP1/EDN3/COL3A1/EDN1/PRKG1/CLDN18/PTGFRN/SH3GL2/PSAPL1/GHR/TMEM182",64
"GO:1901970","positive regulation of mitotic sister chromatid separation","10/1869","22/18842",0.454545454545455,4.58242132399436,5.57898908921215,1.89814113045918e-05,0.000711213845640326,0.000547537828352853,"SKA3/CDCA8/CDC20/DLGAP5/ESPL1/UBE2C/INCENP/BIRC5/AURKB/PLK1",10
"GO:1901992","positive regulation of mitotic cell cycle phase transition","23/1869","91/18842",0.252747252747253,2.54802768125401,4.91206970913983,1.95724835398414e-05,0.000728337692273688,0.000560720858824141,"CCNB1/CCNE2/SKA3/CDC6/CDC20/ADAMTS1/DLGAP5/MTBP/STIL/CCNE1/CDC25A/FGF10/ESPL1/DTL/UBE2C/RDX/TERT/RRM2/CDK1/BIRC5/RGCC/PLK1/CDC25C",23
"GO:0030111","regulation of Wnt signaling pathway","56/1869","321/18842",0.174454828660436,1.7587361592402,4.54975909695155,2.01033910900923e-05,0.000743004923758309,0.000572012630102593,"SOX13/TAX1BP3/EGF/RSPO1/LATS2/SFRP1/RECK/ATP6V1C2/DKK3/FERMT1/HSP90B1/AMER2/PTK7/WIF1/LGR4/MACF1/SFRP4/TMEM88/MDK/TLE5/ALPK2/GPC3/SOX10/LBX2/ZBED3/SOSTDC1/RBMS3/CAV1/CSNK1E/FRAT1/CDH3/DAB2IP/NKD1/TERT/DIXDC1/GREM1/TMEM132A/MIR29C/DEPDC1B/WNT3A/SOX4/SEMA5A/EGR1/RNF43/COL1A1/PRKN/NFATC1/BMP2/SOX17/TLE4/SCEL/APCDD1/HIC1/MDFI/RSPO4/SULF1",56
"GO:0072073","kidney epithelium development","26/1869","110/18842",0.236363636363636,2.38285908847707,4.82680235790173,2.09366673603949e-05,0.000763415528651179,0.000587726016936827,"SMAD6/MAGED1/SFRP1/SLIT2/PECAM1/NPNT/LGR4/EPCAM/FGF2/GPC3/TCF21/GDNF/NOTCH1/KANK2/KLF15/GREM1/VEGFA/SIX1/KIF26B/SIX4/GATA3/BMP2/EDN1/CD34/IRX1/CAT",26
"GO:1901989","positive regulation of cell cycle phase transition","26/1869","110/18842",0.236363636363636,2.38285908847707,4.82680235790173,2.09366673603949e-05,0.000763415528651179,0.000587726016936827,"CCNB1/CCNE2/SKA3/CDC6/CDC20/ADAMTS1/DLGAP5/MTBP/STIL/CCNE1/CDC25A/ATAD5/FGF10/ESPL1/TBX2/DTL/UBE2C/RDX/TERT/RRM2/CDK1/EZH2/BIRC5/RGCC/PLK1/CDC25C",26
"GO:0051256","mitotic spindle midzone assembly","7/1869","11/18842",0.636363636363636,6.4153898535921,5.96165304805438,2.15121614203427e-05,0.000778061351413627,0.000599001306414033,"CDCA8/KIF4A/KIF23/INCENP/BIRC5/AURKB/PRC1",7
"GO:0050000","chromosome localization","28/1869","123/18842",0.227642276422764,2.29493620778904,4.78120018691375,2.1624749505514e-05,0.000778061351413627,0.000599001306414033,"CCNB1/KNTC1/SKA3/CDCA8/CENPF/SPAG5/KNL1/CENPA/ZWINT/KIF18A/SPC24/DLGAP5/SGO1/CDT1/NUF2/KIF14/NEK2/SPDL1/CDK1/TTK/ECT2/KIF2C/INCENP/NDC80/BIRC5/AURKB/CENPE/KAT2B",28
"GO:0090329","regulation of DNA-templated DNA replication","15/1869","46/18842",0.326086956521739,3.2873892106916,5.15422752422427,2.17898720482522e-05,0.000778844571303645,0.00059960427909283,"GMNN/DACH1/AGER/TICRR/MCM2/MCM6/CDT1/TIMELESS/DTL/E2F8/BCL6/SLFN11/E2F7/ENDOG/MCM4",15
"GO:0045446","endothelial cell differentiation","25/1869","104/18842",0.240384615384615,2.42339589249702,4.83012177847628,2.20465442033567e-05,0.000779212516674326,0.000599887546931962,"APOLD1/S1PR1/ROBO4/KDM6B/PECAM1/CLDN5/PROC/AMOTL2/MYADM/SCUBE1/DSP/NOTCH1/CDH5/ACVRL1/STC1/RDX/VEGFA/HEY1/ATOH8/TMEM100/FOXP3/SOX17/CEACAM1/BMP6/ICAM1",25
"GO:0051056","regulation of small GTPase mediated signal transduction","54/1869","307/18842",0.175895765472313,1.7732627143014,4.53291193806119,2.21573132772316e-05,0.000779212516674326,0.000599887546931962,"STARD13/TAX1BP3/FOXM1/SYDE1/MYOC/ARHGEF16/SLIT2/ARHGEF2/DLC1/ADCYAP1R1/ARHGAP8/FGD5/EPHB2/NGEF/ARHGEF15/CXCL13/NOTCH1/CDKL5/SPRY4/FGF10/KANK2/HRAS/RDX/ARRB1/CCL19/CSNK1E/STARD8/NET1/DAB2IP/KIF14/RASAL1/ARHGEF19/FBP1/ARHGAP31/CRK/DOK7/ARHGAP6/APOA1/ARHGAP40/ECT2/COL3A1/FGD3/RASIP1/DENND3/TEK/MRAS/RALGPS2/ARFGAP1/HEG1/IQSEC3/FERMT2/CGNL1/PLEKHG4/CD2AP",54
"GO:0072163","mesonephric epithelium development","19/1869","68/18842",0.279411764705882,2.81684134327888,4.98047051538201,2.23738547029624e-05,0.000779212516674326,0.000599887546931962,"SMAD6/MAGED1/SFRP1/SLIT2/NPNT/LGR4/EPCAM/FGF2/GPC3/TCF21/GDNF/GREM1/VEGFA/SIX1/KIF26B/SIX4/GATA3/BMP2/CAT",19
"GO:0072164","mesonephric tubule development","19/1869","68/18842",0.279411764705882,2.81684134327888,4.98047051538201,2.23738547029624e-05,0.000779212516674326,0.000599887546931962,"SMAD6/MAGED1/SFRP1/SLIT2/NPNT/LGR4/EPCAM/FGF2/GPC3/TCF21/GDNF/GREM1/VEGFA/SIX1/KIF26B/SIX4/GATA3/BMP2/CAT",19
"GO:0045931","positive regulation of mitotic cell cycle","27/1869","117/18842",0.230769230769231,2.32646005679714,4.77588119045142,2.32361189862311e-05,0.000804088117529895,0.000619038372741839,"CCNB1/CCNE2/SKA3/CDC6/CDC20/ADAMTS1/DLGAP5/MTBP/STIL/CCNE1/CDC25A/MEIS2/FGF10/ESPL1/DTL/UBE2C/RDX/TERT/AURKA/USP2/RRM2/CDK1/BIRC5/RGCC/PLK1/TAL1/CDC25C",27
"GO:1902893","regulation of miRNA transcription","20/1869","74/18842",0.27027027027027,2.72468294940205,4.93279937320956,2.34783442000331e-05,0.000807328126827722,0.00062153273876923,"SMAD6/FOXO3/IL10/PAX6/FGF2/JUN/ZNF512B/RARA/KLF4/PDGFB/TERT/FOS/VEGFA/GATA2/EGR1/ATOH8/GATA3/BMP2/IL6/SPI1",20
"GO:0048598","embryonic morphogenesis","60/1869","354/18842",0.169491525423729,1.70869947674366,4.46679577569321,2.52983946439508e-05,0.000864441371701792,0.000665502161271654,"SOBP/MYO3B/NDRG4/SOX7/KDM6B/MESP2/DLC1/STRA6/ID2/IL10/MFAP2/DUSP1/EPHB2/MYADM/FGF2/COL11A1/PITX1/STIL/GPC3/TCF21/GDNF/LBX2/COL5A2/TGFBR2/ITGA8/NOTCH1/HOXA4/TFAP2A/MTHFD1L/FOXF1/TBX2/KLF4/GRHL3/RBP4/TBX3/GREM1/FOXF2/SNAI1/RNF207/SIX1/WNT3A/TMIE/SIX4/TBX5/ATOH8/NECTIN1/APOA1/ZNF358/GATA3/HOXC11/DSCAML1/SOX17/NR4A3/TTC39C/IRX1/ZBTB16/HMGA2/GJA1/TENM4/SULF1",60
"GO:0061614","miRNA transcription","20/1869","75/18842",0.266666666666667,2.68835384341002,4.86154147713448,2.90612963445957e-05,0.000973406826242358,0.000749390725464195,"SMAD6/FOXO3/IL10/PAX6/FGF2/JUN/ZNF512B/RARA/KLF4/PDGFB/TERT/FOS/VEGFA/GATA2/EGR1/ATOH8/GATA3/BMP2/IL6/SPI1",20
"GO:1990090","cellular response to nerve growth factor stimulus","15/1869","47/18842",0.319148936170213,3.21744475940029,5.05077350228296,2.90879985389996e-05,0.000973406826242358,0.000749390725464195,"TMEM108/NTRK2/FOXO3/PTPN1/STMN2/BDNF/KAT2A/LCN2/CSNK1E/SORT1/FBXO43/E2F1/GRIA1/CRK/SH3GL2",15
"GO:0001667","ameboidal-type cell migration","39/1869","200/18842",0.195,1.96585874799358,4.55679701932315,2.916547259982e-05,0.000973406826242358,0.000749390725464195,"SEMA3G/AMOTL1/SYDE1/SASH1/SEMA3A/FERMT1/MARVELD3/PITX2/AMOTL2/MACF1/FGF2/KRT16/GPC3/RADIL/SOX10/GDNF/PAK1/PDLIM1/CYGB/FGF10/PTPRR/KANK2/GLIPR2/DAB2IP/HAS1/VEGFA/AKAP12/SEMA5A/SEMA4B/HBEGF/PRKCE/TNS1/FAT2/EDN1/SEMA6A/TAC1/ANLN/HYAL2/GJA1",39
"GO:2000628","regulation of miRNA metabolic process","22/1869","87/18842",0.252873563218391,2.54930105840606,4.80633712250348,2.92039964434943e-05,0.000973406826242358,0.000749390725464195,"SMAD6/FOXO3/QKI/IL10/PAX6/FGF2/JUN/ZNF512B/RARA/HRAS/KLF4/PDGFB/TERT/FOS/VEGFA/GATA2/EGR1/ATOH8/GATA3/BMP2/IL6/SPI1",22
"GO:0120161","regulation of cold-induced thermogenesis","32/1869","152/18842",0.210526315789474,2.12238461321844,4.6103741068418,3.12174704286615e-05,0.00102573846090212,0.000789678959124725,"FABP4/HOXC10/PLCL1/ACADL/KDM6B/QKI/TRPV2/ID1/MFAP2/LGR4/EPAS1/NOTCH1/NPR3/FOXC2/LEPR/LCN2/CAV1/ADRB2/CD36/CEBPB/ADRB1/ABHD6/VEGFA/PPARGC1A/NOVA2/YBX2/ACSL1/FFAR4/FABP5/IL13/GJA1/IL18R1",32
"GO:0031641","regulation of myelination","13/1869","37/18842",0.351351351351351,3.54208783422267,5.13608337662071,3.12845288973286e-05,0.00102573846090212,0.000789678959124725,"PTN/PTPRZ1/QKI/SOX10/CST7/TNFRSF21/RARA/S100B/KIF14/JAM2/TPPP/EGR2/TENM4",13
"GO:0044771","meiotic cell cycle phase transition","8/1869","15/18842",0.533333333333333,5.37670768682005,5.62703906046752,3.13404352125441e-05,0.00102573846090212,0.000789678959124725,"KNL1/CDC20/ZWINT/CDC25A/PKMYT1/TTK/NDC80/CDC25C",8
"GO:0051321","meiotic cell cycle","50/1869","281/18842",0.177935943060498,1.79383041152804,4.44895002237339,3.21822210058095e-05,0.00104698207619499,0.000806033650551391,"SYCP2/EXO1/MND1/C14orf39/FANCD2/SKA3/TDRKH/DCAF13/TOP2A/RAD54B/P3H4/TUBB8/RAD54L/KNL1/CDC20/HORMAD1/ZWINT/BRCA2/DUSP1/PRR19/SGO1/CDC25A/TRIP13/PTTG1/PKMYT1/EME1/ESPL1/NUF2/SUN2/FIGNL1/TESMIN/ASPM/MKI67/SGO2/NEK2/FBXO43/SMC1B/AURKA/CDCA2/RAD51/TTK/BRIP1/INCENP/EDN1/NDC80/XRCC2/NCAPH/TUBG1/CDC25C/RAD51AP1",50
"GO:2000630","positive regulation of miRNA metabolic process","18/1869","64/18842",0.28125,2.83537319422151,4.88053041951823,3.31510410702551e-05,0.00106792041882697,0.000822153323592486,"SMAD6/FOXO3/IL10/PAX6/FGF2/JUN/HRAS/KLF4/PDGFB/TERT/FOS/GATA2/EGR1/ATOH8/GATA3/BMP2/IL6/SPI1",18
"GO:0045216","cell-cell junction organization","37/1869","187/18842",0.197860962566845,1.99470104691519,4.53620916263684,3.32578547856619e-05,0.00106792041882697,0.000822153323592486,"LSR/PECAM1/MARVELD3/CLDN5/MICALL2/EPHB2/PLEKHA7/ESAM/DSP/CDH5/INAVA/ACVRL1/RDX/JAM3/CAV1/PKHD1/CDH3/ACE/CD177/SNAI1/VEGFA/TBX5/CDH13/GPBAR1/RAMP2/LIMS2/ECT2/CDH17/CLDN18/FERMT2/PKP1/CDH19/GJB2/UGT8/CDH26/GJA1/BMP6",37
"GO:0043116","negative regulation of vascular permeability","9/1869","19/18842",0.473684210526316,4.77536537974149,5.46347157911728,3.34155109885117e-05,0.00106792041882697,0.000822153323592486,"ADM/SLIT2/CLDN5/VEGFA/AKAP12/RAMP2/CEACAM1/FERMT2/SH3GL2",9
"GO:0070482","response to oxygen levels","54/1869","312/18842",0.173076923076923,1.74484504259785,4.40233247887439,3.51135674349025e-05,0.00111562580043173,0.000858879972271685,"CCNB1/CCNA2/CA9/DNMT3A/SFRP1/NOS1/FOXO3/PTPN1/HSP90B1/PDK1/KCNK3/HYOU1/PTGS2/PLEKHN1/SUV39H2/TGFBR3/PAK1/EPAS1/PDLIM1/FOXO1/CYGB/NOTCH1/ANGPTL4/NDRG1/STC1/MAP1LC3A/S100B/SLC8A3/AIFM1/LCN2/CAV1/CAV3/ERO1A/JUND/TERT/FOS/E2F1/ANKRD1/VEGFA/PENK/CITED2/EGR1/GATA6/COL1A1/ATP1B1/SLC6A4/BMP2/EDN1/ANGPT4/ENDOG/CAT/RGCC/CBFA2T3/AK4",54
"GO:0043542","endothelial cell migration","51/1869","290/18842",0.175862068965517,1.77292300880058,4.4016670313699,3.71809934187053e-05,0.00117444382118504,0.00090416184009343,"STARD13/CLEC14A/EGF/RRAS/PTN/GAB1/PLPP3/SASH1/SLIT2/MIR27A/ID1/RHOB/ANXA3/FGF2/S100A12/PTGS2/TGFBR3/MMRN2/TNFSF12/CXCL13/NOTCH1/CDH5/FOXC2/ACVRL1/STC1/KLF4/LCN2/JCAD/MIR27B/ADTRP/PDGFB/DAB2IP/FAP/GREM1/NR4A1/VEGFA/GATA2/MIR29C/DCN/SEMA5A/ATOH8/CDH13/PTPRM/S100A8/GATA3/EDN1/TEK/CEACAM1/ANGPT4/RGCC/EMP2",51
"GO:0062012","regulation of small molecule metabolic process","56/1869","328/18842",0.170731707317073,1.72120215584178,4.37241251081915,3.76825112298005e-05,0.00118340510700293,0.000911060810081224,"ZBTB7A/ADM/AGTR1/ACADL/MID1IP1/QKI/LDLR/DKK3/PDK4/GPER1/MIR27A/HNF4A/ADCYAP1R1/CES1/PDK1/GPR146/CH25H/INSIG1/PTGS2/FGFR4/UGT1A6/FOXO1/ACACB/ANGPTL4/TSPO/NME1/KAT2A/CAV1/MIR27B/PRMT3/FBP1/PRKAA2/SNAI1/PPARGC1A/NME2/EGR1/GPIHBP1/ZFP92/PRKN/FABP3/APOA1/BMP2/EDN1/ABCG1/P2RY6/CEACAM1/PID1/PRKAG3/FABP5/CBFA2T3/PTH1R/NUPR1/KAT2B/SORBS1/BMP6/PHKA1",56
"GO:0097305","response to alcohol","46/1869","254/18842",0.181102362204724,1.82575211806389,4.39670717965494,4.18889751179407e-05,0.00129876235837344,0.000999870187580478,"RGS2/DNMT3A/SFRP1/OPRK1/FOXO3/SLIT2/BLM/KLF9/CLDN5/ADCYAP1R1/CES1/FGF2/TGFBR3/TGFBR2/GRIN2B/RARA/PTGER4/TSPO/S100B/AIFM1/CCL19/PSMD14/STK39/JUND/RBP4/FBP1/FOS/GRIA1/PENK/RAD51/CDK1/PRKN/S100A8/CDO1/FOXP3/GATA3/PTGER2/PTGDR2/ADCY8/SPI1/CLDN18/CAT/IL13/FOSB/CAD/GHR",46
"GO:1905952","regulation of lipid localization","34/1869","168/18842",0.202380952380952,2.04026854187368,4.49426574870362,4.22451719884765e-05,0.00129876235837344,0.000999870187580478,"RXRA/EGF/PNPLA2/AGTR1/ECRG4/MIR27A/CES1/ABCA8/MSR1/LPL/PON1/ABCB4/ACACB/TSPO/NFKBIA/CAV1/MIR27B/CD36/ABCA12/ACSL5/PRKN/FABP3/CLSTN3/APOA1/TNFSF11/SPP1/ACSL1/RETN/IL6/EDN1/ABCG1/PLIN2/TAC1/BMP6",34
"GO:0070374","positive regulation of ERK1 and ERK2 cascade","37/1869","189/18842",0.195767195767196,1.97359309932879,4.46386820721919,4.22697478425035e-05,0.00129876235837344,0.000999870187580478,"MTURN/C5AR1/NDRG4/AGER/FPR2/GPER1/MIR27A/NPNT/ARHGAP8/FGF2/PDE8B/CCN2/FGFR4/RAMP3/NOTCH1/MARCO/HRAS/ARRB1/CCL19/GLIPR2/MIR27B/PDGFB/CD36/VEGFA/FGA/AKAP12/GPBAR1/TNFSF11/BMP2/P2RY6/TEK/FFAR4/IL13/FERMT2/ALKAL2/GAS6/ICAM1",37
"GO:0090231","regulation of spindle checkpoint","12/1869","33/18842",0.363636363636364,3.66593705919549,5.08629246082318,4.25510214964979e-05,0.00129876235837344,0.000999870187580478,"CCNB1/SKA3/CDCA8/KNL1/ZWINT/DUSP1/MAD2L1/INCENP/GEN1/NDC80/BIRC5/AURKB",12
"GO:2000352","negative regulation of endothelial cell apoptotic process","12/1869","33/18842",0.363636363636364,3.66593705919549,5.08629246082318,4.25510214964979e-05,0.00129876235837344,0.000999870187580478,"CDH5/TNFAIP3/TERT/FGA/GATA2/SEMA5A/RAMP2/GATA3/TEK/IL13/GAS6/ICAM1",12
"GO:0072593","reactive oxygen species metabolic process","39/1869","204/18842",0.191176470588235,1.92731249803292,4.41894771467625,4.62367096747698e-05,0.00140337454560349,0.00108040732864754,"MMP3/FOXM1/SOD3/CDKN1A/FYN/AGTR1/FPR2/FOXO3/NCF1C/HP/TGFBR2/CYGB/INAVA/TFAP2A/MAOB/TSPO/BST1/LCN2/MIR27B/PDGFB/CD36/SESN1/FBLN5/DHFR/NQO1/CD177/TYROBP/NOX5/PRKN/PRKCE/MB/EDN1/HBB/PID1/CAT/GPX3/NCF1/NCF2/CRYAB",39
"GO:0000022","mitotic spindle elongation","7/1869","12/18842",0.583333333333333,5.88077403245943,5.61217861097386,4.71898799166492e-05,0.00141804098753073,0.00109169849207431,"CDCA8/KIF4A/KIF23/INCENP/BIRC5/AURKB/PRC1",7
"GO:1904064","positive regulation of cation transmembrane transport","26/1869","115/18842",0.226086956521739,2.27925651941285,4.56614578990058,4.74927807398376e-05,0.00141804098753073,0.00109169849207431,"NOS1/OPRK1/CEMIP/ASPH/GPER1/ADCYAP1R1/FHL1/CTSS/LCN2/CAV1/STK39/KCNN4/ATP1B1/F2RL3/FXYD6/KCNE1/FXYD1/EDN1/P2RY6/CD19/ATP1B3/TESC/MS4A1/PLA2G1B/TRPC3/IL13",26
"GO:0010001","glial cell differentiation","33/1869","162/18842",0.203703703703704,2.05360363038266,4.46913681022336,4.75029375539468e-05,0.00141804098753073,0.00109169849207431,"SOX13/PTN/C5AR1/PTPRZ1/MYOC/AGER/FPR2/NTRK2/QKI/LDLR/ID2/OLIG1/GPR17/MDK/ADGRG6/ZNF365/SOX10/PRX/NOTCH1/TNFRSF21/FGF10/NDRG1/HRAS/S100B/SLC8A3/TPPP/SOX4/CDK1/C1QA/BMP2/IL6/EGR2/TENM4",33
"GO:0019216","regulation of lipid metabolic process","56/1869","331/18842",0.169184290030211,1.70560213630243,4.29770165230613,4.88668321686041e-05,0.00145078414848102,0.00111690626797747,"RXRA/PNPLA2/HCAR3/ADM/AGTR1/ACADL/MID1IP1/QKI/LDLR/DKK3/ID2/PDK4/GPER1/MIR27A/HNF4A/CES1/PDK1/GPR146/CH25H/INSIG1/PTGS2/FGFR4/UGT1A6/HCAR1/ACACB/ANGPTL4/TSPO/NME1/CAV1/MIR27B/PDGFB/PRMT3/ABHD6/SNAI1/PPARGC1A/NME2/EGR1/GPIHBP1/ZFP92/FABP3/CLSTN3/APOA1/EEF1A2/BMP2/EDN1/HCAR2/ABCG1/CEACAM1/C1QTNF2/PITPNM2/FABP5/ANGPTL3/PSAPL1/KAT2B/SORBS1/BMP6",56
"GO:0002009","morphogenesis of an epithelium","54/1869","316/18842",0.170886075949367,1.72275839648902,4.29955171499251,5.01484771986182e-05,0.00148074280771789,0.00113997035667523,"STARD13/EGF/MMP12/MAGED1/NDRG4/ADAMTS12/SLIT2/DLC1/FERMT1/NPNT/RHOB/LGR4/FGF2/MDK/KRT16/STIL/MMRN2/GPC3/SOX10/TCF21/GDNF/PAK1/LBX2/TGFBR2/TIMELESS/NOTCH1/FGF10/SAPCD2/TFAP2A/MTHFD1L/ACVRL1/TBX2/LCN2/PKHD1/NKD1/GRHL3/GREM1/VEGFA/RNF207/SIX1/KIF26B/SIX4/HBEGF/GATA3/RASIP1/BMP2/SOX17/CEACAM1/IRX1/FERMT2/KRT15/GJA1/PHLDB2/SULF1",54
"GO:0071674","mononuclear cell migration","40/1869","212/18842",0.188679245283019,1.90213715335615,4.38340291320261,5.06175072523097e-05,0.00148651306433405,0.00114441266864091,"EDNRB/S1PR1/NEDD9/CRTAM/C5AR1/AGER/FPR2/SLIT2/GPR35/PECAM1/DUSP1/GCSAML/CH25H/S100A12/MDK/CXCR1/TNFRSF14/XG/TBX21/SPN/CXCL13/CCL23/NBL1/JAM3/PF4/CCL19/STK39/ADTRP/ICAM2/PDGFB/CXCR2/JAM2/GREM1/CCL2/TNFSF11/GATA3/IL6/SPI1/CXCL16/GAS6",40
"GO:0046849","bone remodeling","18/1869","66/18842",0.272727272727273,2.74945279439661,4.7244360822707,5.19954058726022e-05,0.00151876903282714,0.00116924537268399,"S1PR1/EFNA2/PTN/P3H4/SFRP1/PDK4/LGR4/MDK/DCSTAMP/TNFAIP3/RUFY4/LEPR/ACP5/GREM1/TNFSF11/SPP1/IL6/GJA1",18
"GO:0002040","sprouting angiogenesis","38/1869","198/18842",0.191919191919192,1.9348001145754,4.38792428230508,5.26872201319628e-05,0.0015307468822297,0.0011784666859225,"STARD13/CLEC14A/KLF2/AGTR1/SLIT2/RECK/IL10/MIR27A/FGF2/PTGS2/ADGRG6/TSPAN18/TGFBR3/MMRN2/NOTCH1/CDH5/FOXC2/ACVRL1/KLF4/JCAD/MIR27B/ADTRP/CLIC3/E2F8/E2F2/GREM1/NR4A1/VEGFA/GATA2/MIR29C/CCBE1/SEMA5A/CDH13/RAMP2/SEMA6A/TEK/E2F7/CEACAM1",38
"GO:0045444","fat cell differentiation","37/1869","191/18842",0.193717277486911,1.95292720300074,4.39240793336701,5.34521968290664e-05,0.00154471162432084,0.00118921763601291,"GRK5/SOX13/ZBTB7A/SMAD6/SFRP1/NR4A2/PTPRQ/ID2/FFAR2/GPER1/MIR27A/LPL/PTGS2/GDF10/FOXO1/ZFP36/KLF4/MIR27B/ZFP36L2/CEBPB/E2F1/NR4A1/ADIRF/PPARGC1A/GATA2/SIX1/METRNL/RETN/SACK1A/BMP2/IL6/NR4A3/EGR2/FFAR4/ZBTB16/FERMT2/HMGA2",37
"GO:0007188","adenylate cyclase-modulating G protein-coupled receptor signaling pathway","51/1869","294/18842",0.173469387755102,1.7488016073203,4.29407088572327,5.38073328877667e-05,0.00154674729936104,0.00119078482863378,"S1PR1/RGS2/GRK5/GNA11/HCAR3/C5AR1/ADM/FPR2/NOS1/ADRA1B/OPRK1/TACR2/CHRM4/ADCY9/GPR35/GPER1/ADCYAP1R1/ADM2/GPR146/S1PR5/ADGRG6/RAMP3/HCAR1/RXFP1/MARCO/PTGER4/ADRA2C/ADGRG4/PALM/PF4/ADRB2/GNAZ/ADGRG3/VIPR1/ADRB1/S1PR4/CHRM1/ADGRD1/ADRA1D/AKAP12/AVPR2/GPBAR1/RAMP2/PTGER2/ADCY8/TAC1/FFAR4/CALCRL/PTH1R/PSAPL1/PTGIR",51
"GO:2001212","regulation of vasculogenesis","9/1869","20/18842",0.45,4.53659711075441,5.2510363049126,5.5409407230433e-05,0.00157801447490844,0.00121485629673426,"RRAS/ADM/DSP/HEY1/TMEM100/RAMP2/CD34/CEACAM1/EMP2",9
"GO:0072171","mesonephric tubule morphogenesis","14/1869","44/18842",0.318181818181818,3.20769492679605,4.86504537448061,5.54759368134572e-05,0.00157801447490844,0.00121485629673426,"MAGED1/NPNT/LGR4/FGF2/GPC3/TCF21/GDNF/GREM1/VEGFA/SIX1/KIF26B/SIX4/GATA3/BMP2",14
"GO:0110020","regulation of actomyosin structure organization","23/1869","97/18842",0.237113402061856,2.39041772158881,4.55581163148253,5.82333438178014e-05,0.00164782165084435,0.00126859831785729,"S1PR1/MYOC/SFRP1/DLC1/CCN2/ARHGEF15/PAK1/LIMCH1/PTGER4/SORBS3/CAV3/RHPN1/ARHGAP6/APOA1/ECT2/SYNPO/EDN1/TAC1/RHPN2/RGCC/FERMT2/CGNL1/PHLDB2",23
"GO:0007162","negative regulation of cell adhesion","51/1869","295/18842",0.172881355932203,1.74287346627853,4.26742933698126,5.89118296480258e-05,0.00165309126622048,0.00127265520423118,"CDKN2A/MMP12/VSIR/CRTAM/VSIG4/MYOC/CD274/FYN/PTPN1/DLC1/IL10/MIR27A/ZC3H8/DUSP1/EPHB2/EPCAM/MYADM/MDK/TNFRSF14/TBX21/SPN/NOTCH1/TNFRSF21/SPRY4/ACVRL1/JAM3/KLF4/ADTRP/ABCA12/CEBPB/VEGFA/MIR29C/FAM107A/EFNA5/SEMA5A/ARG1/CDH13/CORO2B/ARHGAP6/APOA1/FOXP3/FGL1/BMP2/PRKG1/SEMA6A/CEACAM1/SPI1/MUC21/RGCC/BMP6/PHLDB2",51
"GO:0006270","DNA replication initiation","13/1869","39/18842",0.333333333333333,3.36044230426253,4.89654150257653,5.90281070581214e-05,0.00165309126622048,0.00127265520423118,"GMNN/CDC6/TICRR/MCM2/ORC1/MCM6/ORC6/PRIM2/CDT1/DTL/MCM10/CDC45/MCM4",13
"GO:0042044","fluid transport","12/1869","34/18842",0.352941176470588,3.55811538098385,4.95410947466302,5.98533199522393e-05,0.00166306305905951,0.00128033212704327,"EDNRB/SLC26A6/AQP9/AQP6/SLC14A1/SLC4A11/AQP10/AVPR2/EDN1/HYAL2/CLDN18/PKP1",12
"GO:0000725","recombinational repair","37/1869","192/18842",0.192708333333333,1.94275570715177,4.3570012678624,5.99963849761945e-05,0.00166306305905951,0.00128033212704327,"PARPBP/SAMHD1/TONSL/HELB/RAD54B/RAD54L/BLM/HELLS/MCM2/BRCA2/MCM6/GINS4/ZNF365/ZGRF1/TIMELESS/UHRF1/GINS2/RMI2/FIGNL1/PSMD14/RIF1/RADX/HROB/RAD51/RECQL4/FANCB/POLQ/AUNIP/FEN1/CHEK1/GEN1/XRCC2/CDC45/PLK1/MCM4/RAD51AP1/PELI1",37
"GO:0045766","positive regulation of angiogenesis","36/1869","185/18842",0.194594594594595,1.96177172356948,4.362287480967,6.07537417743356e-05,0.00167550801553282,0.00128991304912895,"RRAS/ADAM12/C5AR1/GAB1/ADM/SASH1/IL10/ADM2/RHOB/ANXA3/FGF2/MDK/CAMP/TNFSF12/CDH5/ANGPTL4/HYAL1/FOXC2/KLF4/JCAD/MIR27B/TERT/CLIC3/GREM1/VEGFA/GATA2/CCBE1/SEMA5A/GATA6/RAMP2/TEK/CD34/ANGPT4/ANGPTL3/HMGA2/EMP2",36
"GO:0051338","regulation of transferase activity","49/1869","281/18842",0.174377224199288,1.75795380329748,4.24788284899212,6.52445082659394e-05,0.00178614994108327,0.00137509226774516,"NEDD9/CDKN2A/FIRRM/CCNE2/CDKN1A/CDC6/LATS2/SASH1/PTPN1/CEMIP/CDC20/RFC4/BLM/CEP85/GPRC5A/FGF2/S100A12/CHTF18/CDC25A/ZFP36/CDKN3/PKMYT1/BCCIP/SERTAD1/DSCC1/LDB2/FGR/UBE2C/POLG2/MAD2L1/PDGFB/CASS4/ADARB1/KIF14/TPX2/PIK3R5/EZH2/PRKN/DOK7/ECT2/TRAF4/EEF1A2/NEK7/ADCY8/CEACAM1/HMGA2/CDC25C/GAS6/EMP2",49
"GO:1990089","response to nerve growth factor","15/1869","50/18842",0.3,3.02439807383628,4.7563273352861,6.54231250277141e-05,0.00178614994108327,0.00137509226774516,"TMEM108/NTRK2/FOXO3/PTPN1/STMN2/BDNF/KAT2A/LCN2/CSNK1E/SORT1/FBXO43/E2F1/GRIA1/CRK/SH3GL2",15
"GO:0021537","telencephalon development","35/1869","180/18842",0.194444444444444,1.96025801081981,4.29558600484095,7.76167975997781e-05,0.00210846030679797,0.00162322736632462,"TMEM108/EFNA2/TACC1/NTRK2/NCAPG2/WDR62/SLIT2/KDM6B/SEMA3A/SRD5A1/ID2/FEZF1/PAX6/LRP8/EPHB2/ATIC/FEZ1/MDK/RARA/SUN2/SLC8A3/DAB2IP/KIF14/EPHA5/PHACTR1/DIXDC1/FOS/SHANK3/GRIA1/AVPR2/EZH2/RTN4RL2/COL3A1/KIF26A/BMP2",35
"GO:0051017","actin filament bundle assembly","32/1869","159/18842",0.20125786163522,2.02894629691323,4.32359776473219,7.83073097448324e-05,0.00211174465656668,0.00162575586847757,"S1PR1/NEDD9/MYOC/SFRP1/BAIAP2L2/DLC1/MYL9/HSP90B1/CCN2/ARHGEF15/PAK1/PDLIM1/LIMCH1/PTGER4/ARRB1/SORBS3/PHACTR1/RHPN1/SHANK3/FAM107A/PRKN/ARHGAP6/APOA1/SYNPO/TAC1/ZYX/RHPN2/RGCC/FERMT2/CGNL1/SORBS1/PHLDB2",32
"GO:0140013","meiotic nuclear division","33/1869","166/18842",0.198795180722892,2.00411920555416,4.31195981737254,7.85150783409662e-05,0.00211174465656668,0.00162575586847757,"SYCP2/MND1/C14orf39/FANCD2/SKA3/TDRKH/DCAF13/TOP2A/RAD54B/P3H4/TUBB8/RAD54L/KNL1/HORMAD1/ZWINT/BRCA2/SGO1/TRIP13/PTTG1/EME1/ESPL1/NUF2/FIGNL1/TESMIN/SGO2/FBXO43/RAD51/TTK/BRIP1/INCENP/NDC80/NCAPH/RAD51AP1",33
"GO:0071356","cellular response to tumor necrosis factor","38/1869","202/18842",0.188118811881188,1.89648724101945,4.25083417580639,8.23104954039381e-05,0.00220292079571229,0.00169594908185693,"TXNDC17/KLF2/ADAMTS12/SFRP1/FOXO3/ARHGEF2/GPER1/NPNT/TRAIP/TNFRSF14/CAMP/DCSTAMP/ZFP36/TNFRSF21/PELI3/HYAL1/TNFAIP3/KAT2A/NFKBIA/LCN2/MIR27B/DAB2IP/ZFP36L2/FOS/ANKRD1/MIR30C2/CCL2/AKAP12/COL1A1/PRKN/APOA1/TNFSF11/GATA3/EDN1/PID1/HYAL2/TRAF5/GAS6",38
"GO:0050890","cognition","41/1869","224/18842",0.183035714285714,1.84524287242987,4.22295383016975,8.36284375216452e-05,0.00222722206399558,0.00171465774978236,"NETO1/MGAT3/NEDD9/SOBP/PTN/C5AR1/PTPRZ1/NDRG4/FYN/MME/AGER/NTRK2/OPRK1/TACR2/LDLR/STRA6/SHROOM4/CLDN5/HLA-DRA/EPHB2/MDK/ARC/GRIN2B/KAT2A/S100B/SLC8A3/LCN2/CAMK2N1/CEBPB/CHRM1/FOS/SHANK3/GRIA1/FAM107A/SYT4/EGR1/SLC6A4/FEN1/ADCY8/TAC1/KAT2B",41
"GO:0072078","nephron tubule morphogenesis","15/1869","51/18842",0.294117647058824,2.96509615081988,4.66306282393329,8.42563562664797e-05,0.00223299894436968,0.00171910516113983,"MAGED1/NPNT/LGR4/FGF2/GPC3/TCF21/GDNF/GREM1/VEGFA/SIX1/KIF26B/SIX4/GATA3/BMP2/IRX1",15
"GO:0001763","morphogenesis of a branching structure","22/1869","93/18842",0.236559139784946,2.38483002237986,4.44248745252563,8.68117989829375e-05,0.00228955584405,0.00176264627359026,"MAGED1/SLIT2/NPNT/LGR4/FGF2/MDK/TCF21/GDNF/PAK1/TGFBR2/FGF10/BCL11A/FOXF1/TBX2/PKHD1/GREM1/VEGFA/SIX1/SIX4/RASIP1/BMP2/SULF1",22
"GO:0034767","positive regulation of monoatomic ion transmembrane transport","26/1869","119/18842",0.218487394957983,2.20264285489477,4.36716657465522,8.74145996342922e-05,0.00229431652083628,0.00176631134654269,"NOS1/OPRK1/CEMIP/ASPH/GPER1/ADCYAP1R1/FHL1/CTSS/LCN2/CAV1/STK39/KCNN4/ATP1B1/F2RL3/FXYD6/KCNE1/FXYD1/EDN1/P2RY6/CD19/ATP1B3/TESC/MS4A1/PLA2G1B/TRPC3/IL13",26
"GO:0050679","positive regulation of epithelial cell proliferation","34/1869","174/18842",0.195402298850575,1.96991445422286,4.26517131150785,8.81657829729889e-05,0.00230290720621273,0.00177292500464837,"EGF/PTN/SAAL1/MMP12/C5AR1/AGTR1/IL10/MIR27A/FGF2/MDK/TNFSF12/FGF10/HRAS/TNFAIP3/ACVRL1/NME1/EGFL7/JCAD/MIR27B/PKHD1/PDGFB/CDH3/ODAM/NR4A1/VEGFA/TGM1/NME2/GATA2/SEMA5A/CDH13/GPBAR1/NR4A3/TEK/BMP6",34
"GO:0051145","smooth muscle cell differentiation","16/1869","57/18842",0.280701754385965,2.82984615095792,4.59117370944837,9.18886005765313e-05,0.00238435292736328,0.00183562712098196,"EDNRB/ADM/QKI/RCAN1/GPER1/NPNT/TMEM204/ITGA8/NOTCH1/PDGFB/FOXO4/VEGFA/HEY1/GATA6/RAMP2/NFATC1",16
"GO:0010720","positive regulation of cell development","59/1869","362/18842",0.162983425414365,1.64308919296814,4.09969768870071,9.21616261266866e-05,0.00238435292736328,0.00183562712098196,"WNT2/SOX13/NEDD9/PTN/VSIR/PTPRZ1/MME/AGER/NTRK2/FOXO3/WDR62/SLIT2/QKI/ID2/IL10/GPER1/TRPV2/CLDN5/LRP8/PROC/HLA-DRA/BDNF/EPHB2/MACF1/MDK/ZNF365/SOX10/PAK1/TGFBR2/DCSTAMP/NOTCH1/CDH5/CDKL5/RARA/IL7R/BCL11A/TSPO/PF4/CCL19/BCL6/E2F1/VEGFA/SHANK3/TYROBP/EFNA5/SOX4/SEMA5A/TNFSF11/FOXP3/GATA3/BMP2/IL6/PTPRD/EGR2/TESC/SPI1/ZBTB16/TENM4/GAS6",59
"GO:0051255","spindle midzone assembly","7/1869","13/18842",0.538461538461538,5.42840679919332,5.30008551923024,9.34670469315538e-05,0.00239531351876949,0.00184406528406442,"CDCA8/KIF4A/KIF23/INCENP/BIRC5/AURKB/PRC1",7
"GO:2001214","positive regulation of vasculogenesis","7/1869","13/18842",0.538461538461538,5.42840679919332,5.30008551923024,9.34670469315538e-05,0.00239531351876949,0.00184406528406442,"RRAS/ADM/DSP/TMEM100/RAMP2/CD34/CEACAM1",7
"GO:0061138","morphogenesis of a branching epithelium","20/1869","81/18842",0.246913580246914,2.48921652167595,4.45707234402918,9.50846856815389e-05,0.00242532909534179,0.00186717319136108,"MAGED1/SLIT2/NPNT/LGR4/FGF2/MDK/TCF21/GDNF/PAK1/TGFBR2/FGF10/TBX2/PKHD1/GREM1/VEGFA/SIX1/SIX4/RASIP1/BMP2/SULF1",20
"GO:0035265","organ growth","25/1869","113/18842",0.221238938053097,2.23038206035124,4.3531059447396,9.57629368978868e-05,0.00242930947727489,0.00187023754351483,"WWC2/S1PR1/RGS2/CCNB1/NDRG4/LATS2/FGF2/TGFBR3/PAK1/NOTCH1/ACACB/FGF10/TBX2/STC1/LEPR/CAV3/FBLN5/RBP4/TBX5/CDK1/SLC6A4/EDN1/PRKG1/CLDN18/PSAPL1",25
"GO:1904018","positive regulation of vasculature development","36/1869","189/18842",0.19047619047619,1.92025274529287,4.21930576043636,9.61350152059823e-05,0.00242930947727489,0.00187023754351483,"RRAS/ADAM12/C5AR1/GAB1/ADM/SASH1/IL10/ADM2/RHOB/ANXA3/FGF2/MDK/CAMP/TNFSF12/CDH5/ANGPTL4/HYAL1/FOXC2/KLF4/JCAD/MIR27B/TERT/CLIC3/GREM1/VEGFA/GATA2/CCBE1/SEMA5A/GATA6/RAMP2/TEK/CD34/ANGPT4/ANGPTL3/HMGA2/EMP2",36
"GO:0033623","regulation of integrin activation","8/1869","17/18842",0.470588235294118,4.74415384131181,5.1249304148662,9.86859845577439e-05,0.00248222663936214,0.00191097655357413,"FERMT1/CXCL13/PTGER4/JAM3/KIF14/RASIP1/CDH17/FERMT2",8
"GO:0033002","muscle cell proliferation","39/1869","211/18842",0.184834123222749,1.86337322084699,4.18503446278734,9.91628967861403e-05,0.00248272819465023,0.00191136268285848,"S1PR1/CCNB1/CDKN1A/NDRG4/NPR1/ID2/IL10/ADAMTS1/GPER1/MIR27A/FGF2/TGFBR3/PAK1/JUN/NOTCH1/TNFAIP3/TBX2/KLF4/MIR27B/PDGFB/TERT/RBP4/FOS/PPARGC1A/SIX1/TBX5/CDH13/CDK1/HBEGF/BMP2/IL6/EDN1/P2RY6/PRKG1/NR4A3/RGCC/IL13/PTGIR/GJA1",39
"GO:1901654","response to ketone","37/1869","197/18842",0.187817258883249,1.89344718666569,4.18309882405071,0.000104975914694407,0.00261621167217758,0.00201412678658667,"CA9/SFRP1/FOXO3/SLIT2/SRD5A1/KLF9/DUSP1/FGF2/TGFBR3/SOX10/TBX21/ABCB4/PTGER4/TSPO/TBX2/AIFM1/CCL19/CAV1/STK39/JUND/FBP1/FOS/PSPH/TXNIP/PCNA/PRKN/SPP1/FOXP3/PTGER2/PTGDR2/EDN1/ADCY8/FOSB/CAD/NCF1/GHR/GAS6",37
"GO:0034612","response to tumor necrosis factor","40/1869","219/18842",0.182648401826484,1.84133824891097,4.155709574694,0.000106384045211015,0.00263919871064585,0.00203182367648882,"TXNDC17/KLF2/ADAMTS12/SFRP1/FOXO3/ARHGEF2/GPER1/NPNT/TRAIP/TNFRSF14/CAMP/DCSTAMP/ZFP36/TNFRSF21/PELI3/HYAL1/TNFAIP3/KAT2A/NFKBIA/LCN2/MIR27B/DAB2IP/ZFP36L2/SELE/FOS/ANKRD1/MIR30C2/CCL2/AKAP12/COL1A1/PRKN/APOA1/TNFSF11/GATA3/EDN1/PID1/HYAL2/CXCL16/TRAF5/GAS6",40
"GO:0001501","skeletal system development","56/1869","341/18842",0.164222873900293,1.65558447834635,4.0540170458157,0.000111792279361944,0.00276076115351564,0.00212541020659675,"ZNF219/MYOC/ADAMTS12/SRD5A1/PRKG2/PITX2/MMP13/SFRP4/FGF2/COL11A1/MDK/ADAMTS4/PITX1/ADGRG6/COL19A1/GDF10/TGFBR2/VCAN/HOXA4/PTGER4/NPR3/TFAP2A/MTHFD1L/HYAL1/ACVRL1/STC1/KAT2A/LEPR/FBLN5/SNORC/RBP4/TBX3/ARSL/GREM1/BCAN/SIX1/TYROBP/COL1A1/COL3A1/GATA3/HOXC11/DSCAML1/BMP2/PRKG1/CHRDL2/HYAL2/ZBTB16/COL10A1/WNT9A/PTH1R/SOX5/GHR/HMGA2/GJA1/BMP6/SULF1",56
"GO:0000079","regulation of cyclin-dependent protein serine/threonine kinase activity","11/1869","31/18842",0.354838709677419,3.57724503356979,4.76549410294561,0.000114782089281412,0.00282176964283218,0.00217237843697673,"CDKN2A/CCNE2/CDC6/LATS2/BLM/CDC25A/CDKN3/PKMYT1/BCCIP/SERTAD1/CDC25C",11
"GO:0001952","regulation of cell-matrix adhesion","26/1869","121/18842",0.214876033057851,2.16623553497915,4.27062810222966,0.000116945891844433,0.00284917950847894,0.00219348030163202,"CDKN2A/RRAS/MMP12/MYOC/PLPP3/SFRP1/DLC1/FERMT1/MACF1/LIMCH1/PEAK1/ACVRL1/BST1/PKHD1/CD36/GREM1/VEGFA/MIR29C/FAM107A/EFNA5/CDH13/ARHGAP6/TEK/FERMT2/PHLDB2/EMP2",26
"GO:0045664","regulation of neuron differentiation","26/1869","121/18842",0.214876033057851,2.16623553497915,4.27062810222966,0.000116945891844433,0.00284917950847894,0.00219348030163202,"EDNRB/NREP/SFRP1/FOXO3/WDR62/ARHGEF2/ID2/PCP4/CNTN4/NOTCH1/RARA/ADRA2C/BCL11A/NBL1/S100B/DIXDC1/FGF20/GATA2/SIX1/HEY1/WNT3A/SLC6A4/SH3GL3/ECT2/BMP2/BEND6",26
"GO:0006801","superoxide metabolic process","18/1869","70/18842",0.257142857142857,2.59234120614538,4.42901550745515,0.000119860189069133,0.002894224032056,0.00222815845190955,"SOD3/FPR2/NCF1C/CYGB/BST1/MIR27B/CD36/FBLN5/DHFR/NQO1/CD177/TYROBP/NOX5/PRKCE/MB/EDN1/NCF1/NCF2",18
"GO:0007080","mitotic metaphase chromosome alignment","18/1869","70/18842",0.257142857142857,2.59234120614538,4.42901550745515,0.000119860189069133,0.002894224032056,0.00222815845190955,"CCNB1/SKA3/CDCA8/CENPA/KIF18A/CDT1/NUF2/KIF14/SPDL1/CDK1/TTK/KIF2C/INCENP/NDC80/BIRC5/AURKB/CENPE/KAT2B",18
"GO:0014015","positive regulation of gliogenesis","14/1869","47/18842",0.297872340425532,3.00294844210694,4.56220560848093,0.000124015146482288,0.00298130217185075,0.00229519676373726,"PTN/PTPRZ1/QKI/ID2/MDK/ZNF365/SOX10/NOTCH1/TSPO/E2F1/BMP2/IL6/EGR2/TENM4",14
"GO:0030177","positive regulation of Wnt signaling pathway","29/1869","142/18842",0.204225352112676,2.05886253852704,4.20281498904535,0.000126864031780612,0.00303635367693422,0.00233757892730976,"EGF/RSPO1/SFRP1/RECK/ATP6V1C2/HSP90B1/PTK7/LGR4/MACF1/SFRP4/GPC3/LBX2/ZBED3/CSNK1E/FRAT1/CDH3/NKD1/TERT/DIXDC1/TMEM132A/DEPDC1B/WNT3A/SOX4/SEMA5A/COL1A1/BMP2/SCEL/RSPO4/SULF1",29
"GO:0061572","actin filament bundle organization","32/1869","163/18842",0.196319018404908,1.97915620373744,4.16625924979465,0.000127923715209163,0.00304828747689202,0.0023467663284732,"S1PR1/NEDD9/MYOC/SFRP1/BAIAP2L2/DLC1/MYL9/HSP90B1/CCN2/ARHGEF15/PAK1/PDLIM1/LIMCH1/PTGER4/ARRB1/SORBS3/PHACTR1/RHPN1/SHANK3/FAM107A/PRKN/ARHGAP6/APOA1/SYNPO/TAC1/ZYX/RHPN2/RGCC/FERMT2/CGNL1/SORBS1/PHLDB2",32
"GO:0003014","renal system process","26/1869","122/18842",0.213114754098361,2.14847950600391,4.22306302465626,0.000134813564475121,0.00319668194172987,0.00246100986227808,"EDNRB/WFS1/NPR1/ADM/AGTR1/ADCY9/ADM2/TMEM63C/AQP6/ABCG2/NPR3/PDE1C/STC1/STK39/CHRNB4/PDGFB/AVPR2/EDN1/ADCY8/CD34/HBB/HYAL2/HNF1A/GAS6/EMP2/SULF1",26
"GO:0051962","positive regulation of nervous system development","39/1869","214/18842",0.182242990654206,1.83725116634914,4.08749141129342,0.000135327967347298,0.00319668194172987,0.00246100986227808,"WNT2/PTN/PTPRZ1/MME/NTRK2/WDR62/SLIT2/QKI/ID2/LRRC15/GPER1/TRPV2/LRP8/BDNF/EPHB2/MACF1/MDK/ZNF365/SOX10/PAK1/NOTCH1/CDKL5/BCL11A/TSPO/SLITRK2/SYNDIG1/E2F1/VEGFA/SHANK3/EFNA5/SEMA5A/CLSTN3/LRRTM4/RTN4RL2/BMP2/IL6/PTPRD/EGR2/TENM4",39
"GO:0072028","nephron morphogenesis","15/1869","53/18842",0.283018867924528,2.85320573003422,4.483189080408,0.000136513578960671,0.00319688911419536,0.00246116935686967,"MAGED1/NPNT/LGR4/FGF2/GPC3/TCF21/GDNF/GREM1/VEGFA/SIX1/KIF26B/SIX4/GATA3/BMP2/IRX1",15
"GO:0072088","nephron epithelium morphogenesis","15/1869","53/18842",0.283018867924528,2.85320573003422,4.483189080408,0.000136513578960671,0.00319688911419536,0.00246116935686967,"MAGED1/NPNT/LGR4/FGF2/GPC3/TCF21/GDNF/GREM1/VEGFA/SIX1/KIF26B/SIX4/GATA3/BMP2/IRX1",15
"GO:0035150","regulation of tube size","27/1869","129/18842",0.209302325581395,2.11004516779275,4.19798726551668,0.000139243359826373,0.003202058138043,0.0024651488014623,"EDNRB/RGS2/KLF2/NPR1/GAB1/ADM/AGTR1/NOS1/ADRA1B/PECAM1/GPER1/DOCK4/ADRA2C/CAV1/ADRB2/ACE/ADRB1/ADRA1D/FGA/AVPR2/SLC6A4/EDN3/EDN1/PRKG1/HBB/SVEP1/KAT2B",27
"GO:0035296","regulation of tube diameter","27/1869","129/18842",0.209302325581395,2.11004516779275,4.19798726551668,0.000139243359826373,0.003202058138043,0.0024651488014623,"EDNRB/RGS2/KLF2/NPR1/GAB1/ADM/AGTR1/NOS1/ADRA1B/PECAM1/GPER1/DOCK4/ADRA2C/CAV1/ADRB2/ACE/ADRB1/ADRA1D/FGA/AVPR2/SLC6A4/EDN3/EDN1/PRKG1/HBB/SVEP1/KAT2B",27
"GO:0097746","blood vessel diameter maintenance","27/1869","129/18842",0.209302325581395,2.11004516779275,4.19798726551668,0.000139243359826373,0.003202058138043,0.0024651488014623,"EDNRB/RGS2/KLF2/NPR1/GAB1/ADM/AGTR1/NOS1/ADRA1B/PECAM1/GPER1/DOCK4/ADRA2C/CAV1/ADRB2/ACE/ADRB1/ADRA1D/FGA/AVPR2/SLC6A4/EDN3/EDN1/PRKG1/HBB/SVEP1/KAT2B",27
"GO:1902423","regulation of attachment of mitotic spindle microtubules to kinetochore","6/1869","10/18842",0.6,6.04879614767255,5.29928080299481,0.000139488328161168,0.003202058138043,0.0024651488014623,"CDCA8/CDK1/INCENP/BIRC5/AURKB/KAT2B",6
"GO:0060675","ureteric bud morphogenesis","13/1869","42/18842",0.30952380952381,3.12041071110092,4.5650236286997,0.000139681166706459,0.003202058138043,0.0024651488014623,"MAGED1/NPNT/LGR4/FGF2/TCF21/GDNF/GREM1/VEGFA/SIX1/KIF26B/SIX4/GATA3/BMP2",13
"GO:0032370","positive regulation of lipid transport","19/1869","77/18842",0.246753246753247,2.48760014731122,4.34044853140898,0.000142252680535676,0.003233718884311,0.00248952326543242,"RXRA/ECRG4/CES1/ABCA8/PON1/ABCB4/CAV1/ABCA12/ACSL5/FABP3/APOA1/TNFSF11/SPP1/ACSL1/RETN/EDN1/ABCG1/TAC1/BMP6",19
"GO:0048754","branching morphogenesis of an epithelial tube","19/1869","77/18842",0.246753246753247,2.48760014731122,4.34044853140898,0.000142252680535676,0.003233718884311,0.00248952326543242,"MAGED1/SLIT2/NPNT/LGR4/FGF2/MDK/TCF21/GDNF/PAK1/TGFBR2/FGF10/TBX2/PKHD1/GREM1/VEGFA/SIX1/SIX4/RASIP1/BMP2",19
"GO:0007599","hemostasis","40/1869","222/18842",0.18018018018018,1.81645529960137,4.06065769721398,0.000144047314541143,0.00326087108292513,0.00251042676155433,"MYL9/HNF4A/PROC/EPHB2/PEAR1/SCUBE1/PRRG3/F2RL2/F10/ANGPTL1/SERPING1/THBD/ANGPTL4/ADRA2C/DGKK/PF4/CAV1/ADTRP/PDGFB/CD36/FAP/CYP4F11/FGA/AVPR2/F2RL3/SLC6A4/COL3A1/FGL1/IL6/EDN1/PRKG1/TUBB1/FLI1/HBB/CEACAM1/ANGPT4/C4BPB/CPB2/SVEP1/ANGPTL7",40
"GO:0006979","response to oxidative stress","63/1869","400/18842",0.1575,1.58780898876404,3.94311578393555,0.000148614416118384,0.00335029926461071,0.00257927428567639,"MMP3/MGAT3/SOD3/KLF2/PYCR1/FYN/ERCC2/FOXO3/DUSP1/ADCYAP1R1/RHOB/GSS/PTGS2/PLK3/GPX2/HP/PDLIM1/FOXO1/ALDH3B1/CYGB/HYAL1/TNFAIP3/DGKK/MAP1LC3A/KLF4/SLC4A11/AIFM1/LCN2/PSMD14/CD36/NET1/SESN1/FBLN5/FOXO4/MSRA/TLDC2/DHFR/NQO1/PRKAA2/FOS/PPARGC1A/PENK/CDK1/COL1A1/TXNIP/CRK/PCNA/PRKN/ECT2/FOXP3/MB/MSRB3/IL6/EDN1/HBB/ENDOG/HYAL2/IL18RAP/CAT/GPX3/KAT2B/ANGPTL7/CRYAB",63
"GO:2001222","regulation of neuron migration","12/1869","37/18842",0.324324324324324,3.26961953928246,4.5855831690909,0.000152524321991903,0.00342423405529756,0.00263619400817695,"ULK4/WDR62/ARHGEF2/MDK/IGSF10/DAB2IP/PHACTR1/NTNG2/COL3A1/KIF26A/SEMA6A/KIF20B",12
"GO:0000724","double-strand break repair via homologous recombination","35/1869","186/18842",0.188172043010753,1.89702388143852,4.07970284015008,0.000153174994753035,0.003424690314787,0.00263654526586343,"PARPBP/SAMHD1/TONSL/HELB/RAD54B/RAD54L/BLM/HELLS/MCM2/BRCA2/MCM6/GINS4/ZNF365/TIMELESS/UHRF1/GINS2/RMI2/FIGNL1/PSMD14/RIF1/RADX/RAD51/RECQL4/FANCB/POLQ/AUNIP/FEN1/CHEK1/GEN1/XRCC2/CDC45/PLK1/MCM4/RAD51AP1/PELI1",35
"GO:0010586","miRNA metabolic process","23/1869","103/18842",0.223300970873786,2.2511700873215,4.22512030493356,0.000154715850738475,0.00343884166823737,0.00264743988129304,"SMAD6/FOXO3/QKI/IL10/PAX6/FGF2/XPO5/JUN/ZNF512B/RARA/HRAS/KLF4/PDGFB/TERT/FOS/VEGFA/GATA2/EGR1/ATOH8/GATA3/BMP2/IL6/SPI1",23
"GO:0006275","regulation of DNA replication","26/1869","123/18842",0.211382113821138,2.13101219294697,4.17595529091941,0.000155073846625834,0.00343884166823737,0.00264743988129304,"GMNN/CCNA2/CDKN1A/ID3/DACH1/CDC6/AGER/TICRR/MCM2/ESCO2/MCM6/CDT1/CDC25A/ATAD5/TIMELESS/DSCC1/ACVRL1/DTL/E2F8/BCL6/SLFN11/CDK1/PCNA/E2F7/ENDOG/MCM4",26
"GO:0007611","learning or memory","34/1869","179/18842",0.189944134078212,1.91488891080882,4.08113979158784,0.000156722723140067,0.00346127867813001,0.00266471332407914,"NETO1/NEDD9/PTN/PTPRZ1/NDRG4/FYN/MME/AGER/NTRK2/OPRK1/TACR2/LDLR/STRA6/CLDN5/EPHB2/MDK/ARC/GRIN2B/KAT2A/S100B/SLC8A3/LCN2/CAMK2N1/CEBPB/FOS/SHANK3/GRIA1/SYT4/EGR1/SLC6A4/FEN1/ADCY8/TAC1/KAT2B",34
"GO:0090266","regulation of mitotic cell cycle spindle assembly checkpoint","11/1869","32/18842",0.34375,3.46545612627073,4.63185749976705,0.000159321359370211,0.00348495783498696,0.00268294305090766,"CCNB1/SKA3/CDCA8/KNL1/DUSP1/MAD2L1/INCENP/GEN1/NDC80/BIRC5/AURKB",11
"GO:1903504","regulation of mitotic spindle checkpoint","11/1869","32/18842",0.34375,3.46545612627073,4.63185749976705,0.000159321359370211,0.00348495783498696,0.00268294305090766,"CCNB1/SKA3/CDCA8/KNL1/DUSP1/MAD2L1/INCENP/GEN1/NDC80/BIRC5/AURKB",11
"GO:0034764","positive regulation of transmembrane transport","33/1869","172/18842",0.191860465116279,1.93420807047669,4.084256408056,0.000159719216070634,0.00348495783498696,0.00268294305090766,"SLC26A6/NOS1/OPRK1/CEMIP/ASPH/GPER1/ADCYAP1R1/FHL1/CA2/CTSS/LCN2/CAV1/STK39/KCNN4/ACSL5/PTPRM/ATP1B1/F2RL3/ACSL1/FXYD6/KCNE1/FXYD1/EDN1/P2RY6/CD19/NR4A3/ATP1B3/TESC/MS4A1/PLA2G1B/TRPC3/IL13/SORBS1",33
"GO:0051447","negative regulation of meiotic cell cycle","8/1869","18/18842",0.444444444444444,4.4805897390167,4.90241927171484,0.000162205980135789,0.00352506036031096,0.00271381653539051,"KNL1/HORMAD1/ZWINT/DUSP1/TRIP13/PKMYT1/FBXO43/TTK",8
"GO:0051494","negative regulation of cytoskeleton organization","30/1869","151/18842",0.198675496688742,2.00291263167965,4.10594025813488,0.000164257495058326,0.00355542219383222,0.00273719101339449,"S1PR1/MYOC/TMOD1/SLIT2/BMERB1/MID1IP1/ARHGEF2/STMN2/DLC1/CKAP2/MYADM/CDH5/KANK2/RDX/KAT2A/CAV3/RHPN1/TPX2/SHANK3/KANK3/SPTBN1/PRKN/ARHGAP6/GAS2L1/CCNF/RHPN2/SPTBN2/CGNL1/KAT2B/PHLDB2",30
"GO:0045916","negative regulation of complement activation","7/1869","14/18842",0.5,5.04066345639379,5.01870793798216,0.000170911422292089,0.00367609885657923,0.00283009561340811,"VSIG4/CD55/SERPING1/CR2/A2M/MASP1/C4BPB",7
"GO:0042060","wound healing","62/1869","394/18842",0.157360406091371,1.58640169693612,3.90342648220685,0.000171294663705088,0.00367609885657923,0.00283009561340811,"MMP12/CDKN1A/FERMT1/MYL9/HNF4A/PROC/EPHB2/MACF1/FGF2/AHNAK/PEAR1/SCUBE1/PRRG3/PAK1/F2RL2/F10/ANGPTL1/DSP/SERPING1/THBD/FGF10/ANGPTL4/ADRA2C/SLC11A1/HRAS/FOXC2/TNFAIP3/ACVRL1/DGKK/PF4/CAV1/ADTRP/PDGFB/CD36/FAP/ARHGEF19/ODAM/VEGFA/CYP4F11/FGA/GATA2/CRK/HBEGF/F2RL3/SLC6A4/PRKCE/COL3A1/FGL1/IL6/EDN1/PRKG1/TUBB1/CD34/HBB/CEACAM1/ANGPT4/C4BPB/FERMT2/CPB2/SVEP1/ANGPTL7/PHLDB2",62
"GO:0061333","renal tubule morphogenesis","15/1869","54/18842",0.277777777777778,2.80036858688544,4.39638128770193,0.000171862527069966,0.00367609885657923,0.00283009561340811,"MAGED1/NPNT/LGR4/FGF2/GPC3/TCF21/GDNF/GREM1/VEGFA/SIX1/KIF26B/SIX4/GATA3/BMP2/IRX1",15
"GO:0070301","cellular response to hydrogen peroxide","16/1869","60/18842",0.266666666666667,2.68835384341002,4.34655818592877,0.000178265959012575,0.00379811355025615,0.00292403031506293,"KLF2/FYN/RHOB/TNFAIP3/MAP1LC3A/KLF4/AIFM1/LCN2/NET1/CDK1/PCNA/ECT2/IL6/EDN1/IL18RAP/CAT",16
"GO:0030574","collagen catabolic process","13/1869","43/18842",0.302325581395349,3.04784302014508,4.46108846897292,0.000182184840100614,0.00386644623541654,0.00297663717904286,"MMP3/MMP7/MMP12/VSIR/MMP13/CST3/ADAMTS14/CTSS/MMP25/FAP/MMP1/MMP23B/MMP19",13
"GO:0030308","negative regulation of cell growth","30/1869","152/18842",0.197368421052632,1.98973557489229,4.06549699039354,0.000185569043655488,0.00392294402404773,0.00302013278403351,"RGS2/CDKN2A/SEMA3G/CDKN1A/NPR1/LATS2/SFRP1/SLIT2/HNF4A/PAK1/MINAR1/DCSTAMP/FHL1/BCL11A/HYAL1/ACVRL1/WFDC1/CDKN2D/CAV3/SESN1/BCL6/FBP1/SEMA5A/SPP1/SOX17/HYAL2/CYP27B1/CDHR2/GJA1/CRYAB",30
"GO:0048568","embryonic organ development","43/1869","248/18842",0.173387096774194,1.74797200503978,3.93461361521554,0.000201879991988565,0.00425121704059641,0.00327285831193164,"SOBP/MYO3B/ID3/NDRG4/GCM1/STRA6/ID2/PITX2/MFAP2/PPIL1/EPHB2/STIL/TCF21/GDNF/TGFBR2/NOTCH1/HOXA4/TFAP2A/MTHFD1L/FOXF1/TBX2/PDGFB/PLK4/RBP4/E2F8/TBX3/FOXF2/VEGFA/RNF207/SIX1/HEY1/CITED2/TMIE/NECTIN1/GATA3/HOXC11/DSCAML1/EDN1/SOX17/E2F7/TTC39C/LMO2/TAL1",43
"GO:0046033","AMP metabolic process","9/1869","23/18842",0.391304347826087,3.94486705282993,4.68930693320015,0.000204632721971482,0.0042925466350234,0.00330467647255657,"ATIC/PFAS/PAICS/AMPD3/AK1/NT5E/XDH/AK4/PPAT",9
"GO:0030856","regulation of epithelial cell differentiation","28/1869","139/18842",0.201438848920863,2.03077088890685,4.04754073029951,0.000209727568298014,0.00438249953293504,0.00337392795673182,"APOLD1/MAFF/ALOX15B/CLDN5/PROC/SFRP4/FGF2/GDNF/ZFP36/NOTCH1/CDH5/ACVRL1/CAV1/ABCA12/CEBPB/VEGFA/NME2/ETV4/ATOH8/TMEM100/GATA3/BMP2/CEACAM1/ZBED2/CYP27B1/IL13/PKP1/BMP6",28
"GO:0022617","extracellular matrix disassembly","18/1869","73/18842",0.246575342465753,2.48580663602982,4.22066104940504,0.000213031840960649,0.00443449039057167,0.00341395383848182,"MMP3/MMP7/MMP12/ADAMTS15/TPSAB1/RECK/TIMP3/MMP13/ADAMTS4/CST3/FGFR4/CTSS/FAP/CTSV/MIR29C/MMP1/IL6/MMP19",18
"GO:0031297","replication fork processing","16/1869","61/18842",0.262295081967213,2.64428246892789,4.26834295889015,0.000219657632621368,0.00454090938910497,0.00349588197825243,"EXO1/SAMHD1/TONSL/HLTF/BLM/BRCA2/TRAIP/ZNF365/TIMELESS/EME1/DDX11/FAM111B/RAD51/PCNA/POLQ/GEN1",16
"GO:0071621","granulocyte chemotaxis","24/1869","112/18842",0.214285714285714,2.16028433845448,4.0867857714959,0.000219815786735617,0.00454090938910497,0.00349588197825243,"CD300H/C5AR1/CXCL5/CXCL3/SLIT2/GPR35/DAPK2/S100A12/MDK/CXCR1/CXCL13/BST1/JAM3/PF4/CCL19/CXCR2/VEGFA/CCL2/S100A8/EDN3/EDN1/TREM1/PPBP/PLA2G1B",24
"GO:0010594","regulation of endothelial cell migration","41/1869","234/18842",0.175213675213675,1.76638633942005,3.9145618100043,0.000223194190433599,0.00458474328594267,0.00352962811076922,"STARD13/EGF/RRAS/PTN/GAB1/PLPP3/SASH1/SLIT2/MIR27A/RHOB/ANXA3/FGF2/PTGS2/TGFBR3/MMRN2/CXCL13/NOTCH1/FOXC2/ACVRL1/STC1/KLF4/LCN2/JCAD/MIR27B/PDGFB/DAB2IP/GREM1/VEGFA/GATA2/MIR29C/DCN/SEMA5A/ATOH8/PTPRM/GATA3/EDN1/TEK/CEACAM1/ANGPT4/RGCC/EMP2",41
"GO:0050769","positive regulation of neurogenesis","33/1869","175/18842",0.188571428571429,1.90105021783995,3.97381895006048,0.000223625431764183,0.00458474328594267,0.00352962811076922,"WNT2/PTN/PTPRZ1/MME/NTRK2/WDR62/SLIT2/QKI/ID2/GPER1/TRPV2/LRP8/BDNF/EPHB2/MACF1/MDK/ZNF365/SOX10/PAK1/NOTCH1/CDKL5/BCL11A/TSPO/E2F1/VEGFA/SHANK3/EFNA5/SEMA5A/BMP2/IL6/PTPRD/EGR2/TENM4",33
"GO:1902904","negative regulation of supramolecular fiber organization","30/1869","154/18842",0.194805194805195,1.96389485314044,3.9855285899541,0.000235729089665908,0.00481472234644691,0.00370668067537692,"S1PR1/MYOC/TMOD1/SLIT2/BMERB1/MID1IP1/ARHGEF2/LDLR/STMN2/DLC1/PFDN4/CKAP2/MYADM/CDH5/KANK2/RDX/CAV3/RHPN1/TPX2/SHANK3/KANK3/SPTBN1/PRKN/ARHGAP6/GAS2L1/RHPN2/SPTBN2/CGNL1/CRYAB/PHLDB2",30
"GO:0050767","regulation of neurogenesis","47/1869","281/18842",0.167259786476868,1.68620058683636,3.84574850222957,0.00024963510771448,0.00507374414310074,0.00390609219260941,"WNT2/SEMA3G/PTN/PTPRZ1/MME/HLTF/NOS1/NTRK2/WDR62/SLIT2/QKI/LDLR/ID2/NEGR1/FEZF1/GPER1/TRPV2/PAX6/LRP8/BDNF/EPHB2/MACF1/MDK/ZNF365/SOX10/PAK1/NOTCH1/CDKL5/HES2/BCL11A/TSPO/CNTFR/E2F1/VEGFA/SHANK3/HEY1/WNT3A/SYT4/EFNA5/SEMA5A/SPP1/IGDCC4/BMP2/IL6/PTPRD/EGR2/TENM4",47
"GO:0030900","forebrain development","44/1869","258/18842",0.170542635658915,1.71929606264595,3.86033733841058,0.000250278562553101,0.00507374414310074,0.00390609219260941,"TMEM108/EFNA2/SEMA3G/TACC1/NTRK2/NCAPG2/WDR62/SLIT2/KDM6B/SEMA3A/DLC1/SRD5A1/ID2/FEZF1/PITX2/PAX6/LRP8/EPHB2/ATIC/FEZ1/MDK/STIL/SSTR1/RARA/SUN2/SLC8A3/PCDH9/DAB2IP/KIF14/EPHA5/PHACTR1/DIXDC1/FOS/SHANK3/GRIA1/WNT3A/TYROBP/SEMA5A/AVPR2/EZH2/RTN4RL2/COL3A1/KIF26A/BMP2",44
"GO:0032102","negative regulation of response to external stimulus","64/1869","416/18842",0.153846153846154,1.55097337119809,3.77084830203692,0.000258792429097589,0.00522683742485949,0.00402395317569267,"SAMHD1/MMP12/VSIG4/FYN/IL36RN/FPR2/SLIT2/LDLR/IL10/GPER1/DUSP1/PROC/FGF2/MDK/RIN3/CST7/CXCL13/NOTCH1/CDH5/SERPING1/THBD/PTGER4/CLEC12A/FGR/TNFAIP3/NBL1/KLF4/PF4/ADTRP/PDGFB/NLRP6/FAP/GREM1/FGA/MIR30C2/METRNL/CCL2/KLRD1/NECTIN4/SEMA5A/ARG1/SMPDL3B/CRK/APOA1/NFATC1/SPP1/FOXP3/A2M/IL37/IL22RA2/GATA3/EDN1/PRKG1/NR4A3/TEK/CEACAM1/AURKB/FFAR4/NLRP12/IL13/CPB2/MEFV/IL18R1/PHLDB2",64
"GO:0009410","response to xenobiotic stimulus","58/1869","368/18842",0.157608695652174,1.58890478516761,3.78587127078861,0.000261976804342269,0.00527155547404277,0.00405837998513694,"AOX1/CCNB1/NR1I2/CA9/FYN/CENPF/DNMT3A/SFRP1/NOS1/FOXO3/SRD5A1/IL10/HNF4A/ADCYAP1R1/CYP3A7/KCNK3/S100A12/MDK/ALDH2/PFAS/SOX10/UGT1A6/TGFBR2/TSPO/LCN2/MIR27B/CES3/RBP4/NQO1/FBP1/FOS/ANKRD1/GRIA1/SULT1C4/ALDH3A1/RAD51/GATA6/CDH13/COL1A1/TXNIP/OTC/PTPRM/PRKN/FABP3/CTPS1/SLC6A4/FMO2/PRKCE/ACSL1/GATA3/CYP2A7/EDN1/CAT/ABCC3/FOSB/CAD/CYP1A2/GAS6",58
"GO:1901976","regulation of cell cycle checkpoint","15/1869","56/18842",0.267857142857143,2.7003554230681,4.22857351412132,0.000266879427259548,0.00535039087933994,0.00411907251366171,"CCNB1/SKA3/CDCA8/WDR76/KNL1/ZWINT/BRCA2/DUSP1/MAD2L1/RAD51/INCENP/GEN1/NDC80/BIRC5/AURKB",15
"GO:0007613","memory","20/1869","87/18842",0.229885057471264,2.31754641673278,4.08737360566915,0.000269698395659482,0.00536729444548705,0.00413208595815009,"NETO1/PTN/LDLR/MDK/ARC/KAT2A/SLC8A3/LCN2/CAMK2N1/CEBPB/FOS/SHANK3/GRIA1/SYT4/EGR1/SLC6A4/FEN1/ADCY8/TAC1/KAT2B",20
"GO:0051492","regulation of stress fiber assembly","20/1869","87/18842",0.229885057471264,2.31754641673278,4.08737360566915,0.000269698395659482,0.00536729444548705,0.00413208595815009,"S1PR1/MYOC/SFRP1/DLC1/CCN2/ARHGEF15/PAK1/LIMCH1/PTGER4/SORBS3/RHPN1/ARHGAP6/APOA1/SYNPO/TAC1/RHPN2/RGCC/FERMT2/CGNL1/PHLDB2",20
"GO:0003015","heart process","42/1869","244/18842",0.172131147540984,1.73531037023393,3.83627562427004,0.00027919204987759,0.00551262636672604,0.00424397175035356,"EDNRB/RGS2/SCN7A/TNNI2/GLRX3/FYN/ADM/NOS1/ADRA1B/PTPN1/MYLK2/ASPH/ADM2/RAMP3/DSP/NMU/TBX2/STC1/SLC8A3/CAV1/ADRB2/SLC4A3/CAV3/ACE/SGCD/ADRB1/SGCG/RNF207/TBX5/GATA6/JPH4/ATP1B1/SCN4B/EDN3/KCNE1/FXYD1/KCNH6/EDN1/TAC1/TNNC1/CELF2/GJA1",42
"GO:0051987","positive regulation of attachment of spindle microtubules to kinetochore","6/1869","11/18842",0.545454545454545,5.49890558879323,4.95272084585884,0.000281059728250159,0.00551262636672604,0.00424397175035356,"CCNB1/CDCA8/INCENP/BIRC5/AURKB/KAT2B",6
"GO:0060343","trabecula formation","6/1869","11/18842",0.545454545454545,5.49890558879323,4.95272084585884,0.000281059728250159,0.00551262636672604,0.00424397175035356,"ADGRG6/TGFBR3/RBP4/GREM1/HEY1/TEK",6
"GO:1990839","response to endothelin","6/1869","11/18842",0.545454545454545,5.49890558879323,4.95272084585884,0.000281059728250159,0.00551262636672604,0.00424397175035356,"EDNRB/KLF2/KLF15/KLF11/KLF4/CRK",6
"GO:0034501","protein localization to kinetochore","7/1869","15/18842",0.466666666666667,4.70461922596754,4.76294936293181,0.00029303603598669,0.00564880841221589,0.00434881338399896,"KNTC1/KNL1/MTBP/SPDL1/CDK1/TTK/AURKB",7
"GO:0072574","hepatocyte proliferation","7/1869","15/18842",0.466666666666667,4.70461922596754,4.76294936293181,0.00029303603598669,0.00564880841221589,0.00434881338399896,"PTN/MDK/TNFAIP3/CEBPB/FGL1/IL6/CEACAM1",7
"GO:0090235","regulation of metaphase plate congression","7/1869","15/18842",0.466666666666667,4.70461922596754,4.76294936293181,0.00029303603598669,0.00564880841221589,0.00434881338399896,"CDCA8/SPAG5/CDK1/INCENP/BIRC5/AURKB/KAT2B",7
"GO:0035633","maintenance of blood-brain barrier","11/1869","34/18842",0.323529411764706,3.26160576590187,4.37988162539321,0.000293201540998506,0.00564880841221589,0.00434881338399896,"LSR/PECAM1/CLDN5/ESAM/CDH5/JAM3/JAM2/VEGFA/IL6/SH3GL2/GJA1",11
"GO:0051383","kinetochore organization","11/1869","34/18842",0.323529411764706,3.26160576590187,4.37988162539321,0.000293201540998506,0.00564880841221589,0.00434881338399896,"KNTC1/CENPF/CENPI/CENPA/OIP5/DLGAP5/CENPK/NUF2/HJURP/CENPH/CENPE",11
"GO:0071248","cellular response to metal ion","30/1869","156/18842",0.192307692307692,1.93871671399761,3.90675338753841,0.000297612212475544,0.00571352349957466,0.00439863519021279,"CCNB1/ABCB6/MT2A/MT1A/ASPH/HSP90B1/KCNK3/MT1E/SLC11A1/TFAP2A/TSPO/MAP1LC3A/STK39/MT1M/KCNJ10/TFR2/RASAL1/CPNE4/FBP1/PRKAA2/MCOLN1/ITPKB/PRKN/ECT2/NEK7/EDN1/ADCY8/CPNE7/ENDOG/BMP6",30
"GO:0030261","chromosome condensation","13/1869","45/18842",0.288888888888889,2.91238333036086,4.26200794996426,0.000301169124741049,0.00576145019266944,0.00443553221860743,"CCNB1/TOP2A/NCAPG2/ERN2/GPER1/NUSAP1/H1-10/CDK1/CTPS1/NCAPG/NCAPH/PLK1/HMGA2",13
"GO:0008037","cell recognition","26/1869","128/18842",0.203125,2.04776952915998,3.94697846103316,0.000302696621655566,0.00577035349282347,0.00444238654752888,"NEDD9/ROBO4/CRTAM/SFTPA1/PECAM1/EPHB2/IGSF9/CNTN4/IZUMO1/SPACA4/CLEC4M/VCAN/TNFRSF21/CCL19/EPHA5/CFP/EFNA5/SEMA5A/DSCAML1/PRF1/CNTN6/MASP1/PCDH12/C4BPB/FCN3/ST6GALNAC6",26
"GO:0031960","response to corticosteroid","28/1869","142/18842",0.197183098591549,1.98786727857783,3.92102209165871,0.000304047540280236,0.0057758401620368,0.00444661053580522,"FOXO3/SLIT2/SRD5A1/IL10/GPER1/KLF9/DUSP1/MDK/UGT1A6/ZFP36/TBX21/TBX2/STC1/S100B/AIFM1/STK39/ZFP36L2/FOS/FAM107A/PCNA/PRKN/CDO1/IL6/EDN1/FOSB/CAD/GHR/BMP6",28
"GO:0071216","cellular response to biotic stimulus","42/1869","245/18842",0.171428571428571,1.72822747076359,3.80720247581471,0.000305311854147126,0.00577964914139838,0.00444954293131561,"EDNRB/MMP3/NR1I2/WFS1/CD274/IL36RN/CXCL5/SASH1/OPRK1/IL10/TLR10/CD55/EPHB2/KMO/IL36G/CAMP/ZFP36/CXCL13/NOTCH1/RARA/EME1/TNFAIP3/TSPO/PF4/ARID5A/LCN2/CD36/DAB2IP/CEBPB/ANKRD1/CCL2/TXNIP/PLSCR4/PRKCE/IL37/IL6/CD68/IL18RAP/SPI1/PPBP/BMP6/IL18R1",42
"GO:0045687","positive regulation of glial cell differentiation","10/1869","29/18842",0.344827586206897,3.47631962509917,4.42847289188,0.000307158914666212,0.00579442494229698,0.00446091828626095,"PTN/PTPRZ1/QKI/ID2/MDK/ZNF365/NOTCH1/BMP2/EGR2/TENM4",10
"GO:0032231","regulation of actin filament bundle assembly","22/1869","101/18842",0.217821782178218,2.19593259486462,3.99897168475087,0.000309887804029412,0.00582567626052524,0.00448497754638469,"S1PR1/MYOC/SFRP1/DLC1/CCN2/ARHGEF15/PAK1/LIMCH1/PTGER4/SORBS3/RHPN1/SHANK3/PRKN/ARHGAP6/APOA1/SYNPO/TAC1/RHPN2/RGCC/FERMT2/CGNL1/PHLDB2",22
"GO:0042391","regulation of membrane potential","64/1869","419/18842",0.152744630071599,1.5398685499246,3.70844791422939,0.000316258905180158,0.00592494700635793,0.00456140250482073,"TMEM108/GNA11/CDKN2A/SCN7A/KCNA10/CHRNG/MYOC/PYCR1/NOS1/RIMS4/KCNC4/GPER1/HTR3C/KCNK3/STX1A/CHRNB1/KCNH3/GRIN2B/DSP/KCNMB3/GLRA3/FHL1/SLC24A4/RNF122/TSPO/SLC4A11/SLC8A3/KCNH8/CAV1/ADRB2/SLC4A3/CAV3/CHRNB4/KCNN4/CD36/POPDC3/CHRNA5/KCNA6/CHRM1/SHANK3/GRIA1/RNF207/KCNK5/P2RX6/DCN/TBX5/PRKN/ATP1B1/ACTN2/SLC6A4/SCN4B/KCNE1/FXYD1/KCNH6/EDN1/ATP1B3/TAC1/PID1/HTR3A/GRIK4/KCNA4/GJA1/GRID1/CHRNA2",64
"GO:0045005","DNA-templated DNA replication maintenance of fidelity","17/1869","69/18842",0.246376811594203,2.48380518141143,4.09743344911578,0.000319389197125003,0.00595486130367345,0.00458443244087898,"EXO1/SAMHD1/TONSL/HLTF/BLM/BRCA2/TRAIP/ZNF365/TIMELESS/EME1/DDX11/FAM111B/RAD51/SLFN11/PCNA/POLQ/GEN1",17
"GO:0045685","regulation of glial cell differentiation","14/1869","51/18842",0.274509803921569,2.76742307409855,4.19399571239926,0.000321276831418224,0.00595486130367345,0.00458443244087898,"PTN/PTPRZ1/QKI/LDLR/ID2/MDK/ZNF365/NOTCH1/TNFRSF21/CDK1/BMP2/IL6/EGR2/TENM4",14
"GO:1904707","positive regulation of vascular associated smooth muscle cell proliferation","14/1869","51/18842",0.274509803921569,2.76742307409855,4.19399571239926,0.000321276831418224,0.00595486130367345,0.00458443244087898,"IL10/ADAMTS1/MIR27A/FGF2/PAK1/JUN/MIR27B/PDGFB/TERT/EDN1/P2RY6/NR4A3/RGCC/GJA1",14
"GO:0034599","cellular response to oxidative stress","41/1869","238/18842",0.172268907563025,1.73669917405164,3.79535859951636,0.000322239871761457,0.00595486130367345,0.00458443244087898,"MMP3/MGAT3/SOD3/KLF2/PYCR1/FYN/FOXO3/ADCYAP1R1/RHOB/GPX2/FOXO1/ALDH3B1/CYGB/TNFAIP3/MAP1LC3A/KLF4/SLC4A11/AIFM1/LCN2/CD36/NET1/FBLN5/MSRA/DHFR/NQO1/PRKAA2/FOS/PPARGC1A/PENK/CDK1/PCNA/PRKN/ECT2/MB/IL6/EDN1/ENDOG/IL18RAP/CAT/GPX3/KAT2B",41
"GO:1904645","response to amyloid-beta","15/1869","57/18842",0.263157894736842,2.65298076652305,4.14740978825545,0.000329376151074911,0.00606610382640676,0.00467007403755382,"MMP3/MMP12/FYN/AGER/FPR2/FOXO3/MMP13/EPHB2/RAMP3/LCN2/ADRB2/CD36/TYROBP/GJA1/ICAM1",15
"GO:0033044","regulation of chromosome organization","42/1869","246/18842",0.170731707317073,1.72120215584178,3.77826243977278,0.00033359944792201,0.00612312770459554,0.00471397465987597,"CCNB1/KNTC1/SKA3/CDCA8/CDC6/CENPF/KNL1/CDC20/ZWINT/DUSP1/SPC24/DLGAP5/CCT6A/TRIP13/ESPL1/NUF2/UBE2C/RMI2/MAD2L1/KLF4/DDX11/NEK2/SPDL1/CDK1/CTPS1/NCAPG/BUB1/TTK/FEN1/PIF1/INCENP/GEN1/NEK7/NDC80/BIRC5/AURKB/NCAPH/CENPE/PLK1/KAT2B/TAL1/BUB1B",42
"GO:0010038","response to metal ion","50/1869","308/18842",0.162337662337662,1.6365790442837,3.73783767080307,0.000335307720717301,0.00613376042645487,0.00472216040804725,"CCNB1/ABCB6/MT2A/DNMT3A/MT1A/ASPH/HSP90B1/DUSP1/KCNK3/MT1E/KCNMB3/NDRG1/SLC11A1/TFAP2A/TSPO/MAP1LC3A/LCN2/CAV1/STK39/TESMIN/MT1M/KCNJ10/TFR2/RASAL1/JUND/TERT/CPNE4/FBP1/PRKAA2/MCOLN1/GRIA1/FGA/ITPKB/PENK/CDK1/TXNIP/PCNA/OTC/PRKN/S100A8/ECT2/NEK7/EDN1/ADCY8/CPNE7/ENDOG/CAT/TRPC3/TNNC1/BMP6",50
"GO:0051384","response to glucocorticoid","25/1869","122/18842",0.204918032786885,2.06584567884992,3.91921096790158,0.000340492784573466,0.00620770905566323,0.00477909078432523,"FOXO3/SLIT2/SRD5A1/IL10/KLF9/DUSP1/MDK/UGT1A6/ZFP36/TBX21/TBX2/STC1/S100B/ZFP36L2/FOS/FAM107A/PCNA/PRKN/CDO1/IL6/EDN1/FOSB/CAD/GHR/BMP6",25
"GO:0007596","blood coagulation","38/1869","216/18842",0.175925925925926,1.77356677169411,3.79439205800623,0.000342082513569351,0.00621583376662971,0.00478534570557831,"MYL9/HNF4A/PROC/EPHB2/PEAR1/SCUBE1/PRRG3/F2RL2/F10/ANGPTL1/SERPING1/THBD/ANGPTL4/ADRA2C/DGKK/PF4/CAV1/ADTRP/PDGFB/CD36/FAP/CYP4F11/FGA/F2RL3/SLC6A4/COL3A1/FGL1/IL6/EDN1/PRKG1/TUBB1/HBB/CEACAM1/ANGPT4/C4BPB/CPB2/SVEP1/ANGPTL7",38
"GO:0030178","negative regulation of Wnt signaling pathway","31/1869","165/18842",0.187878787878788,1.89406748058433,3.82768360004998,0.000364775698028843,0.00660608789130235,0.00508578824791467,"SOX13/TAX1BP3/LATS2/SFRP1/DKK3/FERMT1/AMER2/WIF1/SFRP4/TMEM88/MDK/TLE5/ALPK2/SOX10/SOSTDC1/RBMS3/CAV1/DAB2IP/NKD1/GREM1/MIR29C/EGR1/RNF43/PRKN/NFATC1/BMP2/SOX17/TLE4/APCDD1/HIC1/MDFI",31
"GO:0050886","endocrine process","20/1869","89/18842",0.224719101123595,2.26546672197474,3.97088834306498,0.000371305864113088,0.00670200916852627,0.00515963457155695,"EDNRB/AGTR1/MME/ECRG4/OPRK1/TACR2/PDE1C/TSPO/ACE/TBX3/RAB11FIP1/AVPR2/SPP1/EDN3/RETN/EDN1/HCAR2/TAC1/GJA1/BMP6",20
"GO:0071695","anatomical structure maturation","33/1869","180/18842",0.183333333333333,1.84824326734439,3.79450300528538,0.000381884533754412,0.00687012805260835,0.00528906322267176,"EDNRB/S1PR1/RXRA/CCNB1/SLC26A6/ZBTB7A/MYOC/NDRG4/TDRKH/ADAMTS12/TUBB8/RECK/ROPN1L/FERMT1/PABPC1L/SLC24A4/BCL11A/ACVRL1/CCL19/CDH3/CABYR/KIF14/LYL1/GREM1/VEGFA/TRIM58/PLEK2/CATSPERT/C1QA/BMP2/EDN1/ZBTB16/SRRM4",33
"GO:0035148","tube formation","17/1869","70/18842",0.242857142857143,2.44832225024841,4.0284341580726,0.00038338906763349,0.00687443169786387,0.00529237644357101,"EGF/DLC1/FGF2/STIL/MMRN2/GDNF/NOTCH1/MTHFD1L/DAB2IP/GRHL3/GREM1/VEGFA/SIX1/SIX4/ATOH8/GATA3/IRX1",17
"GO:0072006","nephron development","25/1869","123/18842",0.203252032520325,2.04905018552593,3.87333284292224,0.000387793534049903,0.00693053378451686,0.00533556741191384,"MAGED1/PECAM1/NPNT/LGR4/FGF2/GPC3/TCF21/GDNF/NOTCH1/KLF15/PDGFB/NUP107/GREM1/VEGFA/SIX1/KIF26B/EGR1/SIX4/GATA3/BMP2/EDN1/TEK/CD34/IRX1/SULF1",25
"GO:0006898","receptor-mediated endocytosis","45/1869","271/18842",0.166051660516605,1.67402107407912,3.70866662314699,0.000393265083329178,0.0070052760581227,0.00539310878632206,"TMEM108/EGF/RSPO1/ADM/FPR2/RAB15/LDLR/CAV2/SDC1/HMMR/SFRP4/MSR1/ARC/RIN3/CXCR1/RAMP3/CLEC4M/MARCO/ARHGEF37/ARRB1/CCL19/CAV1/ADRB2/MIR27B/CAV3/CD36/CXCR2/TFR2/SELE/GREM1/VEGFA/GRIA1/ENTREP1/WNT3A/TAMALIN/RAMP2/SH3GL3/MRC1/STON1/CEACAM1/CXCL16/IQSEC3/CALCRL/LYVE1/GHR",45
"GO:0009792","embryo development ending in birth or egg hatching","42/1869","248/18842",0.169354838709677,1.70732149329467,3.72077665888549,0.000397305876312992,0.00703532755409928,0.00541624434666954,"MESP2/HORMAD1/GCM1/DLC1/FGF2/STIL/FUT8/TGFBR2/DSP/HOXA4/PTPRR/TFAP2A/MTHFD1L/FOXC2/FOXF1/TBX2/PDGFB/NKD1/PLK4/GRHL3/RBP4/E2F8/PRICKLE2/VEGFA/SIX1/UPB1/HEY1/SIX4/COL1A1/ZNF358/COL3A1/GATA3/HOXC11/DSCAML1/BMP2/EDN1/E2F7/SCEL/WNT9A/RAI2/EMP2/SULF1",42
"GO:0060993","kidney morphogenesis","16/1869","64/18842",0.25,2.5203317281969,4.0427882844671,0.0003975419766443,0.00703532755409928,0.00541624434666954,"MAGED1/NPNT/LGR4/FGF2/GPC3/TCF21/GDNF/GREM1/VEGFA/SIX1/KIF26B/SOX4/SIX4/GATA3/BMP2/IRX1",16
"GO:0048041","focal adhesion assembly","19/1869","83/18842",0.228915662650602,2.30777363063812,3.962270313051,0.000402178313546873,0.0070942687581174,0.00546162104883361,"MYOC/SFRP1/DLC1/MACF1/LIMCH1/PEAK1/ACVRL1/GREM1/VEGFA/FAM107A/THSD1/EFNA5/CORO2B/ARHGAP6/ACTN2/TEK/FERMT2/SORBS1/PHLDB2",19
"GO:0072009","nephron epithelium development","20/1869","90/18842",0.222222222222222,2.24029486950835,3.91380987473691,0.000433583080578918,0.00762348503814001,0.0058690455308917,"MAGED1/PECAM1/NPNT/LGR4/FGF2/GPC3/TCF21/GDNF/NOTCH1/KLF15/GREM1/VEGFA/SIX1/KIF26B/SIX4/GATA3/BMP2/EDN1/CD34/IRX1",20
"GO:0034614","cellular response to reactive oxygen species","27/1869","138/18842",0.195652173913043,1.97243352641496,3.80460469651623,0.000439218740983733,0.00769766264440201,0.00592615218832543,"MMP3/SOD3/KLF2/FYN/FOXO3/RHOB/CYGB/TNFAIP3/MAP1LC3A/KLF4/AIFM1/LCN2/CD36/NET1/FBLN5/DHFR/NQO1/FOS/CDK1/PCNA/ECT2/MB/IL6/EDN1/ENDOG/IL18RAP/CAT",27
"GO:0021543","pallium development","25/1869","124/18842",0.201612903225806,2.03252558725556,3.82788836578167,0.000440771963103528,0.00770004525897579,0.00592798647715083,"TMEM108/TACC1/NTRK2/NCAPG2/WDR62/SLIT2/KDM6B/SRD5A1/PAX6/LRP8/ATIC/FEZ1/MDK/RARA/SUN2/DAB2IP/KIF14/EPHA5/PHACTR1/DIXDC1/FOS/GRIA1/EZH2/COL3A1/KIF26A",25
"GO:0006816","calcium ion transport","63/1869","416/18842",0.151442307692308,1.52673941227312,3.60499167875739,0.000442523922685242,0.00770587330752859,0.00593247328103928,"EDNRB/EGF/RGS9/WFS1/CHRNG/GPM6A/FYN/PKD2L2/NOS1/PLCL1/CEMIP/PLPP4/GPR35/TMC1/ANO9/ASPH/GPER1/TRPV2/HTR3C/ADCYAP1R1/CNGA1/FGF2/TSPAN18/NALF2/CHRNB1/RAMP3/ASIC1/GRIN2B/SLC24A4/TSPO/STC1/CACNA1S/SLC8A3/CCL19/CAV1/CAV3/CHRNB4/KCNN4/PDGFB/CHRNA5/ERO1A/TMC2/MCOLN1/P2RX6/WNT3A/CCL2/RAMP2/JPH4/ATP1B1/F2RL3/EDN1/P2RY6/CD19/MS4A1/PLA2G1B/TRPC3/CYP27B1/CALCRL/IL13/HTR3A/SLC24A2/GAS6/CHRNA2",63
"GO:0048660","regulation of smooth muscle cell proliferation","30/1869","160/18842",0.1875,1.89024879614767,3.75264102750146,0.000466040292645358,0.00808944699662054,0.00622777279752944,"S1PR1/CDKN1A/NDRG4/NPR1/ID2/IL10/ADAMTS1/GPER1/MIR27A/FGF2/PAK1/JUN/TNFAIP3/KLF4/MIR27B/PDGFB/TERT/PPARGC1A/CDH13/HBEGF/BMP2/IL6/EDN1/P2RY6/PRKG1/NR4A3/RGCC/IL13/PTGIR/GJA1",30
"GO:0035809","regulation of urine volume","7/1869","16/18842",0.4375,4.41058052434457,4.52883597539587,0.000476446746785801,0.00819806446923493,0.00631139346301707,"EDNRB/NPR1/ADM/ADM2/NPR3/AVPR2/HYAL2",7
"GO:1903083","protein localization to condensed chromosome","7/1869","16/18842",0.4375,4.41058052434457,4.52883597539587,0.000476446746785801,0.00819806446923493,0.00631139346301707,"KNTC1/KNL1/MTBP/SPDL1/CDK1/TTK/AURKB",7
"GO:0000281","mitotic cytokinesis","22/1869","104/18842",0.211538461538462,2.13258838539737,3.8433016809964,0.000476824658987344,0.00819806446923493,0.00631139346301707,"MYH10/CDCA8/CENPA/RHOB/CKAP2/CIT/ZNF365/KIF20A/IQGAP3/NUSAP1/ESPL1/SPTBN1/KIF4A/ECT2/KIF23/INCENP/ANLN/BIRC5/AURKB/CEP55/KIF20B/PLK1",22
"GO:0030858","positive regulation of epithelial cell differentiation","16/1869","65/18842",0.246153846153846,2.48155739391694,3.97044674513283,0.000479462852872825,0.00821741854781722,0.00632629346843974,"ALOX15B/SFRP4/FGF2/GDNF/NOTCH1/ACVRL1/NME2/ETV4/ATOH8/TMEM100/BMP2/ZBED2/CYP27B1/IL13/PKP1/BMP6",16
"GO:0000082","G1/S transition of mitotic cell cycle","40/1869","235/18842",0.170212765957447,1.71597053834682,3.66495143393082,0.000485812877198726,0.00830006717553673,0.00638992165905397,"CCNB1/CDKN2A/CCNE2/CCNA2/CDKN1A/CDC6/LATS2/ID2/ADAMTS1/MTBP/STIL/PLK3/CCNE1/CDC25A/CDKN3/FHL1/FGF10/KANK2/KLF11/RDX/KLF4/CDKN2D/KIF14/CCNI2/TERT/CCNJL/RCC1/E2F1/MIR30C2/MIR29C/FAM107A/CCL2/RRM2/SLFN11/CDK1/CCNB2/CCNF/E2F7/CDKN2B/RGCC",40
"GO:0050817","coagulation","38/1869","220/18842",0.172727272727273,1.74132010311786,3.67012855397936,0.000495698369392505,0.00844241141350934,0.00649950734191971,"MYL9/HNF4A/PROC/EPHB2/PEAR1/SCUBE1/PRRG3/F2RL2/F10/ANGPTL1/SERPING1/THBD/ANGPTL4/ADRA2C/DGKK/PF4/CAV1/ADTRP/PDGFB/CD36/FAP/CYP4F11/FGA/F2RL3/SLC6A4/COL3A1/FGL1/IL6/EDN1/PRKG1/TUBB1/HBB/CEACAM1/ANGPT4/C4BPB/CPB2/SVEP1/ANGPTL7",38
"GO:0061982","meiosis I cell cycle process","25/1869","125/18842",0.2,2.01626538255752,3.78286931757693,0.000499993457637939,0.00846736544086678,0.00651871854545815,"SYCP2/MND1/C14orf39/FANCD2/TOP2A/RAD54B/P3H4/RAD54L/KNL1/CDC20/HORMAD1/ZWINT/BRCA2/SGO1/CDC25A/TRIP13/PTTG1/PKMYT1/EME1/SGO2/RAD51/BRIP1/NDC80/CDC25C/RAD51AP1",25
"GO:0043549","regulation of kinase activity","41/1869","243/18842",0.168724279835391,1.70096462314523,3.64948648464511,0.000500280564424487,0.00846736544086678,0.00651871854545815,"NEDD9/CDKN2A/FIRRM/CCNE2/CDKN1A/CDC6/LATS2/SASH1/PTPN1/CEMIP/BLM/CEP85/GPRC5A/FGF2/S100A12/CDC25A/CDKN3/PKMYT1/BCCIP/SERTAD1/LDB2/FGR/PDGFB/CASS4/ADARB1/KIF14/TPX2/PIK3R5/EZH2/PRKN/DOK7/ECT2/TRAF4/EEF1A2/NEK7/ADCY8/CEACAM1/HMGA2/CDC25C/GAS6/EMP2",41
"GO:0007044","cell-substrate junction assembly","20/1869","91/18842",0.21978021978022,2.2156762445687,3.85748041160961,0.000504742033834591,0.00851634617957558,0.00655642704546575,"MYOC/SFRP1/DLC1/COL17A1/MACF1/LIMCH1/PEAK1/ACVRL1/GREM1/VEGFA/FAM107A/THSD1/EFNA5/CORO2B/ARHGAP6/ACTN2/TEK/FERMT2/SORBS1/PHLDB2",20
"GO:0043065","positive regulation of apoptotic process","71/1869","484/18842",0.146694214876033,1.47887233638,3.54166163711682,0.000507404099866096,0.00853475688722135,0.00657060078370861,"CDKN2A/GADD45B/ECSCR/ID3/CD274/TOP2A/LATS2/SFRP1/NOS1/FOXO3/SLIT2/PTPN1/RPS6KA2/DLC1/MCL1/ADAMTSL4/IL10/DAPK2/GPER1/MIR27A/ZC3H8/DUSP1/RHOB/SFRP4/ATF3/TLE5/PLEKHN1/BMF/FOXO1/TNFSF12/NOTCH1/TFAP2A/RNF122/TSPO/KLF11/S100B/AIFM1/LCN2/CAV1/ADRB2/MIR27B/BCL2L14/NET1/DAB2IP/FAP/ADRB1/BCL6/E2F1/ANKRD1/MIR29C/CCL2/AKAP12/SOX4/TXNIP/PRKN/S100A8/TNFSF11/NLRC4/ECT2/SPDEF/HSPD1/BMP2/IL6/HCAR2/HYAL2/CSRNP3/PLA2G1B/RGCC/MELK/BCL2A1/NUPR1",71
"GO:0000727","double-strand break repair via break-induced replication","6/1869","12/18842",0.5,5.04066345639379,4.64617392104302,0.000514929576583667,0.00860803812178173,0.00662701735697439,"MCM2/MCM6/GINS4/GINS2/CDC45/MCM4",6
"GO:0044849","estrous cycle","6/1869","12/18842",0.5,5.04066345639379,4.64617392104302,0.000514929576583667,0.00860803812178173,0.00662701735697439,"SLC26A6/PTN/OPRK1/MDK/EGR1/PCNA",6
"GO:0060537","muscle tissue development","48/1869","298/18842",0.161073825503356,1.62383789199263,3.60209774036512,0.000521627898039935,0.00869326493880664,0.00669263040232959,"S1PR1/RGS2/CCNB1/NDRG4/KDM6B/RCAN1/STRA6/ID2/MYLK2/CAV2/FGF2/NRAP/TGFBR3/ALPK2/TCF21/PAK1/ITGA8/DSP/NOTCH1/TBX2/KAT2A/S100B/CAV1/CAV3/POPDC3/SGCD/RBP4/TBX3/SGCG/GREM1/ANKRD1/VEGFA/SIX1/HEY1/WNT3A/SIX4/TBX5/GATA6/CDK1/ACTN2/COL3A1/BMP2/EDN1/EGR2/CFL2/TNNC1/GJA1/UQCC2",48
"GO:0043434","response to peptide hormone","64/1869","427/18842",0.149882903981265,1.51101855367308,3.54439458377123,0.000530013807561782,0.0087544222763398,0.00673971322557048,"EDNRB/SLC26A6/CCNA2/KLF2/GAB1/FYN/CDC6/AGTR1/NR4A2/OPRK1/PTPN1/ADCY9/KL/SRD5A1/IL10/PDK4/GPER1/CAV2/HNF4A/INSIG1/TGFBR3/PAK1/FOXO1/ZBED3/SLC24A4/KLF15/CA2/HRAS/FOXC2/KLF11/KLF4/CAV1/MIR27B/SORT1/ACE/FOXO4/JUND/FBP1/FOS/NR4A1/GRIA1/EGR1/COL1A1/CRK/OTC/FABP3/ACTN2/CDO1/COL3A1/RETN/VWA2/EDN1/ADCY8/NR4A3/TNS2/CEACAM1/PID1/SIK2/CAT/PLA2G1B/CAD/KAT2B/GHR/SORBS1",64
"GO:0048732","gland development","40/1869","236/18842",0.169491525423729,1.70869947674366,3.63553998173201,0.000530131590082053,0.0087544222763398,0.00673971322557048,"WNT2/ALOX15B/LSR/SRD5A1/STRA6/DKK3/ID2/IL10/PITX2/BRCA2/MDK/TGFBR3/TCF21/UGT1A6/RARA/FGF10/TSPO/CAV1/CEBPB/E2F8/TBX3/AURKA/VEGFA/SIX1/UPB1/CITED2/GATA6/PCNA/OTC/CDO1/GATA3/BMP2/IL6/EDN1/TUBB1/E2F7/CAD/PSAPL1/HNF1A/SULF1",40
"GO:0060047","heart contraction","40/1869","236/18842",0.169491525423729,1.70869947674366,3.63553998173201,0.000530131590082053,0.0087544222763398,0.00673971322557048,"EDNRB/RGS2/SCN7A/TNNI2/GLRX3/ADM/NOS1/ADRA1B/PTPN1/MYLK2/ASPH/ADM2/DSP/NMU/TBX2/STC1/SLC8A3/CAV1/ADRB2/SLC4A3/CAV3/ACE/SGCD/ADRB1/SGCG/RNF207/TBX5/GATA6/JPH4/ATP1B1/SCN4B/EDN3/KCNE1/FXYD1/KCNH6/EDN1/TAC1/TNNC1/CELF2/GJA1",40
"GO:0015850","organic hydroxy compound transport","45/1869","275/18842",0.163636363636364,1.64967167663797,3.6013616168172,0.000543922130157069,0.00895493616104047,0.00689408161653558,"RXRA/EGF/SLC26A6/SLC10A6/AGTR1/ECRG4/NOS1/OPRK1/LDLR/STRA6/SLC19A3/MIR27A/CES1/ABCA8/AQP9/MSR1/SLC5A7/STX1A/PON1/GDNF/SLC51B/ABCB4/ADRA2C/TSPO/ABCA4/NFKBIA/CAV1/MIR27B/CD36/SLC19A2/ABCA12/RBP4/AQP10/FGF20/SYT4/SLC5A12/PRKN/SLC6A4/APOA1/SPP1/ABCG1/TAC1/CEACAM1/ABCC3/BMP6",45
"GO:0060560","developmental growth involved in morphogenesis","31/1869","169/18842",0.183431952662722,1.84923748104388,3.67995727992457,0.000559401761592598,0.00918196305357277,0.0070688614137468,"TMEM108/S1PR1/SEMA3G/SLIT2/SEMA3A/NRN1/TRPV2/BDNF/MACF1/PAK1/NOTCH1/CDKL5/FGF10/BCL11A/S100B/NKD1/RASAL1/VEGFA/SIX1/KIF26B/SYT4/EFNA5/SEMA5A/SIX4/PRKN/CLSTN3/SPP1/EDN3/EDN1/PRKG1/SH3GL2",31
"GO:0048771","tissue remodeling","26/1869","133/18842",0.195488721804511,1.97078571227427,3.72821739763797,0.000562771985598648,0.00920945842698028,0.00709002910773587,"S1PR1/EFNA2/PTN/P3H4/SFRP1/PDK4/LGR4/MDK/CST3/EPAS1/DCSTAMP/NPR3/TNFAIP3/ACVRL1/RUFY4/LEPR/CAV1/MIR27B/ACP5/ACE/GREM1/TNFSF11/SPP1/IL6/CEACAM1/GJA1",26
"GO:0090232","positive regulation of spindle checkpoint","8/1869","21/18842",0.380952380952381,3.84050549058575,4.32176604435116,0.000574787119975406,0.00937783310158072,0.00721965468272356,"CDCA8/KNL1/MAD2L1/INCENP/GEN1/NDC80/BIRC5/AURKB",8
"GO:0003206","cardiac chamber morphogenesis","20/1869","92/18842",0.217391304347826,2.19159280712774,3.80188057371546,0.000585810528804778,0.00950062269551151,0.00731418595207008,"SMAD6/SLIT2/ID2/ADGRG6/TGFBR3/TGFBR2/DSP/NOTCH1/FOXF1/TBX2/RBP4/HEY1/CITED2/SOX4/TBX5/GATA6/GATA3/BMP2/TEK/TNNC1",20
"GO:0048661","positive regulation of smooth muscle cell proliferation","20/1869","92/18842",0.217391304347826,2.19159280712774,3.80188057371546,0.000585810528804778,0.00950062269551151,0.00731418595207008,"S1PR1/ID2/IL10/ADAMTS1/MIR27A/FGF2/PAK1/JUN/MIR27B/PDGFB/TERT/CDH13/HBEGF/IL6/EDN1/P2RY6/NR4A3/RGCC/IL13/GJA1",20
"GO:0048738","cardiac muscle tissue development","34/1869","192/18842",0.177083333333333,1.78523497413947,3.6290098823499,0.000604700201887642,0.00977778630016536,0.00752756419142927,"S1PR1/RGS2/CCNB1/NDRG4/KDM6B/ID2/MYLK2/FGF2/NRAP/TGFBR3/ALPK2/PAK1/DSP/NOTCH1/TBX2/KAT2A/CAV3/SGCD/RBP4/TBX3/SGCG/GREM1/ANKRD1/VEGFA/HEY1/WNT3A/TBX5/GATA6/CDK1/ACTN2/BMP2/EDN1/TNNC1/GJA1",34
"GO:0014706","striated muscle tissue development","45/1869","277/18842",0.162454873646209,1.63776068980304,3.54835836173741,0.000637002423293745,0.0102695375838425,0.0079061457272146,"S1PR1/RGS2/CCNB1/NDRG4/KDM6B/RCAN1/ID2/MYLK2/CAV2/FGF2/NRAP/TGFBR3/ALPK2/TCF21/PAK1/DSP/NOTCH1/TBX2/KAT2A/S100B/CAV1/CAV3/POPDC3/SGCD/RBP4/TBX3/SGCG/GREM1/ANKRD1/VEGFA/SIX1/HEY1/WNT3A/SIX4/TBX5/GATA6/CDK1/ACTN2/BMP2/EDN1/EGR2/CFL2/TNNC1/GJA1/UQCC2",45
"GO:0048659","smooth muscle cell proliferation","30/1869","163/18842",0.184049079754601,1.85545894100385,3.63993376355355,0.000642760865762459,0.0103317153363534,0.00795401413105735,"S1PR1/CDKN1A/NDRG4/NPR1/ID2/IL10/ADAMTS1/GPER1/MIR27A/FGF2/PAK1/JUN/TNFAIP3/KLF4/MIR27B/PDGFB/TERT/PPARGC1A/CDH13/HBEGF/BMP2/IL6/EDN1/P2RY6/PRKG1/NR4A3/RGCC/IL13/PTGIR/GJA1",30
"GO:0071219","cellular response to molecule of bacterial origin","38/1869","223/18842",0.170403587443946,1.71789427213421,3.57859098594991,0.000648321297590168,0.0103650884849783,0.00797970691169625,"EDNRB/MMP3/NR1I2/CD274/IL36RN/CXCL5/SASH1/OPRK1/IL10/TLR10/CD55/EPHB2/KMO/IL36G/CAMP/ZFP36/CXCL13/RARA/TNFAIP3/TSPO/PF4/ARID5A/LCN2/CD36/DAB2IP/CEBPB/ANKRD1/CCL2/PLSCR4/PRKCE/IL37/IL6/CD68/IL18RAP/SPI1/PPBP/BMP6/IL18R1",38
"GO:0022411","cellular component disassembly","67/1869","455/18842",0.147252747252747,1.48450308386103,3.4715556046413,0.000648652693703776,0.0103650884849783,0.00797970691169625,"C1QB/MMP3/MMP7/NEDD9/PNPLA2/MMP12/TMOD1/ADAMTS15/TOP2A/TPSAB1/BMERB1/MID1IP1/ARHGEF2/RECK/STMN2/TIMP3/KIF18A/ASPH/ERN2/DNASE2B/GPER1/MMP13/MAP1LC3C/CKAP2/PADI4/STX1A/ADAMTS4/NGEF/CST3/PLK3/FGFR4/HMGA1/NME1/CTSS/RDX/MAP1LC3A/ADRB2/FAP/RAB40A/TPX2/PRKAA2/AURKA/CTSV/GABARAPL1/MIR29C/SEMA5A/SPTBN1/CDK1/TRIM58/ACTN2/GAS2L1/KIF2C/PIF1/PLEK2/MMP1/C1QA/IL6/KIF18B/PLIN2/ENDOG/SPTBN2/CFL2/AURKB/NCKAP5/ATAD2/PLK1/MMP19",67
"GO:0062197","cellular response to chemical stress","48/1869","301/18842",0.159468438538206,1.60765346117543,3.52654935817596,0.000654375146673868,0.0104172196745836,0.00801984082995572,"MMP3/MGAT3/SCN7A/SOD3/KLF2/PYCR1/FYN/FOXO3/ARHGEF2/ADCYAP1R1/RHOB/PTGS2/GPX2/FOXO1/ALDH3B1/CYGB/TNFAIP3/TSPO/MAP1LC3A/KLF4/SLC4A11/AIFM1/LCN2/CAV1/STK39/CD36/NET1/FBLN5/MSRA/DHFR/NQO1/FBP1/PRKAA2/FOS/PPARGC1A/PENK/CDK1/PCNA/PRKN/ECT2/MB/IL6/EDN1/ENDOG/IL18RAP/CAT/GPX3/KAT2B",48
"GO:0061564","axon development","62/1869","414/18842",0.14975845410628,1.50976393379911,3.48022637634189,0.000656052876442372,0.0104172196745836,0.00801984082995572,"CCK/TENM2/RAC3/EFNA2/SEMA3G/PTN/ROBO4/FYN/NREP/NTRK2/SLIT2/SEMA3A/TRPV2/PTK7/OLIG1/BDNF/EPHB2/MACF1/FEZ1/IGSF9/CNTN4/GDNF/PAK1/GFRA3/NOTCH1/CDKL5/TNFRSF21/MAP7D2/EFNA4/ANOS1/BCL11A/TSPO/SLITRK2/S100B/EPHA5/DHFR/NMNAT2/VEGFA/NOVA2/LHX9/EFNA5/SEMA5A/SEMA4B/EPHA10/PTPRM/NECTIN1/RTN4RL2/NTNG2/SPP1/EDN3/TUBB3/DSCAML1/EDN1/PRKG1/SEMA6A/KIF5A/CNTN6/CDHR2/PLEKHG4/TENM4/EPHB6/ACTBL2",62
"GO:0021700","developmental maturation","42/1869","254/18842",0.165354330708661,1.66699106431921,3.55138586641935,0.000658484536447058,0.0104172196745836,0.00801984082995572,"EDNRB/S1PR1/RXRA/CCNB1/SLC26A6/ZBTB7A/MYOC/NDRG4/TDRKH/ADAMTS12/TUBB8/CDC20/RECK/ROPN1L/NRN1/FERMT1/C1QL2/PABPC1L/IGSF9/ARHGEF15/SLC24A4/BCL11A/ACVRL1/PALM/CCL19/CDH3/DAB2IP/CABYR/KIF14/LYL1/GREM1/VEGFA/BCAN/TRIM58/PLEK2/CATSPERT/C1QA/BMP2/EDN1/ZBTB16/SEZ6L2/SRRM4",42
"GO:0048545","response to steroid hormone","50/1869","317/18842",0.157728706624606,1.59011465501381,3.51612448755277,0.00065958468029758,0.0104172196745836,0.00801984082995572,"RXRA/ZBTB7A/SFRP1/FOXO3/SLIT2/SRD5A1/IL10/GPER1/KLF9/DUSP1/MDK/SOX10/TCF21/PAK1/UGT1A6/JUN/ZFP36/TBX21/KANK2/TSPO/TBX2/STC1/CALCOCO1/S100B/AIFM1/CAV1/STK39/ADTRP/ZFP36L2/JUND/FOS/FAM107A/JUNB/COL1A1/TXNIP/PCNA/PRKN/CDO1/SPP1/PER1/PTGER2/IL6/EDN1/NR4A3/RXRG/FOSB/CAD/GHR/HMGA2/BMP6",50
"GO:0060688","regulation of morphogenesis of a branching structure","11/1869","37/18842",0.297297297297297,2.99715124434226,4.03508296156109,0.000662942144307095,0.0104398975942622,0.00803729974047678,"MAGED1/LGR4/FGF2/MDK/GDNF/BCL11A/GREM1/VEGFA/SIX1/SIX4/SULF1",11
"GO:0051052","regulation of DNA metabolic process","70/1869","481/18842",0.145530145530146,1.46713697275495,3.44386354122163,0.000691833655559779,0.0108633880076771,0.00836332969997611,"PARPBP/FOXM1/GMNN/CCNA2/HELB/CDKN1A/ID3/DACH1/ERCC2/CDC6/AGER/TICRR/RFC4/BLM/MCM2/IL10/ESCO2/DUSP1/MCM6/FGF2/ZNF365/CCT6A/CDT1/FGFR4/CHTF18/CDC25A/ATAD5/TIMELESS/FGF10/IL7R/DSCC1/ACVRL1/DTL/RMI2/POLG2/KAT2A/KLF4/FIGNL1/DDX11/PDGFB/EYA4/NEK2/RIF1/E2F8/RADX/BCL6/ANKRD1/VEGFA/H1-10/RAD51/SLFN11/CDK1/PCNA/FANCB/POLQ/AUNIP/CHEK1/PIF1/NEK7/IL6/E2F7/KPNA2/ENDOG/AURKB/PLK1/KAT2B/HMGA2/MCM4/RAD51AP1/PELI1",70
"GO:0007043","cell-cell junction assembly","27/1869","142/18842",0.190140845070423,1.91687201862863,3.63922919427207,0.000698891658461159,0.0109425889925633,0.00842430367501025,"LSR/PECAM1/MARVELD3/CLDN5/MICALL2/EPHB2/ESAM/CDH5/ACVRL1/JAM3/CAV1/CDH3/ACE/SNAI1/TBX5/CDH13/GPBAR1/RAMP2/ECT2/CDH17/CLDN18/PKP1/CDH19/GJB2/UGT8/CDH26/GJA1",27
"GO:0045840","positive regulation of mitotic nuclear division","12/1869","43/18842",0.27906976744186,2.813393557057,3.95035606123932,0.00072009733767107,0.0112422092976061,0.00865497051615678,"EGF/SKA3/CDC20/DLGAP5/NUSAP1/ESPL1/UBE2C/PDGFB/AURKA/EDN3/EDN1/PLK1",12
"GO:0002921","negative regulation of humoral immune response","7/1869","17/18842",0.411764705882353,4.15113461114783,4.31321636195135,0.000740879280345441,0.0114784609310887,0.00883685210793797,"VSIG4/CD55/SERPING1/CR2/A2M/MASP1/C4BPB",7
"GO:0090190","positive regulation of branching involved in ureteric bud morphogenesis","7/1869","17/18842",0.411764705882353,4.15113461114783,4.31321636195135,0.000740879280345441,0.0114784609310887,0.00883685210793797,"MAGED1/LGR4/GDNF/GREM1/VEGFA/SIX1/SIX4",7
"GO:0034332","adherens junction organization","14/1869","55/18842",0.254545454545455,2.56615594143684,3.85980131109021,0.000741568155128315,0.0114784609310887,0.00883685210793797,"PLEKHA7/CDH5/INAVA/RDX/JAM3/CDH3/VEGFA/CDH13/RAMP2/CDH17/FERMT2/CDH19/CDH26/BMP6",14
"GO:0060986","endocrine hormone secretion","13/1869","49/18842",0.26530612244898,2.67463775237222,3.89491675943351,0.00074370773512249,0.0114788753548878,0.00883717115783884,"AGTR1/ECRG4/OPRK1/TACR2/TSPO/TBX3/RAB11FIP1/SPP1/RETN/HCAR2/TAC1/GJA1/BMP6",13
"GO:0071222","cellular response to lipopolysaccharide","36/1869","210/18842",0.171428571428571,1.72822747076359,3.52147238594403,0.000791937140230136,0.0121886529259783,0.00938360325033919,"EDNRB/MMP3/CD274/IL36RN/CXCL5/SASH1/OPRK1/IL10/CD55/EPHB2/KMO/IL36G/CAMP/ZFP36/CXCL13/RARA/TNFAIP3/TSPO/PF4/ARID5A/LCN2/CD36/DAB2IP/CEBPB/ANKRD1/CCL2/PLSCR4/PRKCE/IL37/IL6/CD68/IL18RAP/SPI1/PPBP/BMP6/IL18R1",36
"GO:0045165","cell fate commitment","34/1869","195/18842",0.174358974358974,1.75776982069117,3.52961588248972,0.000803501565810571,0.0123173587587776,0.00948268921811,"WNT2/SOX13/POU3F2/ARHGEF2/MCL1/ID2/PAX6/FGF2/EPAS1/TBX21/SPN/RARA/DHH/TBX2/KLF4/MNX1/TBX3/GATA2/WNT3A/TBX5/GATA6/SOCS3/GAS1/TNXB/FOXP3/GATA3/DSCAML1/BMP2/IL6/EDN1/SOX17/WNT9A/SOX5/TAL1",34
"GO:0150115","cell-substrate junction organization","21/1869","101/18842",0.207920792079208,2.09611747691623,3.66520886893693,0.000804833859629309,0.0123173587587776,0.00948268921811,"MYOC/SFRP1/DLC1/COL17A1/MACF1/LIMCH1/PEAK1/ACVRL1/RAB40A/GREM1/VEGFA/FAM107A/THSD1/EFNA5/CORO2B/ARHGAP6/ACTN2/TEK/FERMT2/SORBS1/PHLDB2",21
"GO:1903054","negative regulation of extracellular matrix organization","9/1869","27/18842",0.333333333333333,3.36044230426253,4.07286936121342,0.00081391195833122,0.0124213024427346,0.00956271170267453,"RECK/TIMP3/CST3/TGFBR3/NOTCH1/MIR27B/ADTRP/FAP/MIR29C",9
"GO:0060070","canonical Wnt signaling pathway","48/1869","304/18842",0.157894736842105,1.59178845991383,3.45182813909608,0.000816370043334001,0.0124239172140998,0.00956472472062085,"EDNRB/WNT2/SOX13/EGF/RSPO1/LATS2/SFRP1/NR4A2/RECK/DKK3/FERMT1/AMER2/PTK7/LGR4/SFRP4/TMEM88/MDK/TLE5/GPC3/SOX10/ZBED3/KLF4/RBMS3/CAV1/CSNK1E/FRAT1/CDH3/DAB2IP/NKD1/DIXDC1/GREM1/SNAI1/MIR29C/WNT3A/SOX4/SEMA5A/EGR1/COL1A1/PRKN/BCL9/GATA3/BMP2/EDN1/SOX17/TLE4/SCEL/WNT9A/RSPO4",48
"GO:0009110","vitamin biosynthetic process","8/1869","22/18842",0.363636363636364,3.66593705919549,4.15172656163024,0.000825218265053867,0.0125234939498259,0.00964138524961382,"SLC19A3/CYP24A1/SLC19A2/PSAT1/SNAI1/BCO1/CYP27A1/CYP27B1",8
"GO:1901888","regulation of cell junction assembly","43/1869","265/18842",0.162264150943396,1.63583795188629,3.45906651163907,0.000850178480463447,0.0128331105179076,0.00987974785229474,"RAC3/MYOC/SDC2/SFRP1/PTPN1/CCDC141/DLC1/LRRC15/NEGR1/CLDN5/BDNF/EPHB2/MACF1/ARHGEF15/ASIC1/DOCK4/LIMCH1/PEAK1/ACVRL1/SLITRK2/LIN7A/CAV1/ACE/SYNDIG1/GREM1/SNAI1/VEGFA/CASKIN1/FAM107A/WNT3A/EFNA5/TBX5/GPBAR1/NECTIN1/CLSTN3/ARHGAP6/LRRTM4/RTN4RL2/NTNG2/PTPRD/TEK/FERMT2/PHLDB2",43
"GO:0001658","branching involved in ureteric bud morphogenesis","11/1869","38/18842",0.289473684210526,2.91827884317535,3.92785759388261,0.000850344153588576,0.0128331105179076,0.00987974785229474,"MAGED1/NPNT/LGR4/FGF2/TCF21/GDNF/GREM1/VEGFA/SIX1/SIX4/BMP2",11
"GO:0043627","response to estrogen","15/1869","62/18842",0.241935483870968,2.43903070470667,3.76613107753732,0.000864979789842087,0.0130178260338284,0.01002195365027,"SMAD6/MME/SFRP1/OPRK1/RCAN1/SRD5A1/RARA/DHH/ARID5A/CAV1/CITED2/CITED4/GATA3/CLDN18/CYP27B1",15
"GO:0071635","negative regulation of transforming growth factor beta production","6/1869","13/18842",0.461538461538462,4.65292011359427,4.37195358847626,0.000876183173428337,0.013077755992407,0.0100680915588253,"KLF15/TYROBP/GATA6/IL37/IL13/LAPTM4B",6
"GO:1901993","regulation of meiotic cell cycle phase transition","6/1869","13/18842",0.461538461538462,4.65292011359427,4.37195358847626,0.000876183173428337,0.013077755992407,0.0100680915588253,"KNL1/ZWINT/CDC25A/PKMYT1/TTK/CDC25C",6
"GO:1903490","positive regulation of mitotic cytokinesis","6/1869","13/18842",0.461538461538462,4.65292011359427,4.37195358847626,0.000876183173428337,0.013077755992407,0.0100680915588253,"CDCA8/ECT2/INCENP/BIRC5/AURKB/KIF20B",6
"GO:0048844","artery morphogenesis","14/1869","56/18842",0.25,2.5203317281969,3.78087686333929,0.00089979773108457,0.0133878698612365,0.0103068370153738,"LDLR/STRA6/MDK/TGFBR2/NOTCH1/FOXF1/ACVRL1/TBX2/VEGFA/HEY1/SOX4/COL3A1/EDN1/ANGPTL3",14
"GO:0002920","regulation of humoral immune response","12/1869","44/18842",0.272727272727273,2.74945279439661,3.85522796739103,0.000901888527372089,0.0133878698612365,0.0103068370153738,"VSIG4/CD55/CAMP/CXCL13/SERPING1/CR2/CFP/CD5L/GATA6/A2M/MASP1/C4BPB",12
"GO:0007229","integrin-mediated signaling pathway","22/1869","109/18842",0.201834862385321,2.03476323010392,3.5952400258848,0.000930546004012461,0.0137550361991847,0.0105895051053678,"NEDD9/PTN/CCN1/PLPP3/FERMT1/ADAMTS1/ITGA8/FGR/PRAM1/BST1/CD177/NME2/TYROBP/LIMS2/APOA1/COL3A1/CEACAM1/ZYX/CDH17/FERMT2/ANGPTL3/EMP2",22
"GO:0046683","response to organophosphorus","23/1869","116/18842",0.198275862068966,1.99888378443202,3.58095421209744,0.000931686604325412,0.0137550361991847,0.0105895051053678,"SLC26A6/CIB2/SRD5A1/ASPH/HSP90B1/DUSP1/AQP9/STC1/SLC8A3/FBP1/FOS/P2RX6/PENK/COL1A1/SLC6A4/CDO1/PER1/KCNE1/NT5E/P2RY6/TRPC3/FOSB/MMP19",23
"GO:0046620","regulation of organ growth","16/1869","69/18842",0.231884057971014,2.33769899426959,3.69397052432108,0.000967780761645147,0.0142491947913769,0.0109699399409512,"WWC2/RGS2/CCNB1/LATS2/FGF2/TGFBR3/PAK1/NOTCH1/ACACB/TBX2/CAV3/RBP4/TBX5/CDK1/SLC6A4/EDN1",16
"GO:0048483","autonomic nervous system development","10/1869","33/18842",0.303030303030303,3.05494754932957,3.92059677158929,0.000981550365699898,0.0143740246276214,0.0110660419190973,"EDNRB/SEMA3A/SOX10/GDNF/TFAP2A/SOX4/SLC6A4/GATA3/KIF26A/EGR2",10
"GO:0051382","kinetochore assembly","10/1869","33/18842",0.303030303030303,3.05494754932957,3.92059677158929,0.000981550365699898,0.0143740246276214,0.0110660419190973,"KNTC1/CENPF/CENPI/CENPA/OIP5/DLGAP5/CENPK/HJURP/CENPH/CENPE",10
"GO:0021987","cerebral cortex development","19/1869","89/18842",0.213483146067416,2.152193385876,3.61544970364137,0.00100259485891511,0.0146427362056069,0.0112729132486775,"TACC1/NTRK2/NCAPG2/WDR62/SLIT2/SRD5A1/PAX6/LRP8/ATIC/MDK/SUN2/DAB2IP/KIF14/PHACTR1/DIXDC1/FOS/GRIA1/COL3A1/KIF26A",19
"GO:0060485","mesenchyme development","46/1869","291/18842",0.15807560137457,1.59361181439254,3.38643455941565,0.00101063567790108,0.0147205995657816,0.0113328574348033,"FOXM1/SEMA3G/NOMO3/SFRP1/SEMA3A/QKI/PITX2/MDK/TGFBR3/RADIL/SOX10/TCF21/GDNF/TGFBR2/NOTCH1/FOXF1/ACVRL1/TBX2/GLIPR2/DAB2IP/TBX3/GREM1/FOXF2/SNAI1/VEGFA/S100A4/SIX1/HEY1/CITED2/SOX4/SEMA5A/SIX4/TBX5/SEMA4B/EZH2/COL1A1/GATA3/BMP2/IL6/EDN1/SEMA6A/RGCC/FERMT2/SLC39A10/HMGA2/EMP2",46
"GO:0000086","G2/M transition of mitotic cell cycle","25/1869","131/18842",0.190839694656489,1.92391734976862,3.5212559260486,0.00102376039387199,0.0148718989837073,0.0114493373869723,"FOXM1/CCNB1/CCNA2/CDKN1A/CDC6/CENPF/TICRR/BLM/ORC1/PLK3/CDC25A/PKMYT1/FHL1/DTL/KIF14/NEK2/AURKA/CDK1/CHEK1/BIRC5/AURKB/MELK/PLK1/CLSPN/CDC25C",25
"GO:0001890","placenta development","15/1869","63/18842",0.238095238095238,2.40031593161609,3.69434451925569,0.00103280020612399,0.0149234136166799,0.0114889966405696,"PTN/PEG10/DCAF13/MME/GCM1/PLAC1/ADGRG6/STC1/PDGFB/PLK4/E2F8/HEY1/SPP1/E2F7/CYP27B1",15
"GO:0071479","cellular response to ionizing radiation","15/1869","63/18842",0.238095238095238,2.40031593161609,3.69434451925569,0.00103280020612399,0.0149234136166799,0.0114889966405696,"CDKN1A/SFRP1/BLM/BRCA2/RHOB/HRAS/FIGNL1/LCN2/NET1/EGR1/RAD51/ECT2/GATA3/CRYAB/RAD51AP1",15
"GO:0090257","regulation of muscle system process","41/1869","252/18842",0.162698412698413,1.64021588660433,3.39519202487725,0.0010495827145764,0.0150857431277325,0.0116139682626833,"RGS2/GLRX3/NOS1/ADRA1B/FOXO3/TACR2/MYLK2/ASPH/GPER1/MYL9/NPNT/PAK1/FOXO1/DOCK4/DSP/NOTCH1/NPR3/ADRA2C/NMU/STC1/ARRB1/CACNA1S/KLF4/SLC8A3/CAV1/ADRB2/CAV3/JUND/ADGRD1/PROK2/RNF207/TNNT3/JPH4/ATP1B1/EDN3/LMCD1/EDN1/PRKG1/NR4A3/TRPC3/TNNC1",41
"GO:0014013","regulation of gliogenesis","17/1869","76/18842",0.223684210526316,2.25503365154459,3.63792407432173,0.00104958787084169,0.0150857431277325,0.0116139682626833,"PTN/PTPRZ1/QKI/LDLR/ID2/NEGR1/MDK/ZNF365/SOX10/NOTCH1/TSPO/CNTFR/E2F1/BMP2/IL6/EGR2/TENM4",17
"GO:0050866","negative regulation of cell activation","34/1869","198/18842",0.171717171717172,1.73113694462009,3.4319353442164,0.00105756669931086,0.0151603162990921,0.0116713794513854,"CDKN2A/IL31RA/VSIR/CRTAM/VSIG4/CD274/FYN/SFRP1/LDLR/ID2/IL10/GPER1/MIR27A/ZC3H8/MDK/TNFRSF14/TBX21/SPN/CST7/CLNK/CYGB/TNFRSF21/THBD/CLEC12A/FGR/TNFAIP3/PDGFB/CEBPB/TYROBP/ARG1/FOXP3/FGL1/PRKG1/CEACAM1",34
"GO:0044839","cell cycle G2/M phase transition","27/1869","146/18842",0.184931506849315,1.86435497702236,3.479137036477,0.00108376822942547,0.0154792927032254,0.0119169478534708,"FOXM1/CCNB1/CCNA2/CDKN1A/CDC6/CENPF/TICRR/BLM/ORC1/PLK3/CDC25A/ATAD5/PKMYT1/FHL1/DTL/KIF14/NEK2/AURKA/CDK1/CHEK1/NDC80/BIRC5/AURKB/MELK/PLK1/CLSPN/CDC25C",27
"GO:0044331","cell-cell adhesion mediated by cadherin","14/1869","57/18842",0.245614035087719,2.47611538208818,3.70364586706253,0.00108551638504121,0.0154792927032254,0.0119169478534708,"EPCAM/PLEKHA7/NOTCH1/CDH5/CDH3/VEGFA/CDH13/FAT2/CDH17/RGCC/CDH19/CDHR2/CDH26/BMP6",14
"GO:1903131","mononuclear cell differentiation","64/1869","439/18842",0.145785876993166,1.46971508523555,3.30445449002433,0.00109576846238641,0.0155845812988098,0.0119980057368768,"SOX13/RXRA/CDKN2A/IL31RA/VSIR/ZBTB7A/CRTAM/AGER/SFRP1/FOXO3/FANCA/QKI/ID2/IL10/ZC3H8/HLA-DRA/MDK/IL1RL1/BTNL8/TGFBR2/DCSTAMP/TBX21/SPN/RARA/PTGER4/IL7R/CLEC12A/CR2/KAT2A/LEPR/PF4/CCL19/ADGRG3/ZFP36L2/NFIL3/LYL1/CEBPB/BCL6/FOS/VEGFA/BLNK/PTCRA/JUNB/SOX4/MFNG/EZH2/ENTPD7/SOCS3/FOXP3/GATA3/SPIB/TPD52/IL6/CD19/MS4A1/CDH17/IL18RAP/SPI1/NCAPH/ZBTB16/KLF6/PAX5/IL18R1/GAS6",64
"GO:0110110","positive regulation of animal organ morphogenesis","7/1869","18/18842",0.388888888888889,3.92051602163962,4.11355405302173,0.0011091259259334,0.0157333711634365,0.0121125536746848,"GDNF/SIX1/SIX4/GATA3/BMP2/EDN1/CD34",7
"GO:0007019","microtubule depolymerization","12/1869","45/18842",0.266666666666667,2.68835384341002,3.76272758119493,0.00112033194651065,0.0158097752347853,0.0121713744070989,"BMERB1/MID1IP1/ARHGEF2/STMN2/KIF18A/CKAP2/TPX2/GAS2L1/KIF2C/KIF18B/AURKB/NCKAP5",12
"GO:0046850","regulation of bone remodeling","12/1869","45/18842",0.266666666666667,2.68835384341002,3.76272758119493,0.00112033194651065,0.0158097752347853,0.0121713744070989,"S1PR1/SFRP1/PDK4/MDK/DCSTAMP/TNFAIP3/RUFY4/LEPR/GREM1/TNFSF11/SPP1/IL6",12
"GO:0031623","receptor internalization","25/1869","132/18842",0.189393939393939,1.90934221833098,3.47900254465475,0.001146376103736,0.0161057246231488,0.012399215142203,"EGF/RSPO1/ADM/SFRP4/ARC/RIN3/CXCR1/RAMP3/ARRB1/CAV1/CAV3/CD36/CXCR2/SELE/GREM1/VEGFA/GRIA1/ENTREP1/WNT3A/TAMALIN/RAMP2/CEACAM1/IQSEC3/CALCRL/GHR",25
"GO:0007264","small GTPase-mediated signal transduction","70/1869","490/18842",0.142857142857143,1.44018955896966,3.2762225615018,0.00114723273130104,0.0161057246231488,0.012399215142203,"STARD13/RAC3/TAX1BP3/FOXM1/CDKN2A/RRAS/CCNA2/CDKN1A/SYDE1/MYOC/RASGRP4/ARHGEF16/AGTR1/SLIT2/ARHGEF2/RAB15/DLC1/SH2D3C/ADCYAP1R1/MICALL2/ARHGAP8/RHOB/FGD5/EPHB2/FGF2/NGEF/ARHGEF15/DOCK4/CXCL13/NOTCH1/CDKL5/SPRY4/FGF10/KANK2/HRAS/RDX/ARRB1/CCL19/CSNK1E/STARD8/NET1/DAB2IP/KIF14/CTNNAL1/RASAL1/ARHGEF19/DOK2/FBP1/ARHGAP31/CDH13/CRK/DOK7/ARHGAP6/APOA1/ARHGAP40/ECT2/COL3A1/FGD3/RASIP1/DENND3/TEK/MRAS/RALGPS2/ARFGAP1/HEG1/IQSEC3/FERMT2/CGNL1/PLEKHG4/CD2AP",70
"GO:0060976","coronary vasculature development","8/1869","23/18842",0.347826086956522,3.50654849140438,3.99134324513894,0.00115619722136447,0.0161897409888484,0.0124638963048425,"GPER1/FGF2/TGFBR3/GPC3/NOTCH1/VEGFA/TBX5/GATA6",8
"GO:0043009","chordate embryonic development","38/1869","230/18842",0.165217391304348,1.66561053341708,3.37027161018738,0.00117574907308611,0.0164211946377296,0.0126420841017331,"MESP2/HORMAD1/GCM1/DLC1/STIL/FUT8/TGFBR2/DSP/HOXA4/PTPRR/TFAP2A/MTHFD1L/FOXC2/FOXF1/TBX2/PDGFB/NKD1/PLK4/GRHL3/RBP4/E2F8/PRICKLE2/VEGFA/SIX1/UPB1/HEY1/SIX4/COL1A1/ZNF358/COL3A1/GATA3/HOXC11/DSCAML1/BMP2/EDN1/E2F7/WNT9A/SULF1",38
"GO:0034446","substrate adhesion-dependent cell spreading","20/1869","97/18842",0.206185567010309,2.0786241057294,3.53419563817432,0.0011821097800281,0.0164676985510068,0.0126778857833817,"RAC3/NEDD9/MYOC/MICALL2/MYADM/MDK/RADIL/ITGA8/SPRY4/PEAK1/PARVB/CASS4/KIF14/LAMC3/FGA/EFNA5/CRK/APOA1/TEK/FERMT2",20
"GO:0002688","regulation of leukocyte chemotaxis","23/1869","118/18842",0.194915254237288,1.96500439825521,3.48938026145897,0.00118748462322112,0.0165002658771364,0.0127029581904131,"NEDD9/PTN/C5AR1/FPR2/SLIT2/DAPK2/DUSP1/MDK/RIN3/CXCL13/BST1/NBL1/JAM3/CCL19/STK39/GREM1/VEGFA/CCL2/EDN3/IL6/EDN1/SPI1/GAS6",23
"GO:0120162","positive regulation of cold-induced thermogenesis","21/1869","104/18842",0.201923076923077,2.03565254969749,3.5143616485031,0.0011952573699964,0.0165359166492244,0.0127304044310169,"FABP4/ACADL/KDM6B/TRPV2/MFAP2/EPAS1/LEPR/LCN2/CAV1/ADRB2/CD36/CEBPB/ADRB1/VEGFA/PPARGC1A/YBX2/ACSL1/FFAR4/FABP5/IL13/GJA1",21
"GO:0048762","mesenchymal cell differentiation","39/1869","238/18842",0.163865546218487,1.65198214117108,3.35890973328452,0.00119613753785113,0.0165359166492244,0.0127304044310169,"FOXM1/SEMA3G/SFRP1/SEMA3A/QKI/PITX2/MDK/TGFBR3/RADIL/SOX10/TCF21/GDNF/TGFBR2/NOTCH1/GLIPR2/DAB2IP/TBX3/GREM1/FOXF2/SNAI1/VEGFA/S100A4/SIX1/HEY1/SEMA5A/TBX5/SEMA4B/EZH2/COL1A1/GATA3/BMP2/IL6/EDN1/SEMA6A/RGCC/FERMT2/SLC39A10/HMGA2/EMP2",39
"GO:0030212","hyaluronan metabolic process","10/1869","34/18842",0.294117647058824,2.96509615081988,3.80565377612341,0.00126836237599215,0.0174898801745313,0.0134648264619942,"EGF/CEMIP/HMMR/FGF2/HYAL1/PDGFB/ITIH5/HAS1/HYAL2/LYVE1",10
"GO:0010595","positive regulation of endothelial cell migration","25/1869","133/18842",0.18796992481203,1.89498626180218,3.43711625512178,0.00128146964960112,0.0175813752683911,0.0135352652270773,"EGF/RRAS/GAB1/PLPP3/SASH1/MIR27A/RHOB/ANXA3/FGF2/PTGS2/TGFBR3/FOXC2/LCN2/JCAD/MIR27B/PDGFB/GREM1/VEGFA/GATA2/SEMA5A/ATOH8/GATA3/EDN1/TEK/ANGPT4",25
"GO:0014074","response to purine-containing compound","25/1869","133/18842",0.18796992481203,1.89498626180218,3.43711625512178,0.00128146964960112,0.0175813752683911,0.0135352652270773,"SLC26A6/CIB2/SRD5A1/ASPH/HSP90B1/DUSP1/AQP9/STC1/CACNA1S/SLC8A3/FBP1/FOS/P2RX6/PENK/COL1A1/SLC6A4/CDO1/PER1/KCNE1/NT5E/P2RY6/TRPC3/FOSB/CAD/MMP19",25
"GO:0071214","cellular response to abiotic stimulus","48/1869","311/18842",0.154340836012862,1.5559604238386,3.28059005253381,0.00133959300187616,0.0180115745225083,0.0138664600804991,"MMP3/SCN7A/GUCY2F/CDKN1A/GAB1/MME/SFRP1/ARHGEF2/BLM/PECAM1/BRCA2/RHOB/KCNK3/FGF2/PTGS2/ASIC1/SLC24A4/PTGER4/HRAS/HYAL1/TSPO/PALM/SLC4A11/FIGNL1/LCN2/STK39/NET1/RGR/FBP1/ANKRD1/MCOLN1/EGR1/RAD51/COL1A1/PCNA/ECT2/TLR8/CHEK1/GATA3/MMP1/TEK/HYAL2/AURKB/IL13/BMP6/SLC24A2/CRYAB/RAD51AP1",48
"GO:0104004","cellular response to environmental stimulus","48/1869","311/18842",0.154340836012862,1.5559604238386,3.28059005253381,0.00133959300187616,0.0180115745225083,0.0138664600804991,"MMP3/SCN7A/GUCY2F/CDKN1A/GAB1/MME/SFRP1/ARHGEF2/BLM/PECAM1/BRCA2/RHOB/KCNK3/FGF2/PTGS2/ASIC1/SLC24A4/PTGER4/HRAS/HYAL1/TSPO/PALM/SLC4A11/FIGNL1/LCN2/STK39/NET1/RGR/FBP1/ANKRD1/MCOLN1/EGR1/RAD51/COL1A1/PCNA/ECT2/TLR8/CHEK1/GATA3/MMP1/TEK/HYAL2/AURKB/IL13/BMP6/SLC24A2/CRYAB/RAD51AP1",48
"GO:0051781","positive regulation of cell division","20/1869","98/18842",0.204081632653061,2.05741365567094,3.48260432151013,0.0013493848843352,0.0180115745225083,0.0138664600804991,"PTN/CDCA8/CDC6/CIT/FGF2/MDK/PDGFB/KIF14/VEGFA/PRKCE/ECT2/KIF23/INCENP/PPBP/BIRC5/AURKB/CAT/CDC14A/KIF20B/TAL1",20
"GO:0016049","cell growth","62/1869","426/18842",0.145539906103286,1.46723537228364,3.23683215743758,0.00135394082110517,0.0180115745225083,0.0138664600804991,"TMEM108/RGS2/NRG3/CDKN2A/SEMA3G/CDKN1A/NPR1/DCAF13/AGTR1/LATS2/SFRP1/SLIT2/SEMA3A/NRN1/TRPV2/HNF4A/BDNF/MACF1/PAK1/MINAR1/DCSTAMP/CDKL5/FHL1/BCL11A/HYAL1/ACVRL1/WFDC1/S100B/CDKN2D/CAV3/NET1/SESN1/KIF14/RASAL1/BCL6/FBP1/VEGFA/FAM107A/SYT4/EFNA5/SEMA5A/CRK/HBEGF/PRKN/CLSTN3/S100A8/SPP1/EDN3/KIF26A/SGK2/EDN1/PRKG1/SOX17/CEACAM1/HYAL2/CXCL16/CYP27B1/SH3GL2/CDHR2/LTBP4/GJA1/CRYAB",62
"GO:0007193","adenylate cyclase-inhibiting G protein-coupled receptor signaling pathway","21/1869","105/18842",0.2,2.01626538255752,3.46520612434778,0.00135715202909746,0.0180115745225083,0.0138664600804991,"S1PR1/RGS2/HCAR3/C5AR1/FPR2/OPRK1/CHRM4/GPR35/GPR146/ADGRG6/HCAR1/MARCO/PTGER4/ADRA2C/PALM/ADRB2/GNAZ/ADGRG3/CHRM1/AKAP12/PSAPL1",21
"GO:0032963","collagen metabolic process","21/1869","105/18842",0.2,2.01626538255752,3.46520612434778,0.00135715202909746,0.0180115745225083,0.0138664600804991,"MMP3/MMP7/MMP12/VSIR/P3H4/MMP13/CST3/CYGB/NOTCH1/KLF15/ADAMTS14/CTSS/MMP25/FAP/COL1A1/TNXB/MMP1/IL6/RGCC/MMP23B/MMP19",21
"GO:0044060","regulation of endocrine process","11/1869","40/18842",0.275,2.77236490101659,3.72356065135593,0.00135732326339511,0.0180115745225083,0.0138664600804991,"AGTR1/ECRG4/OPRK1/TACR2/PDE1C/TSPO/SPP1/RETN/TAC1/GJA1/BMP6",11
"GO:0071398","cellular response to fatty acid","11/1869","40/18842",0.275,2.77236490101659,3.72356065135593,0.00135732326339511,0.0180115745225083,0.0138664600804991,"CCNB1/LDLR/FFAR2/PDK4/LPL/CAMP/CAV3/JUND/E2F1/EDN1/PID1",11
"GO:1900744","regulation of p38MAPK cascade","11/1869","40/18842",0.275,2.77236490101659,3.72356065135593,0.00135732326339511,0.0180115745225083,0.0138664600804991,"ULK4/GADD45B/AGER/SASH1/OPRK1/DUSP1/STK39/DAB2IP/PER1/BMP2/SPI1",11
"GO:1990776","response to angiotensin","11/1869","40/18842",0.275,2.77236490101659,3.72356065135593,0.00135732326339511,0.0180115745225083,0.0138664600804991,"SLC26A6/CDC6/AGTR1/PTPN1/KL/CA2/CAV1/MIR27B/ACE/ACTN2/COL3A1",11
"GO:0001885","endothelial cell development","13/1869","52/18842",0.25,2.5203317281969,3.64295629201509,0.00135747638420065,0.0180115745225083,0.0138664600804991,"ROBO4/PECAM1/CLDN5/PROC/AMOTL2/MYADM/DSP/CDH5/STC1/RDX/VEGFA/FOXP3/ICAM1",13
"GO:0006940","regulation of smooth muscle contraction","13/1869","52/18842",0.25,2.5203317281969,3.64295629201509,0.00135747638420065,0.0180115745225083,0.0138664600804991,"RGS2/TACR2/GPER1/NPNT/DOCK4/ADRA2C/NMU/CAV1/ADRB2/PROK2/EDN3/EDN1/PRKG1",13
"GO:0051785","positive regulation of nuclear division","13/1869","52/18842",0.25,2.5203317281969,3.64295629201509,0.00135747638420065,0.0180115745225083,0.0138664600804991,"EGF/SKA3/CDC20/DLGAP5/NUSAP1/ESPL1/UBE2C/PDGFB/AURKA/EDN3/EDN1/PLK1/RAD51AP1",13
"GO:0015718","monocarboxylic acid transport","31/1869","178/18842",0.174157303370787,1.75573670953042,3.36167308094973,0.00135923901237409,0.0180115745225083,0.0138664600804991,"FABP4/RXRA/SLC5A6/SLC26A6/SLC10A6/FABP12/SLC16A12/CES1/SLC5A7/SLC16A9/SLC51B/ABCB4/ABCG2/CD36/ACE/CRABP2/ACSL5/SLC5A12/FABP3/SLC6A12/CLDN2/TNFSF11/ACSL1/EDN1/CEACAM1/SLC16A14/SLCO2A1/SLC16A11/PLA2G1B/FABP5/ABCC3",31
"GO:0010876","lipid localization","67/1869","468/18842",0.143162393162393,1.44326688708711,3.22228300119074,0.00136845400905934,0.0180895635796093,0.0139265010361443,"APOLD1/FABP4/RXRA/EGF/SLC10A6/PNPLA2/SFTPA1/ANO7/XKR9/AGTR1/PLEKHA8/FABP12/ECRG4/LDLR/STRA6/ANO9/APOL3/MIR27A/CES1/ABCA8/MSR1/LPL/SLC5A7/SLC25A10/ABCA6/XKR6/PON1/SLC51B/ABCB4/ACACB/ABCG2/TSPO/ABCA4/NFKBIA/CAV1/MIR27B/CD36/ACE/CRABP2/ABCA12/RBP4/ABCA10/ACSL5/PLSCR4/PRKN/FABP3/CLSTN3/APOA1/TNFSF11/SPP1/ACSL1/RETN/ABCA9/IL6/EDN1/ABCG1/PLIN2/TAC1/CEACAM1/SLCO2A1/PLA2G1B/PLSCR2/PITPNM2/FABP5/ABCC3/ATP10B/BMP6",67
"GO:0010565","regulation of ketone metabolic process","26/1869","141/18842",0.184397163120567,1.85896808320906,3.39728113947933,0.00138561499646616,0.0182277149535124,0.014032858784541,"ADM/ACADL/MID1IP1/DKK3/PDK4/CES1/PDK1/PTGS2/FGFR4/UGT1A6/ACACB/ANGPTL4/NME1/CAV1/PRMT3/PPARGC1A/NME2/EGR1/GPIHBP1/FABP3/BMP2/EDN1/CEACAM1/FABP5/KAT2B/BMP6",26
"GO:0032368","regulation of lipid transport","26/1869","141/18842",0.184397163120567,1.85896808320906,3.39728113947933,0.00138561499646616,0.0182277149535124,0.014032858784541,"RXRA/EGF/AGTR1/ECRG4/MIR27A/CES1/ABCA8/PON1/ABCB4/TSPO/NFKBIA/CAV1/MIR27B/ABCA12/ACSL5/PRKN/FABP3/APOA1/TNFSF11/SPP1/ACSL1/RETN/EDN1/ABCG1/TAC1/BMP6",26
"GO:0001932","regulation of protein phosphorylation","55/1869","369/18842",0.149051490514905,1.50263680271902,3.23575828612847,0.00142976931458347,0.0187631320921063,0.0144450570834432,"NEDD9/EGF/CDKN2A/IL31RA/FIRRM/CCNE2/RSPO1/CDKN1A/CDC6/LATS2/SFRP1/SASH1/SLIT2/PTPN1/CEMIP/BLM/IL10/CEP85/GPER1/GPRC5A/FGF2/S100A12/CDC25A/ZBED3/LIMCH1/CDKN3/PKMYT1/BCCIP/SERTAD1/FGF10/IL7R/FGR/ARRB1/PDGFB/CASS4/ADARB1/KIF14/TPX2/ODAM/PIK3R5/VEGFA/EZH2/DOK7/ECT2/TRAF4/PROM2/BMP2/IL6/ADCY8/CEACAM1/ANGPT4/IL13/HMGA2/CDC25C/GAS6",55
"GO:0030449","regulation of complement activation","9/1869","29/18842",0.310344827586207,3.12868766258925,3.80679275547008,0.0014493675907458,0.01891268026035,0.0145601888117921,"VSIG4/CD55/SERPING1/CR2/CFP/CD5L/A2M/MASP1/C4BPB",9
"GO:0051893","regulation of focal adhesion assembly","15/1869","65/18842",0.230769230769231,2.32646005679713,3.5547991840768,0.00145160825852493,0.01891268026035,0.0145601888117921,"MYOC/SFRP1/DLC1/MACF1/LIMCH1/PEAK1/ACVRL1/GREM1/VEGFA/FAM107A/EFNA5/ARHGAP6/TEK/FERMT2/PHLDB2",15
"GO:0090109","regulation of cell-substrate junction assembly","15/1869","65/18842",0.230769230769231,2.32646005679713,3.5547991840768,0.00145160825852493,0.01891268026035,0.0145601888117921,"MYOC/SFRP1/DLC1/MACF1/LIMCH1/PEAK1/ACVRL1/GREM1/VEGFA/FAM107A/EFNA5/ARHGAP6/TEK/FERMT2/PHLDB2",15
"GO:0022408","negative regulation of cell-cell adhesion","33/1869","194/18842",0.170103092783505,1.71486488722675,3.32113110738743,0.00146143518512301,0.0189951611501753,0.0146236878670656,"CDKN2A/VSIR/CRTAM/VSIG4/CD274/FYN/IL10/MIR27A/ZC3H8/EPCAM/MYADM/MDK/TNFRSF14/TBX21/SPN/NOTCH1/TNFRSF21/KLF4/ADTRP/ABCA12/CEBPB/VEGFA/ARG1/APOA1/FOXP3/FGL1/BMP2/PRKG1/CEACAM1/SPI1/MUC21/RGCC/BMP6",33
"GO:0051225","spindle assembly","24/1869","127/18842",0.188976377952756,1.90513264493624,3.39622530274845,0.00146922570472012,0.0190508430876954,0.01466655537778,"SKA3/CDCA8/DCAF13/SPAG5/TUBB8/STIL/BCCIP/UHRF1/STARD9/NEK2/TPX2/RCC1/KIF4A/LSM14A/KIF23/INCENP/NEK7/NDC80/KIF15/BIRC5/AURKB/PRC1/PLK1/KIF11",24
"GO:0033273","response to vitamin","18/1869","85/18842",0.211764705882353,2.13486922859031,3.47977299972704,0.00148270893038696,0.0191798990923628,0.0147659109302128,"RXRA/DNMT3A/SFRP1/KL/RARA/KANK2/TSPO/STC1/CYP24A1/CDKN2D/PENK/COL1A1/OTC/SPP1/CAT/CYP27B1/SHMT2/GAS6",18
"GO:0010811","positive regulation of cell-substrate adhesion","21/1869","106/18842",0.19811320754717,1.99724401102396,3.41659302907263,0.00153741510357016,0.0198011407591898,0.0152441824307213,"RAC3/NEDD9/RRAS/MYOC/PLPP3/SFRP1/FERMT1/NPNT/MYADM/MDK/PDGFB/CASS4/CD36/VEGFA/FGA/CDH13/CRK/APOA1/TEK/FERMT2/EMP2",21
"GO:0002685","regulation of leukocyte migration","35/1869","210/18842",0.166666666666667,1.68022115213126,3.28932936442729,0.00154096385343109,0.0198011407591898,0.0152441824307213,"RAC3/NEDD9/PTN/C5AR1/AGER/FPR2/SLIT2/DAPK2/DUSP1/GCSAML/MDK/RIN3/TNFRSF14/XG/SPN/CXCL13/PTGER4/BST1/NBL1/JAM3/CCL19/STK39/ADTRP/SELE/JAM2/GREM1/VEGFA/CCL2/EDN3/IL6/EDN1/SPI1/LYVE1/GAS6/ICAM1",35
"GO:1903522","regulation of blood circulation","41/1869","257/18842",0.159533073929961,1.60830507168985,3.25824724101373,0.00154254945838217,0.0198011407591898,0.0152441824307213,"EDNRB/RGS2/GLRX3/ADM/AGTR1/AGER/NOS1/ADRA1B/PTPN1/ASPH/ADM2/DOCK4/DSP/ADRA2C/NMU/TBX2/STC1/SLC8A3/CAV1/ADRB2/SLC4A3/CAV3/ACE/ADRB1/ADRA1D/FGA/RNF207/AVPR2/TBX5/JPH4/ATP1B1/SCN4B/EDN3/KCNE1/FXYD1/KCNH6/EDN1/TAC1/CELF2/SVEP1/GJA1",41
"GO:0044843","cell cycle G1/S phase transition","42/1869","265/18842",0.158490566037736,1.59779520881916,3.25210752442544,0.00155005895345445,0.0198011407591898,0.0152441824307213,"CCNB1/CDKN2A/CCNE2/CCNA2/CDKN1A/CDC6/LATS2/ID2/ADAMTS1/MTBP/STIL/PLK3/CCNE1/CDC25A/CDKN3/FHL1/FGF10/KANK2/TBX2/KLF11/RDX/KLF4/CDKN2D/KIF14/CCNI2/TERT/CCNJL/RCC1/E2F1/MIR30C2/MIR29C/FAM107A/CCL2/RRM2/SLFN11/CDK1/EZH2/CCNB2/CCNF/E2F7/CDKN2B/RGCC",42
"GO:0035360","positive regulation of peroxisome proliferator activated receptor signaling pathway","5/1869","10/18842",0.5,5.04066345639379,4.24113187768559,0.00156978479086281,0.0198011407591898,0.0152441824307213,"ALOX15B/JUND/CITED2/BMP2/FABP5",5
"GO:0045835","negative regulation of meiotic nuclear division","5/1869","10/18842",0.5,5.04066345639379,4.24113187768559,0.00156978479086281,0.0198011407591898,0.0152441824307213,"KNL1/HORMAD1/ZWINT/TRIP13/FBXO43",5
"GO:0051307","meiotic chromosome separation","5/1869","10/18842",0.5,5.04066345639379,4.24113187768559,0.00156978479086281,0.0198011407591898,0.0152441824307213,"KNL1/ZWINT/ESPL1/TTK/NCAPH",5
"GO:0060245","detection of cell density","5/1869","10/18842",0.5,5.04066345639379,4.24113187768559,0.00156978479086281,0.0198011407591898,0.0152441824307213,"LATS2/PAK1/TSPO/FAP/CDHR2",5
"GO:1990859","cellular response to endothelin","5/1869","10/18842",0.5,5.04066345639379,4.24113187768559,0.00156978479086281,0.0198011407591898,0.0152441824307213,"KLF2/KLF15/KLF11/KLF4/CRK",5
"GO:0098754","detoxification","30/1869","172/18842",0.174418604651163,1.75837097316063,3.31551568082096,0.00157081743192274,0.0198011407591898,0.0152441824307213,"ABCB6/SOD3/MT2A/SLC67A1/MT1A/AQP9/PTGS2/ALDH2/GPX2/HP/MT1E/LTC4S/CYGB/CP/ABCG2/AKR7L/SLC11A1/MT1M/CD36/SESN1/FBLN5/DHFR/NQO1/AKR7A3/PRKCE/MB/ABCG1/HBB/CAT/GPX3",30
"GO:0071897","DNA biosynthetic process","28/1869","157/18842",0.178343949044586,1.797943653236,3.33159974152133,0.00157082489733312,0.0198011407591898,0.0152441824307213,"PCLAF/TK1/CCNA2/CDKN1A/DACH1/CENPF/RFC4/DUSP1/LIG1/FGF2/CCN2/CCT6A/FGFR4/CHTF18/POLE2/DSCC1/TYMS/DTL/POLG2/CDKN2D/PDGFB/TERT/ANKRD1/VEGFA/HROB/PCNA/POLQ/PIF1",28
"GO:0042325","regulation of phosphorylation","60/1869","412/18842",0.145631067961165,1.46815440477489,3.18825004291053,0.00157878702234205,0.0198554395657045,0.0152859851188768,"NEDD9/EGF/CDKN2A/IL31RA/FIRRM/CCNE2/RSPO1/CDKN1A/CDC6/LATS2/SFRP1/SASH1/SLIT2/PTPN1/CEMIP/BLM/IL10/CEP85/GPER1/GPRC5A/FGF2/S100A12/CDC25A/ZBED3/LIMCH1/CDKN3/PKMYT1/BCCIP/SERTAD1/FGF10/IL7R/LDB2/FGR/ARRB1/PDGFB/CASS4/ADARB1/KIF14/TPX2/ODAM/PIK3R5/VEGFA/EZH2/PRKN/DOK7/ECT2/TRAF4/PROM2/EEF1A2/NEK7/BMP2/IL6/ADCY8/CEACAM1/ANGPT4/IL13/HMGA2/CDC25C/GAS6/EMP2",60
"GO:0061687","detoxification of inorganic compound","8/1869","24/18842",0.333333333333333,3.36044230426253,3.83963196175791,0.00158492964021527,0.0198866575872738,0.0153100187451065,"ABCB6/MT2A/MT1A/MT1E/ABCG2/SLC11A1/MT1M/CAT",8
"GO:0035051","cardiocyte differentiation","25/1869","135/18842",0.185185185185185,1.86691239125696,3.35441924928812,0.00159323188446421,0.019898916846653,0.0153194567057127,"RGS2/CCNB1/KDM6B/GPER1/PITX2/NRAP/TGFBR3/ALPK2/PAK1/NOTCH1/TBX2/KAT2A/CAV3/TBX3/GREM1/VEGFA/WNT3A/TBX5/GATA6/CDK1/ECE2/ACTN2/BMP2/EDN1/SOX17",25
"GO:0061041","regulation of wound healing","25/1869","135/18842",0.185185185185185,1.86691239125696,3.35441924928812,0.00159323188446421,0.019898916846653,0.0153194567057127,"FERMT1/PROC/EPHB2/FGF2/SERPING1/THBD/HRAS/FOXC2/TNFAIP3/PF4/CAV1/ADTRP/PDGFB/CD36/FAP/FGA/CRK/HBEGF/PRKCE/EDN1/PRKG1/CEACAM1/FERMT2/CPB2/PHLDB2",25
"GO:0001709","cell fate determination","7/1869","19/18842",0.368421052631579,3.71417307313227,3.92778074552321,0.00160685751346498,0.0199316366909937,0.0153446465310011,"MCL1/TBX2/KLF4/TNXB/GATA3/DSCAML1/SOX17",7
"GO:0030174","regulation of DNA-templated DNA replication initiation","7/1869","19/18842",0.368421052631579,3.71417307313227,3.92778074552321,0.00160685751346498,0.0199316366909937,0.0153446465310011,"GMNN/TICRR/MCM2/MCM6/CDT1/DTL/MCM4",7
"GO:0098801","regulation of renal system process","7/1869","19/18842",0.368421052631579,3.71417307313227,3.92778074552321,0.00160685751346498,0.0199316366909937,0.0153446465310011,"NPR1/AGTR1/PDE1C/STC1/PDGFB/GAS6/EMP2",7
"GO:0032232","negative regulation of actin filament bundle assembly","10/1869","35/18842",0.285714285714286,2.88037911793931,3.69485159385739,0.00161987239284258,0.0200473045793023,0.015433695056649,"S1PR1/MYOC/DLC1/RHPN1/SHANK3/PRKN/ARHGAP6/RHPN2/CGNL1/PHLDB2",10
"GO:0061448","connective tissue development","34/1869","203/18842",0.167487684729064,1.6884981036196,3.2727797778423,0.00163828877530692,0.0202291429914602,0.0155736858764486,"ZNF219/ADAMTS12/PRKG2/FGF2/LPL/MDK/ADGRG6/TGFBR2/NOTCH1/HRAS/HYAL1/ACVRL1/STC1/KAT2A/PDGFB/SNORC/GREM1/PPARGC1A/EGR1/COL3A1/GATA3/SACK1A/BMP2/CD34/CHRDL2/HYAL2/SPI1/ZBTB16/WNT9A/SOX5/GHR/HMGA2/BMP6/SULF1",34
"GO:1903034","regulation of response to wounding","29/1869","165/18842",0.175757575757576,1.77186957861115,3.30452968214037,0.00165145449019105,0.0203454699437822,0.0156632417916544,"PTN/IL10/FERMT1/PROC/EPHB2/FGF2/MDK/SERPING1/THBD/HRAS/FOXC2/TNFAIP3/PF4/CAV1/ADTRP/PDGFB/CD36/FAP/FGA/CRK/HBEGF/PRKCE/SPP1/EDN1/PRKG1/CEACAM1/FERMT2/CPB2/PHLDB2",29
"GO:0002697","regulation of immune effector process","52/1869","347/18842",0.14985590778098,1.51074639615261,3.18654605976818,0.00168519703318703,0.0207141979215049,0.0159471121316552,"CRTAM/VSIG4/RASGRP4/CD274/AGER/SECTM1/FFAR2/IL10/HLA-DRA/CD55/EPHB2/CD1A/TNFRSF14/TBX21/CLNK/RARA/SERPING1/INAVA/FGR/CR2/CCL19/ARID5A/KLRC3/CFP/CD5L/RBP4/RIF1/CD177/GATA2/JUNB/TYROBP/KLRD1/NECTIN4/ARG1/CRK/APOA1/FOXP3/A2M/HSPD1/IL6/NR4A3/TAC1/CEACAM1/SPI1/SH2D1B/MASP1/C4BPB/IL13/NCF1/FCN3/IL18R1/ICAM1",52
"GO:0030193","regulation of blood coagulation","15/1869","66/18842",0.227272727272727,2.29121066199718,3.48694303778347,0.00170930175557311,0.020915847833398,0.0161023551088867,"PROC/EPHB2/SERPING1/THBD/PF4/CAV1/ADTRP/PDGFB/CD36/FAP/FGA/EDN1/PRKG1/CEACAM1/CPB2",15
"GO:0045123","cellular extravasation","15/1869","66/18842",0.227272727272727,2.29121066199718,3.48694303778347,0.00170930175557311,0.020915847833398,0.0161023551088867,"AGER/PECAM1/MDK/XG/SPN/PTGER4/BST1/SELPLG/JAM3/SELE/JAM2/CD177/CCL2/LYVE1/ICAM1",15
"GO:0009612","response to mechanical stimulus","33/1869","196/18842",0.168367346938776,1.69736626592852,3.25666772990579,0.00174000686700678,0.0212437242886468,0.0163547753385764,"CCNB1/PTN/GAB1/PKD2L2/PTPRQ/RCAN1/TMC1/STRA6/PECAM1/FGF2/COL11A1/MDK/MEIS2/PTGER4/CAV3/JUND/FOS/TMC2/ANKRD1/SHANK3/PSPH/COL1A1/TXNIP/TLR8/CHEK1/RETN/EDN1/TEK/SCEL/ENDOG/IL13/FOSB/BMP6",33
"GO:0002042","cell migration involved in sprouting angiogenesis","20/1869","100/18842",0.2,2.01626538255752,3.38124379432593,0.00174504557729436,0.0212574722453817,0.0163653593934581,"STARD13/CLEC14A/SLIT2/MIR27A/FGF2/PTGS2/TGFBR3/MMRN2/NOTCH1/CDH5/FOXC2/KLF4/JCAD/MIR27B/ADTRP/GREM1/NR4A1/VEGFA/GATA2/MIR29C",20
"GO:0030098","lymphocyte differentiation","53/1869","356/18842",0.148876404494382,1.50087170330826,3.16597398169144,0.00177107807447815,0.0214909148930494,0.0165450784486093,"SOX13/CDKN2A/VSIR/ZBTB7A/CRTAM/SFRP1/FOXO3/FANCA/ID2/IL10/ZC3H8/HLA-DRA/MDK/BTNL8/TGFBR2/TBX21/SPN/RARA/PTGER4/IL7R/CR2/KAT2A/LEPR/CCL19/ADGRG3/ZFP36L2/NFIL3/LYL1/BCL6/BLNK/PTCRA/JUNB/SOX4/MFNG/EZH2/ENTPD7/SOCS3/FOXP3/GATA3/SPIB/TPD52/IL6/CD19/MS4A1/CDH17/IL18RAP/SPI1/NCAPH/ZBTB16/KLF6/PAX5/IL18R1/GAS6",53
"GO:0051216","cartilage development","25/1869","136/18842",0.183823529411765,1.85318509426242,3.31359608521285,0.00177212035193928,0.0214909148930494,0.0165450784486093,"ZNF219/ADAMTS12/PRKG2/FGF2/MDK/ADGRG6/TGFBR2/HYAL1/ACVRL1/STC1/KAT2A/SNORC/GREM1/COL3A1/GATA3/BMP2/CHRDL2/HYAL2/ZBTB16/WNT9A/SOX5/GHR/HMGA2/BMP6/SULF1",25
"GO:0007015","actin filament organization","64/1869","448/18842",0.142857142857143,1.44018955896966,3.12908941111084,0.00182235137756976,0.0219839541419793,0.0169246515422809,"S1PR1/RAC3/NEDD9/MARCKSL1/MYOC/TMOD1/SFRP1/SLIT2/ARHGEF2/BAIAP2L2/DLC1/SHROOM4/MYL9/HSP90B1/MICALL2/RHOB/MYADM/NRAP/CATIP/ESAM/CCN2/ARHGEF15/CORO6/PAK1/PDLIM1/ZBED3/LIMCH1/IQGAP3/PTGER4/KANK2/RDX/ARRB1/SORBS3/WASF3/PHACTR1/MYO7B/RHPN1/SHANK3/FAM107A/KANK3/SEMA5A/SPTBN1/CORO2B/PRKN/ARHGAP6/ACTN2/APOA1/PRKCE/GAS2L1/ARHGAP40/SYNPO/TAC1/ZYX/RHPN2/SPTBN2/CFL2/PLA2G1B/RGCC/FERMT2/CGNL1/SORBS1/CD2AP/PHLDB2/EMP2",64
"GO:0001701","in utero embryonic development","16/1869","73/18842",0.219178082191781,2.20960589869317,3.43607060161386,0.00182491502264544,0.0219839541419793,0.0169246515422809,"HORMAD1/GCM1/STIL/FUT8/PTPRR/FOXF1/PDGFB/PLK4/E2F8/PRICKLE2/VEGFA/UPB1/HEY1/COL3A1/BMP2/E2F7",16
"GO:0150116","regulation of cell-substrate junction organization","16/1869","73/18842",0.219178082191781,2.20960589869317,3.43607060161386,0.00182491502264544,0.0219839541419793,0.0169246515422809,"MYOC/SFRP1/DLC1/MACF1/LIMCH1/PEAK1/ACVRL1/RAB40A/GREM1/VEGFA/FAM107A/EFNA5/ARHGAP6/TEK/FERMT2/PHLDB2",16
"GO:0034394","protein localization to cell surface","14/1869","60/18842",0.233333333333333,2.35230961298377,3.48143396668142,0.00184537191806306,0.0221812071478686,0.0170765095005346,"TAX1BP3/EGF/BDNF/EPHB2/FGF10/JAM3/CAV3/FBLN5/CD177/TYROBP/GPIHBP1/ACTN2/KCNAB2/EMP2",14
"GO:0042692","muscle cell differentiation","54/1869","365/18842",0.147945205479452,1.49148398161789,3.1464250471121,0.00185640404943737,0.0222645545266959,0.0171406756343659,"EDNRB/RGS2/CCNB1/ADAM12/TMOD1/ADAMTS15/ADM/NOS1/SYNE1/KDM6B/QKI/RCAN1/ID2/GPER1/MYL9/CAV2/SDC1/NPNT/TMEM204/BDNF/NRAP/CHRNB1/ALPK2/PAK1/LBX2/ITGA8/NOTCH1/TBX2/KAT2A/CAV3/PDGFB/SORT1/POPDC3/FOXO4/RPL36A/TBX3/GREM1/ANKRD1/VEGFA/HEY1/TNNT3/WNT3A/SIX4/TBX5/GATA6/CDK1/RAMP2/ACTN2/NFATC1/BMP2/EDN1/PTGFRN/RPL17/TMEM182",54
"GO:0007409","axonogenesis","53/1869","357/18842",0.148459383753501,1.49666758089003,3.14389123969482,0.00188425132112311,0.0225487608538807,0.0173594758111971,"CCK/TENM2/RAC3/EFNA2/SEMA3G/ROBO4/FYN/NTRK2/SLIT2/SEMA3A/TRPV2/PTK7/BDNF/EPHB2/MACF1/FEZ1/IGSF9/CNTN4/GDNF/PAK1/GFRA3/NOTCH1/CDKL5/EFNA4/ANOS1/BCL11A/SLITRK2/S100B/EPHA5/VEGFA/NOVA2/LHX9/EFNA5/SEMA5A/SEMA4B/EPHA10/PTPRM/NECTIN1/NTNG2/SPP1/EDN3/TUBB3/DSCAML1/EDN1/PRKG1/SEMA6A/KIF5A/CNTN6/CDHR2/PLEKHG4/TENM4/EPHB6/ACTBL2",53
"GO:0046890","regulation of lipid biosynthetic process","33/1869","197/18842",0.16751269035533,1.68875019351264,3.22471229138862,0.00189574926064557,0.0226364961166755,0.0174270200182666,"ADM/ACADL/MID1IP1/QKI/LDLR/DKK3/PDK4/GPER1/CES1/GPR146/INSIG1/PTGS2/FGFR4/ANGPTL4/TSPO/NME1/PDGFB/PRMT3/ABHD6/SNAI1/NME2/EGR1/GPIHBP1/FABP3/BMP2/EDN1/ABCG1/CEACAM1/PITPNM2/FABP5/KAT2B/SORBS1/BMP6",33
"GO:1903532","positive regulation of secretion by cell","43/1869","276/18842",0.155797101449275,1.57064151177488,3.16910077327346,0.00192740408615248,0.0229640052633036,0.0176791574703278,"MYH10/ECRG4/OPRK1/TACR2/RAB15/GPER1/SDC1/STX1A/KMO/GDNF/CAMP/NMU/FGR/RUFY4/SCAMP5/TFR2/RBP4/RPH3A/CD177/ANKRD1/FGA/GATA2/SYT4/EFNA5/SOX4/PRKN/SLC6A4/TNFSF11/SPP1/EDN3/RETN/BMP2/EDN1/HCAR2/ADCY8/ABCG1/TAC1/FFAR4/PLA2G1B/RGCC/IL13/BMP6/CD2AP",43
"GO:1900046","regulation of hemostasis","15/1869","67/18842",0.223880597014925,2.25701348793752,3.42030382543935,0.00200407812471586,0.0237762896103614,0.0183045058238777,"PROC/EPHB2/SERPING1/THBD/PF4/CAV1/ADTRP/PDGFB/CD36/FAP/FGA/EDN1/PRKG1/CEACAM1/CPB2",15
"GO:0048638","regulation of developmental growth","36/1869","221/18842",0.16289592760181,1.64220709891562,3.1867431325377,0.00200433289923533,0.0237762896103614,0.0183045058238777,"WWC2/RGS2/CCNB1/SEMA3G/CDKN1A/LATS2/SEMA3A/TRPV2/BDNF/MACF1/FGF2/TGFBR3/PAK1/NOTCH1/CDKL5/ACACB/BCL11A/TBX2/LIN7A/CAV3/SPAAR/RASAL1/RBP4/VEGFA/SIX1/SYT4/EFNA5/SEMA5A/SIX4/TBX5/CDK1/PRKN/SLC6A4/SPP1/EDN1/GHR",36
"GO:0033280","response to vitamin D","10/1869","36/18842",0.277777777777778,2.80036858688544,3.58791198683106,0.00204628627268956,0.0241903340144525,0.0186232636422854,"RXRA/SFRP1/KL/KANK2/STC1/CYP24A1/CDKN2D/PENK/SPP1/CYP27B1",10
"GO:0030195","negative regulation of blood coagulation","12/1869","48/18842",0.25,2.5203317281969,3.49966670931142,0.00205259414332093,0.0241903340144525,0.0186232636422854,"PROC/SERPING1/THBD/PF4/ADTRP/PDGFB/FAP/FGA/EDN1/PRKG1/CEACAM1/CPB2",12
"GO:1900047","negative regulation of hemostasis","12/1869","48/18842",0.25,2.5203317281969,3.49966670931142,0.00205259414332093,0.0241903340144525,0.0186232636422854,"PROC/SERPING1/THBD/PF4/ADTRP/PDGFB/FAP/FGA/EDN1/PRKG1/CEACAM1/CPB2",12
"GO:0008038","neuron recognition","11/1869","42/18842",0.261904761904762,2.6403475247777,3.53149753992771,0.00208890804193002,0.0245119598095157,0.0188708717146685,"ROBO4/EPHB2/IGSF9/CNTN4/TNFRSF21/EPHA5/EFNA5/SEMA5A/DSCAML1/CNTN6/PCDH12",11
"GO:0009167","purine ribonucleoside monophosphate metabolic process","11/1869","42/18842",0.261904761904762,2.6403475247777,3.53149753992771,0.00208890804193002,0.0245119598095157,0.0188708717146685,"ATIC/PFAS/GDA/CARD11/PAICS/AMPD3/AK1/NT5E/XDH/AK4/PPAT",11
"GO:0001558","regulation of cell growth","54/1869","367/18842",0.147138964577657,1.48335600351643,3.103024792853,0.00209563547028967,0.0245379041165599,0.0188908452987378,"RGS2/NRG3/CDKN2A/SEMA3G/CDKN1A/NPR1/AGTR1/LATS2/SFRP1/SLIT2/SEMA3A/TRPV2/HNF4A/BDNF/MACF1/PAK1/MINAR1/DCSTAMP/CDKL5/FHL1/BCL11A/HYAL1/ACVRL1/WFDC1/CDKN2D/CAV3/NET1/SESN1/KIF14/RASAL1/BCL6/FBP1/VEGFA/FAM107A/SYT4/EFNA5/SEMA5A/CRK/HBEGF/PRKN/S100A8/SPP1/KIF26A/SGK2/EDN1/SOX17/CEACAM1/HYAL2/CXCL16/CYP27B1/CDHR2/LTBP4/GJA1/CRYAB",54
"GO:0072080","nephron tubule development","16/1869","74/18842",0.216216216216216,2.17974635952164,3.37421559412541,0.00211802446667468,0.0246036685505355,0.0189414749589765,"MAGED1/NPNT/LGR4/FGF2/GPC3/TCF21/GDNF/NOTCH1/GREM1/VEGFA/SIX1/KIF26B/SIX4/GATA3/BMP2/IRX1",16
"GO:2000042","negative regulation of double-strand break repair via homologous recombination","8/1869","25/18842",0.32,3.22602461209203,3.69574581303574,0.00213034102679405,0.0246036685505355,0.0189414749589765,"PARPBP/HELB/RMI2/RIF1/RADX/FANCB/POLQ/PLK1",8
"GO:0000212","meiotic spindle organization","6/1869","15/18842",0.4,4.03253076511503,3.8988596653961,0.00214653762064308,0.0246036685505355,0.0189414749589765,"SKA3/DCAF13/TUBB8/AURKA/NDC80/TUBG1",6
"GO:0002693","positive regulation of cellular extravasation","6/1869","15/18842",0.4,4.03253076511503,3.8988596653961,0.00214653762064308,0.0246036685505355,0.0189414749589765,"AGER/MDK/XG/JAM3/LYVE1/ICAM1",6
"GO:0007096","regulation of exit from mitosis","6/1869","15/18842",0.4,4.03253076511503,3.8988596653961,0.00214653762064308,0.0246036685505355,0.0189414749589765,"KNTC1/UBE2C/ANLN/BIRC5/RGCC/CDC14A",6
"GO:0048714","positive regulation of oligodendrocyte differentiation","6/1869","15/18842",0.4,4.03253076511503,3.8988596653961,0.00214653762064308,0.0246036685505355,0.0189414749589765,"PTN/PTPRZ1/QKI/MDK/ZNF365/TENM4",6
"GO:0051299","centrosome separation","6/1869","15/18842",0.4,4.03253076511503,3.8988596653961,0.00214653762064308,0.0246036685505355,0.0189414749589765,"CEP85/NEK2/AURKA/CHEK1/KIF15/KIF11",6
"GO:0071732","cellular response to nitric oxide","6/1869","15/18842",0.4,4.03253076511503,3.8988596653961,0.00214653762064308,0.0246036685505355,0.0189414749589765,"MMP3/CCNA2/PTPN1/FOXO1/AIFM1/CRK",6
"GO:0072079","nephron tubule formation","6/1869","15/18842",0.4,4.03253076511503,3.8988596653961,0.00214653762064308,0.0246036685505355,0.0189414749589765,"GDNF/GREM1/SIX1/SIX4/GATA3/IRX1",6
"GO:1902170","cellular response to reactive nitrogen species","6/1869","15/18842",0.4,4.03253076511503,3.8988596653961,0.00214653762064308,0.0246036685505355,0.0189414749589765,"MMP3/CCNA2/PTPN1/FOXO1/AIFM1/CRK",6
"GO:0045859","regulation of protein kinase activity","36/1869","222/18842",0.162162162162162,1.63480976964123,3.15723981290694,0.00216933022664065,0.0248125707817655,0.0191023012346837,"NEDD9/CDKN2A/FIRRM/CCNE2/CDKN1A/CDC6/LATS2/SASH1/PTPN1/CEMIP/BLM/CEP85/GPRC5A/FGF2/S100A12/CDC25A/CDKN3/PKMYT1/BCCIP/SERTAD1/FGR/PDGFB/CASS4/ADARB1/KIF14/TPX2/PIK3R5/EZH2/DOK7/ECT2/TRAF4/ADCY8/CEACAM1/HMGA2/CDC25C/GAS6",36
"GO:0120192","tight junction assembly","14/1869","61/18842",0.229508196721311,2.31374716031191,3.41031638264409,0.00218034398472218,0.0248861530861252,0.0191589495907039,"LSR/PECAM1/MARVELD3/CLDN5/MICALL2/EPHB2/ESAM/CDH5/ACVRL1/SNAI1/GPBAR1/RAMP2/ECT2/CLDN18",14
"GO:0071347","cellular response to interleukin-1","18/1869","88/18842",0.204545454545455,2.06208959579746,3.31385006295276,0.00223328631451233,0.0254024291684339,0.0195564118823489,"KLF2/ADAMTS12/SFRP1/MIR27A/KMO/CAMP/HYAL1/NFKBIA/LCN2/DAB2IP/CEBPB/ANKRD1/CCL2/AKAP12/EGR1/IL6/EDN1/HYAL2",18
"GO:0019751","polyol metabolic process","20/1869","102/18842",0.196078431372549,1.97673076721325,3.28221843759596,0.00223492750644421,0.0254024291684339,0.0195564118823489,"MOGAT1/PLPP3/PRKG2/IP6K3/GPER1/ADCYAP1R1/SGPP2/MOGAT2/CYP24A1/SORD/ASAH2B/DHFR/PLPP2/ITPKB/P2RY6/CYP27A1/CYP27B1/PTH1R/ANGPTL3/MIOX",20
"GO:1901890","positive regulation of cell junction assembly","19/1869","95/18842",0.2,2.01626538255752,3.29518927249797,0.00224574390250835,0.0254720806311646,0.0196100340255045,"MYOC/SFRP1/LRRC15/CLDN5/BDNF/EPHB2/ACVRL1/SLITRK2/CAV1/SYNDIG1/VEGFA/EFNA5/TBX5/CLSTN3/LRRTM4/RTN4RL2/PTPRD/TEK/FERMT2",19
"GO:0090189","regulation of branching involved in ureteric bud morphogenesis","7/1869","20/18842",0.35,3.52846441947566,3.75419027006846,0.00226235052188079,0.025500726940619,0.019632087783548,"MAGED1/LGR4/GDNF/GREM1/VEGFA/SIX1/SIX4",7
"GO:0090267","positive regulation of mitotic cell cycle spindle assembly checkpoint","7/1869","20/18842",0.35,3.52846441947566,3.75419027006846,0.00226235052188079,0.025500726940619,0.019632087783548,"CDCA8/MAD2L1/INCENP/GEN1/NDC80/BIRC5/AURKB",7
"GO:1902307","positive regulation of sodium ion transmembrane transport","7/1869","20/18842",0.35,3.52846441947566,3.75419027006846,0.00226235052188079,0.025500726940619,0.019632087783548,"NOS1/STK39/ATP1B1/FXYD6/FXYD1/ATP1B3/TESC",7
"GO:0050680","negative regulation of epithelial cell proliferation","24/1869","131/18842",0.183206106870229,1.84696065577788,3.22795673123222,0.00226726312951716,0.0255031896121465,0.0196339837053279,"MAGED1/SFRP1/MARVELD3/BRCA2/KLF9/CAV2/TGFBR3/MMRN2/ACVRL1/CAV1/DAB2IP/JUND/MIR29C/CCL2/ATOH8/GATA6/PTPRM/KRT4/GATA3/CEACAM1/CDKN2B/RGCC/NUPR1/SULF1",24
"GO:0051302","regulation of cell division","31/1869","184/18842",0.168478260869565,1.698484425524,3.15944219442484,0.00233088277896486,0.0261244512698273,0.0201122705960719,"PTN/CDCA8/CDC6/BLM/CIT/FGF2/MDK/PLK3/KIF20A/KAT2A/PDGFB/KIF14/E2F8/AURKA/VEGFA/TXNIP/PRKCE/ECT2/KIF23/INCENP/KIF18B/E2F7/PPBP/BIRC5/AURKB/CAT/PRC1/CDC14A/KIF20B/PLK1/TAL1",31
"GO:0002548","monocyte chemotaxis","13/1869","55/18842",0.236363636363636,2.38285908847707,3.40806504737961,0.00234321634666396,0.0261244512698273,0.0201122705960719,"FPR2/SLIT2/GPR35/DUSP1/S100A12/CCL23/NBL1/PF4/PDGFB/GREM1/CCL2/TNFSF11/IL6",13
"GO:0038066","p38MAPK cascade","13/1869","55/18842",0.236363636363636,2.38285908847707,3.40806504737961,0.00234321634666396,0.0261244512698273,0.0201122705960719,"ULK4/GADD45B/AGER/SASH1/OPRK1/DUSP1/ZFP36/MAP1LC3A/STK39/DAB2IP/PER1/BMP2/SPI1",13
"GO:0031644","regulation of nervous system process","23/1869","124/18842",0.185483870967742,1.86992354027512,3.2250728117932,0.00234653639235702,0.0261244512698273,0.0201122705960719,"TMEM108/QKI/STX1A/SOX10/GRIN2B/CST7/TNFRSF21/NMU/S100B/SLC8A3/ADRB2/CHRNB4/JAM2/SHANK3/GRIA1/TPPP/TMEM100/PRKN/EGR2/TAC1/FABP5/TENM4/CHRNA2",23
"GO:0043524","negative regulation of neuron apoptotic process","23/1869","124/18842",0.185483870967742,1.86992354027512,3.2250728117932,0.00234653639235702,0.0261244512698273,0.0201122705960719,"WFS1/PTPRZ1/PYCR1/FYN/NTRK2/IL10/BDNF/FGF2/MDK/HYOU1/GDNF/LCN2/CNTFR/KIF14/TERT/PPARGC1A/FGF20/SIX1/RETREG1/CCL2/SIX4/PRKN/TOX3",23
"GO:2000377","regulation of reactive oxygen species metabolic process","25/1869","139/18842",0.179856115107914,1.81318829366683,3.19315647680917,0.00241542669774084,0.0268364279117096,0.0206603956736753,"MMP3/FOXM1/CDKN1A/FYN/AGTR1/FPR2/FOXO3/HP/TGFBR2/TFAP2A/TSPO/BST1/LCN2/MIR27B/PDGFB/CD36/FBLN5/DHFR/CD177/TYROBP/NOX5/PRKN/PRKCE/PID1/CRYAB",25
"GO:0035886","vascular associated smooth muscle cell differentiation","9/1869","31/18842",0.290322580645161,2.92683684564801,3.56284695699085,0.00243254098850884,0.0269164871498341,0.0207220303868505,"ADM/QKI/GPER1/NOTCH1/PDGFB/VEGFA/GATA6/RAMP2/NFATC1",9
"GO:0090322","regulation of superoxide metabolic process","9/1869","31/18842",0.290322580645161,2.92683684564801,3.56284695699085,0.00243254098850884,0.0269164871498341,0.0207220303868505,"FPR2/BST1/MIR27B/CD36/FBLN5/DHFR/CD177/TYROBP/PRKCE",9
"GO:0003073","regulation of systemic arterial blood pressure","17/1869","82/18842",0.207317073170732,2.09003118923645,3.28251525956816,0.00251552800042954,0.0277755965770202,0.021383427676797,"EDNRB/ADM/AGTR1/MME/PTPN1/KL/ADM2/KCNK3/PDE1C/NMU/ADRB2/ACE/ADRB1/AVPR2/EDN3/EDN1/TAC1",17
"GO:0019218","regulation of steroid metabolic process","20/1869","103/18842",0.194174757281553,1.95753920636652,3.23354784819881,0.00252040661006275,0.0277755965770202,0.021383427676797,"ADM/AGTR1/ACADL/QKI/LDLR/DKK3/MIR27A/CES1/GPR146/CH25H/INSIG1/FGFR4/TSPO/MIR27B/SNAI1/EGR1/APOA1/BMP2/ABCG1/BMP6",20
"GO:0048511","rhythmic process","42/1869","272/18842",0.154411764705882,1.55667547918044,3.06872457765431,0.00255753610421324,0.0280285067531337,0.0215781340783194,"ID4/GNA11/SLC26A6/PTN/ID3/MAGED1/TOP2A/NTRK2/OPRK1/SLIT2/ID2/ID1/KLF9/SPSB4/HNF4A/LGR4/MDK/SUV39H2/GDF10/TIMELESS/NOTCH1/NMU/DTL/CSNK1E/BMAL2/NFIL3/JUND/ADRB1/PRKAA2/PROK2/PPARGC1A/USP2/EGR1/CDK1/EZH2/PCNA/SLC6A4/PER1/RETN/GFPT1/KAT2B/MMP19",42
"GO:0090050","positive regulation of cell migration involved in sprouting angiogenesis","10/1869","37/18842",0.27027027027027,2.72468294940205,3.48458275403129,0.00255863594986825,0.0280285067531337,0.0215781340783194,"MIR27A/FGF2/PTGS2/TGFBR3/FOXC2/JCAD/MIR27B/GREM1/VEGFA/GATA2",10
"GO:0007062","sister chromatid cohesion","14/1869","62/18842",0.225806451612903,2.27642865772623,3.34058030895309,0.00256399187489553,0.0280285067531337,0.0215781340783194,"HORMAD1/ESCO2/SGO1/ESPL1/DSCC1/DDX11/SGO2/SMC1B/BUB1/CDCA5/FEN1/DDX12P/PLK1/BUB1B",14
"GO:0072175","epithelial tube formation","14/1869","62/18842",0.225806451612903,2.27642865772623,3.34058030895309,0.00256399187489553,0.0280285067531337,0.0215781340783194,"EGF/DLC1/FGF2/STIL/MMRN2/GDNF/MTHFD1L/GRHL3/GREM1/VEGFA/SIX1/SIX4/GATA3/IRX1",14
"GO:0001503","ossification","52/1869","354/18842",0.146892655367232,1.4808728798445,3.03084878544618,0.00259458796147975,0.0282814038073734,0.0217728303777856,"S1PR1/RXRA/PTN/SMAD6/CCN1/MYOC/ADAMTS12/SFRP1/KL/MIR27A/NPNT/MMP13/LGR4/MDK/HSPE1/ADGRG6/IARS1/CCN2/GDF10/IGSF10/FSTL3/NOTCH1/SCUBE3/VCAN/TWIST2/TFAP2A/DMP1/STC1/CYP24A1/CRIM1/FIGNL1/TMT1A/SORT1/PRMT3/CLEC3B/PTPRB/GREM1/SNAI1/PENK/COL1A1/SPP1/BMP2/IL6/TAC1/CHRDL2/FFAR4/CAT/ZBTB16/CYP27B1/FERMT2/IBSP/BMP6",52
"GO:0007189","adenylate cyclase-activating G protein-coupled receptor signaling pathway","32/1869","193/18842",0.16580310880829,1.67151534305286,3.11160270201183,0.00259753736423327,0.0282814038073734,0.0217728303777856,"S1PR1/ADM/NOS1/ADRA1B/TACR2/ADCY9/GPER1/ADCYAP1R1/ADM2/S1PR5/ADGRG6/RAMP3/RXFP1/PTGER4/ADGRG4/PF4/ADRB2/VIPR1/ADRB1/S1PR4/ADGRD1/ADRA1D/AVPR2/GPBAR1/RAMP2/PTGER2/ADCY8/TAC1/FFAR4/CALCRL/PTH1R/PTGIR",32
"GO:0006188","IMP biosynthetic process","5/1869","11/18842",0.454545454545455,4.58242132399436,3.9437886436633,0.00264372234304003,0.0284422643361118,0.0218966710835213,"ATIC/PFAS/PAICS/AMPD3/PPAT",5
"GO:0033313","meiotic cell cycle checkpoint signaling","5/1869","11/18842",0.454545454545455,4.58242132399436,3.9437886436633,0.00264372234304003,0.0284422643361118,0.0218966710835213,"KNL1/HORMAD1/ZWINT/TRIP13/TTK",5
"GO:0033625","positive regulation of integrin activation","5/1869","11/18842",0.454545454545455,4.58242132399436,3.9437886436633,0.00264372234304003,0.0284422643361118,0.0218966710835213,"FERMT1/CXCL13/RASIP1/CDH17/FERMT2",5
"GO:0048484","enteric nervous system development","5/1869","11/18842",0.454545454545455,4.58242132399436,3.9437886436633,0.00264372234304003,0.0284422643361118,0.0218966710835213,"EDNRB/SOX10/GDNF/SLC6A4/KIF26A",5
"GO:1903044","protein localization to membrane raft","5/1869","11/18842",0.454545454545455,4.58242132399436,3.9437886436633,0.00264372234304003,0.0284422643361118,0.0218966710835213,"NEGR1/MYADM/RFTN1/CAV1/ATP1B1",5
"GO:2000048","negative regulation of cell-cell adhesion mediated by cadherin","5/1869","11/18842",0.454545454545455,4.58242132399436,3.9437886436633,0.00264372234304003,0.0284422643361118,0.0218966710835213,"EPCAM/NOTCH1/VEGFA/RGCC/BMP6",5
"GO:0001935","endothelial cell proliferation","31/1869","186/18842",0.166666666666667,1.68022115213126,3.09367478804438,0.00276582164357307,0.029697053338997,0.0228626877744115,"EGF/AGTR1/IL10/MIR27A/CAV2/FGF2/MDK/MMRN2/TNFSF12/ACVRL1/CAV1/EGFL7/JCAD/MIR27B/PDGFB/PROK2/NR4A1/VEGFA/GATA2/MIR29C/CCL2/SEMA5A/ATOH8/CDH13/NOX5/PTPRM/TEK/CD34/RGCC/BMP6/SULF1",31
"GO:0003205","cardiac chamber development","21/1869","111/18842",0.189189189189189,1.90727806458144,3.18125687561261,0.00277506924934907,0.0297375763939122,0.0228938850094239,"SMAD6/SLIT2/STRA6/ID2/ADGRG6/TGFBR3/TGFBR2/DSP/NOTCH1/FOXF1/TBX2/RBP4/HEY1/CITED2/SOX4/TBX5/GATA6/GATA3/BMP2/TEK/TNNC1",21
"GO:0000076","DNA replication checkpoint signaling","8/1869","26/18842",0.307692307692308,3.10194674239618,3.55895133606045,0.00281293857974778,0.0298352902471611,0.0229691113725436,"CDC6/TICRR/RFC4/ORC1/CDT1/TIMELESS/CDC45/CLSPN",8
"GO:0033622","integrin activation","8/1869","26/18842",0.307692307692308,3.10194674239618,3.55895133606045,0.00281293857974778,0.0298352902471611,0.0229691113725436,"FERMT1/CXCL13/PTGER4/JAM3/KIF14/RASIP1/CDH17/FERMT2",8
"GO:0061036","positive regulation of cartilage development","8/1869","26/18842",0.307692307692308,3.10194674239618,3.55895133606045,0.00281293857974778,0.0298352902471611,0.0229691113725436,"ZNF219/PRKG2/MDK/ACVRL1/BMP2/ZBTB16/SOX5/BMP6",8
"GO:1901978","positive regulation of cell cycle checkpoint","8/1869","26/18842",0.307692307692308,3.10194674239618,3.55895133606045,0.00281293857974778,0.0298352902471611,0.0229691113725436,"CDCA8/KNL1/MAD2L1/INCENP/GEN1/NDC80/BIRC5/AURKB",8
"GO:0001894","tissue homeostasis","32/1869","194/18842",0.164948453608247,1.66289928458352,3.07970845181106,0.00282195260948962,0.0298352902471611,0.0229691113725436,"S1PR1/NR1I2/USH2A/CIB2/LSR/PECAM1/PDK4/CLDN5/ESAM/DCSTAMP/NOTCH1/CDH5/MUC4/INAVA/TNFAIP3/RUFY4/JAM3/STK39/CDH3/ACP5/RBP4/JAM2/FREM3/VEGFA/TNFSF11/MUC13/SPP1/COL3A1/IL6/CD34/SH3GL2/GJA1",32
"GO:0060249","anatomical structure homeostasis","32/1869","194/18842",0.164948453608247,1.66289928458352,3.07970845181106,0.00282195260948962,0.0298352902471611,0.0229691113725436,"S1PR1/NR1I2/USH2A/CIB2/LSR/PECAM1/PDK4/CLDN5/ESAM/DCSTAMP/NOTCH1/CDH5/MUC4/INAVA/TNFAIP3/RUFY4/JAM3/STK39/CDH3/ACP5/RBP4/JAM2/FREM3/VEGFA/TNFSF11/MUC13/SPP1/COL3A1/IL6/CD34/SH3GL2/GJA1",32
"GO:0061326","renal tubule development","16/1869","76/18842",0.210526315789474,2.12238461321844,3.25341874303565,0.00282262823247576,0.0298352902471611,0.0229691113725436,"MAGED1/NPNT/LGR4/FGF2/GPC3/TCF21/GDNF/NOTCH1/GREM1/VEGFA/SIX1/KIF26B/SIX4/GATA3/BMP2/IRX1",16
"GO:0006066","alcohol metabolic process","50/1869","339/18842",0.147492625368732,1.48692137356749,3.00202934382258,0.00284823831902717,0.030047531625776,0.0231325083371074,"EDNRB/AKR1B15/PNPLA2/MOGAT1/AGTR1/PLPP3/ACADL/ADH1B/QKI/LDLR/PRKG2/DKK3/ADH1A/IP6K3/GPER1/MIR27A/ADCYAP1R1/CES1/CYP3A7/GPR146/CH25H/INSIG1/SGPP2/ALDH2/ALDH3B1/MOGAT2/CYP24A1/SORD/ASAH2B/MIR27B/DHFR/RBP4/PRKAA2/PLPP2/ITPKB/LSS/SULT1C4/APOA1/CYP27C1/BMP2/ABCG1/P2RY6/BCO1/CYP27A1/CYP27B1/PTH1R/ANGPTL3/CYP1A2/BMP6/MIOX",50
"GO:0010389","regulation of G2/M transition of mitotic cell cycle","19/1869","97/18842",0.195876288659794,1.97469290044293,3.19365697373824,0.00287701347204786,0.0302336831598376,0.0232758196735352,"CCNB1/CDKN1A/CDC6/CENPF/TICRR/BLM/ORC1/CDC25A/PKMYT1/FHL1/DTL/KIF14/AURKA/CDK1/CHEK1/AURKB/PLK1/CLSPN/CDC25C",19
"GO:0032465","regulation of cytokinesis","19/1869","97/18842",0.195876288659794,1.97469290044293,3.19365697373824,0.00287701347204786,0.0302336831598376,0.0232758196735352,"CDCA8/CDC6/CIT/PLK3/KIF20A/KIF14/E2F8/AURKA/PRKCE/ECT2/KIF23/INCENP/E2F7/BIRC5/AURKB/PRC1/CDC14A/KIF20B/PLK1",19
"GO:0035023","regulation of Rho protein signal transduction","18/1869","90/18842",0.2,2.01626538255752,3.20687409695046,0.00289289934466292,0.030341934632343,0.0233591585687703,"STARD13/TAX1BP3/MYOC/ARHGEF16/ARHGEF2/DLC1/ARHGEF15/KANK2/ARRB1/CCL19/STARD8/NET1/APOA1/COL3A1/RASIP1/TEK/HEG1/FERMT2",18
"GO:0032467","positive regulation of cytokinesis","12/1869","50/18842",0.24,2.41951845906902,3.33516146704219,0.00297039509345781,0.0310947139552144,0.0239386961553915,"CDCA8/CDC6/CIT/KIF14/PRKCE/ECT2/KIF23/INCENP/BIRC5/AURKB/CDC14A/KIF20B",12
"GO:0000910","cytokinesis","32/1869","195/18842",0.164102564102564,1.65437159594463,3.04799731399916,0.00306273668984723,0.0319997085306538,0.024635418762164,"MYH10/CDCA8/CDC6/CENPA/RHOB/CKAP2/CIT/PLK3/ZNF365/KIF20A/IQGAP3/NUSAP1/ESPL1/KIF14/E2F8/AURKA/SPTBN1/NOX5/KIF4A/PRKCE/ECT2/KIF23/INCENP/E2F7/ANLN/BIRC5/AURKB/PRC1/CDC14A/CEP55/KIF20B/PLK1",32
"GO:0090183","regulation of kidney development","9/1869","32/18842",0.28125,2.83537319422151,3.44811939824914,0.00309089429593914,0.0320212869083579,0.0246520311750689,"MAGED1/LGR4/GDNF/GREM1/VEGFA/SIX1/SIX4/EZH2/GATA3",9
"GO:0007127","meiosis I","21/1869","112/18842",0.1875,1.89024879614767,3.13565907304573,0.00310343514922065,0.0320212869083579,0.0246520311750689,"SYCP2/MND1/C14orf39/FANCD2/TOP2A/RAD54B/P3H4/RAD54L/KNL1/HORMAD1/ZWINT/BRCA2/SGO1/TRIP13/PTTG1/EME1/SGO2/RAD51/BRIP1/NDC80/RAD51AP1",21
"GO:0019430","removal of superoxide radicals","7/1869","21/18842",0.333333333333333,3.36044230426253,3.59136056382281,0.00310613222283347,0.0320212869083579,0.0246520311750689,"SOD3/CYGB/CD36/FBLN5/DHFR/NQO1/MB",7
"GO:0031643","positive regulation of myelination","7/1869","21/18842",0.333333333333333,3.36044230426253,3.59136056382281,0.00310613222283347,0.0320212869083579,0.0246520311750689,"QKI/SOX10/CST7/S100B/TPPP/EGR2/TENM4",7
"GO:0071731","response to nitric oxide","7/1869","21/18842",0.333333333333333,3.36044230426253,3.59136056382281,0.00310613222283347,0.0320212869083579,0.0246520311750689,"MMP3/CCNA2/PTPN1/FOXO1/AIFM1/CCL19/CRK",7
"GO:2000831","regulation of steroid hormone secretion","7/1869","21/18842",0.333333333333333,3.36044230426253,3.59136056382281,0.00310613222283347,0.0320212869083579,0.0246520311750689,"AGTR1/ECRG4/TSPO/SPP1/RETN/TAC1/BMP6",7
"GO:0045601","regulation of endothelial cell differentiation","11/1869","44/18842",0.25,2.5203317281969,3.35031926384624,0.00311195278623467,0.0320212869083579,0.0246520311750689,"APOLD1/CLDN5/PROC/NOTCH1/CDH5/ACVRL1/VEGFA/ATOH8/TMEM100/CEACAM1/BMP6",11
"GO:0071402","cellular response to lipoprotein particle stimulus","11/1869","44/18842",0.25,2.5203317281969,3.35031926384624,0.00311195278623467,0.0320212869083579,0.0246520311750689,"RXRA/LDLR/CES1/LPL/ADTRP/CD36/CDH13/TXNIP/APOA1/ABCG1/CD68",11
"GO:0006937","regulation of muscle contraction","29/1869","172/18842",0.168604651162791,1.6997586073886,3.05926877174261,0.00312597441728484,0.0321047618319632,0.0247162955010138,"RGS2/NOS1/ADRA1B/TACR2/MYLK2/ASPH/GPER1/MYL9/NPNT/DOCK4/DSP/ADRA2C/NMU/STC1/CACNA1S/SLC8A3/CAV1/ADRB2/CAV3/ADGRD1/PROK2/RNF207/TNNT3/JPH4/ATP1B1/EDN3/EDN1/PRKG1/TNNC1",29
"GO:0032905","transforming growth factor beta1 production","6/1869","16/18842",0.375,3.78049759229535,3.69216250301221,0.00314859214495745,0.0321897030348741,0.024781688662388,"JUN/TYROBP/GATA6/COL3A1/IL13/LAPTM4B",6
"GO:2001224","positive regulation of neuron migration","6/1869","16/18842",0.375,3.78049759229535,3.69216250301221,0.00314859214495745,0.0321897030348741,0.024781688662388,"WDR62/ARHGEF2/MDK/DAB2IP/SEMA6A/KIF20B",6
"GO:0060840","artery development","15/1869","70/18842",0.214285714285714,2.16028433845448,3.22727145930749,0.00315201951307804,0.0321897030348741,0.024781688662388,"LDLR/STRA6/MDK/TGFBR2/NOTCH1/FOXF1/ACVRL1/TBX2/VEGFA/HEY1/SOX4/COL3A1/EDN1/EGR2/ANGPTL3",15
"GO:0006766","vitamin metabolic process","10/1869","38/18842",0.263157894736842,2.65298076652305,3.38463465800522,0.00316874016282528,0.0322392608700931,0.024819841448136,"SLC19A3/CYP24A1/SLC19A2/PSAT1/PRMT3/SNAI1/CYP4F11/BCO1/CYP27A1/CYP27B1",10
"GO:2000780","negative regulation of double-strand break repair","10/1869","38/18842",0.263157894736842,2.65298076652305,3.38463465800522,0.00316874016282528,0.0322392608700931,0.024819841448136,"PARPBP/HELB/RMI2/RIF1/RADX/FANCB/POLQ/AUNIP/PLK1/HMGA2",10
"GO:0048562","embryonic organ morphogenesis","27/1869","157/18842",0.171974522292994,1.73373137990615,3.0634986138782,0.00321042126861042,0.0326022780417951,0.0250993152450353,"SOBP/MYO3B/NDRG4/STRA6/ID2/MFAP2/EPHB2/STIL/TCF21/TGFBR2/NOTCH1/HOXA4/TFAP2A/MTHFD1L/FOXF1/TBX2/RBP4/TBX3/FOXF2/RNF207/SIX1/TMIE/NECTIN1/HOXC11/DSCAML1/SOX17/TTC39C",27
"GO:0035710","CD4-positive, alpha-beta T cell activation","23/1869","127/18842",0.181102362204724,1.82575211806389,3.09837486566876,0.00321875094196315,0.0326258840815033,0.0251174886816143,"VSIR/CD274/AGER/NKG7/IL10/HLA-DRA/CD55/TGFBR2/TBX21/SPN/RARA/PTGER4/CCL19/CEBPB/JUNB/ENTPD7/SOCS3/FOXP3/GATA3/IL6/IL18RAP/CDH26/IL18R1",23
"GO:0043269","regulation of monoatomic ion transport","55/1869","383/18842",0.143603133159269,1.44771013107916,2.93744364865661,0.00327231828725356,0.0330106552977994,0.0254137101310066,"EGF/RGS9/DPP10/WFS1/FYN/NOS1/DPP6/OPRK1/TACR2/CEMIP/PLPP4/GPR35/ASPH/GPER1/TRPV2/ADCYAP1R1/TSPAN18/GRIN2B/FHL1/CA2/TSPO/STC1/CTSS/LCN2/CAV1/STK39/CAV3/KCNN4/PDGFB/CHRM1/GRIA1/CCL2/SLC31A2/JPH4/ATP1B1/ACTN2/F2RL3/SLC6A4/PRKCE/STOM/PER1/SCN4B/KCNAB2/FXYD6/KCNE1/FXYD1/EDN1/P2RY6/CD19/ATP1B3/TESC/MS4A1/PLA2G1B/TRPC3/IL13",55
"GO:0046888","negative regulation of hormone secretion","13/1869","57/18842",0.228070175438596,2.29924999765331,3.25988194586962,0.00328012304470385,0.0330106552977994,0.0254137101310066,"OPRK1/TACR2/PDE8B/FOXO1/ADRA2C/TSPO/GNAZ/EPHA5/RAB11FIP1/PRKN/EDN1/FFAR4/GJA1",13
"GO:0051445","regulation of meiotic cell cycle","13/1869","57/18842",0.228070175438596,2.29924999765331,3.25988194586962,0.00328012304470385,0.0330106552977994,0.0254137101310066,"KNL1/CDC20/HORMAD1/ZWINT/DUSP1/CDC25A/TRIP13/PKMYT1/ASPM/FBXO43/TTK/CDC25C/RAD51AP1",13
"GO:0007498","mesoderm development","17/1869","84/18842",0.202380952380952,2.04026854187368,3.17080228568595,0.00328101488327106,0.0330106552977994,0.0254137101310066,"NOMO3/SECTM1/KDM6B/MESP2/ITGA8/TCF15/FOXC2/KLF4/TBX3/SNAI1/VEGFA/WNT3A/CITED2/PUS7/BMX/HMGA2/GJA1",17
"GO:0007610","behavior","57/1869","400/18842",0.1425,1.43658908507223,2.92870872230458,0.00330884394215767,0.0332291111603376,0.0255818914020804,"CCK/EDNRB/NETO1/NEDD9/PTN/WFS1/PTPRZ1/NDRG4/FYN/MME/AGER/NTRK2/OPRK1/TACR2/LDLR/STRA6/ID2/CLDN5/ADM2/EPHB2/FGF2/MDK/ARC/CHRNB1/GDNF/GRIN2B/SLC24A4/NMU/TSPO/KAT2A/LEPR/S100B/SLC8A3/LCN2/CSNK1E/CHRNA5/CAMK2N1/CEBPB/ADRB1/FOS/SHANK3/GRIA1/PENK/USP2/SYT4/EGR1/PRKN/SLC6A4/FEN1/RETN/ADCY8/NR4A3/TAC1/SEZ6L2/FOSB/KAT2B/GRID1",57
"GO:0050920","regulation of chemotaxis","32/1869","196/18842",0.163265306122449,1.64593092453675,3.0164670998047,0.00332083031381608,0.0332879540497468,0.0256271924153813,"S1PR1/NEDD9/PTN/C5AR1/FPR2/SLIT2/DAPK2/DUSP1/FGF2/MDK/RIN3/CXCR1/CXCL13/NOTCH1/BST1/NBL1/JAM3/CCL19/STK39/PDGFB/CXCR2/GREM1/VEGFA/NOVA2/CCL2/SEMA5A/CDH13/EDN3/IL6/EDN1/SPI1/GAS6",32
"GO:0046883","regulation of hormone secretion","37/1869","236/18842",0.156779661016949,1.58054701598788,2.9781338312778,0.00343117815361538,0.0343307383215329,0.026429994328075,"AGTR1/ECRG4/OPRK1/TACR2/FFAR2/GPER1/HNF4A/STX1A/PDE8B/CAMP/FOXO1/ADRA2C/NMU/TSPO/GNAZ/EPHA5/ABCA12/TFR2/RBP4/RAB11FIP1/FGA/EFNA5/SOX4/PRKN/TNFSF11/SPP1/EDN3/RETN/IL6/EDN1/HCAR2/ADCY8/TAC1/FFAR4/GJA1/BMP6/UQCC2",37
"GO:0010812","negative regulation of cell-substrate adhesion","14/1869","64/18842",0.21875,2.20529026217228,3.20504614941597,0.00349825350420404,0.0348734152079643,0.0268477816443869,"CDKN2A/MMP12/MYOC/PTPN1/DLC1/NOTCH1/SPRY4/ACVRL1/MIR29C/FAM107A/EFNA5/CORO2B/ARHGAP6/PHLDB2",14
"GO:0014823","response to activity","14/1869","64/18842",0.21875,2.20529026217228,3.20504614941597,0.00349825350420404,0.0348734152079643,0.0268477816443869,"KDM6B/KL/SRD5A1/IL10/RBP4/FOS/PPARGC1A/METRNL/CDK1/PRKN/IL6/EDN1/CAT/BMP6",14
"GO:0045143","homologous chromosome segregation","12/1869","51/18842",0.235294117647059,2.3720769206559,3.25586148933119,0.00354033135464703,0.0351638395791541,0.0270713688685063,"SYCP2/MND1/C14orf39/FANCD2/P3H4/KNL1/HORMAD1/ZWINT/SGO1/TRIP13/PTTG1/SGO2",12
"GO:0061035","regulation of cartilage development","12/1869","51/18842",0.235294117647059,2.3720769206559,3.25586148933119,0.00354033135464703,0.0351638395791541,0.0270713688685063,"ZNF219/ADAMTS12/PRKG2/MDK/ACVRL1/KAT2A/GREM1/BMP2/ZBTB16/WNT9A/SOX5/BMP6",12
"GO:0035825","homologous recombination","15/1869","71/18842",0.211267605633803,2.12985779847625,3.16509373959306,0.00363750055546858,0.0357759036363085,0.0275425748591116,"SYCP2/FIRRM/MND1/C14orf39/FANCD2/TOP2A/RAD54B/RAD54L/TRIP13/UHRF1/EME1/FIGNL1/RAD51/BRIP1/RAD51AP1",15
"GO:0042310","vasoconstriction","15/1869","71/18842",0.211267605633803,2.12985779847625,3.16509373959306,0.00363750055546858,0.0357759036363085,0.0275425748591116,"EDNRB/ADM/AGTR1/ADRA1B/DOCK4/ADRA2C/CAV1/ACE/ADRA1D/FGA/AVPR2/SLC6A4/EDN3/EDN1/SVEP1",15
"GO:0061045","negative regulation of wound healing","15/1869","71/18842",0.211267605633803,2.12985779847625,3.16509373959306,0.00363750055546858,0.0357759036363085,0.0275425748591116,"PROC/FGF2/SERPING1/THBD/PF4/ADTRP/PDGFB/FAP/FGA/CRK/EDN1/PRKG1/CEACAM1/CPB2/PHLDB2",15
"GO:0006027","glycosaminoglycan catabolic process","8/1869","27/18842",0.296296296296296,2.98705982601114,3.42860957441928,0.00365463399929159,0.0357759036363085,0.0275425748591116,"CEMIP/HMMR/FGF2/HYAL1/PGLYRP4/HYAL2/LYG1/LYVE1",8
"GO:0006833","water transport","8/1869","27/18842",0.296296296296296,2.98705982601114,3.42860957441928,0.00365463399929159,0.0357759036363085,0.0275425748591116,"AQP9/AQP6/SLC14A1/SLC4A11/AQP10/AVPR2/HYAL2/PKP1",8
"GO:0010875","positive regulation of cholesterol efflux","8/1869","27/18842",0.296296296296296,2.98705982601114,3.42860957441928,0.00365463399929159,0.0357759036363085,0.0275425748591116,"RXRA/CES1/ABCA8/PON1/CAV1/ABCA12/APOA1/ABCG1",8
"GO:0031579","membrane raft organization","8/1869","27/18842",0.296296296296296,2.98705982601114,3.42860957441928,0.00365463399929159,0.0357759036363085,0.0275425748591116,"CAV2/MYADM/RFTN1/CAV1/CAV3/MAL/FA2H/EMP2",8
"GO:0071295","cellular response to vitamin","8/1869","27/18842",0.296296296296296,2.98705982601114,3.42860957441928,0.00365463399929159,0.0357759036363085,0.0275425748591116,"RXRA/SFRP1/KANK2/CYP24A1/PENK/COL1A1/CYP27B1/GAS6",8
"GO:0051249","regulation of lymphocyte activation","63/1869","453/18842",0.139072847682119,1.40203884217576,2.87418936489362,0.0037071098478215,0.0362243305813205,0.027887802552796,"SOX13/NEDD9/CDKN2A/VSIR/CRTAM/VSIG4/CD274/FYN/AGER/SFRP1/FOXO3/FANCA/ID2/IL10/MIR27A/ZC3H8/HLA-DRA/CD55/EPHB2/MDK/TNFRSF14/TGFBR2/TBX21/SPN/CLNK/TNFRSF21/RARA/FGF10/IL7R/CLEC12A/FGR/CARD11/TNFAIP3/MAP3K8/CLECL1/KAT2A/CCL19/CAV1/KLRC3/SIRPB1/ZFP36L2/CEBPB/RIF1/BCL6/JUNB/CCL2/TYROBP/SOX4/KLRD1/ARG1/TNFSF11/FOXP3/HSPD1/GATA3/FGL1/IL6/CD19/TAC1/SPI1/THEMIS2/ZBTB16/IL13/GAS6",63
"GO:0045598","regulation of fat cell differentiation","22/1869","121/18842",0.181818181818182,1.83296852959774,3.05024045664724,0.00371581961436088,0.036244251283344,0.0279031387811218,"SOX13/SFRP1/PTPRQ/ID2/GPER1/MIR27A/LPL/PTGS2/FOXO1/ZFP36/MIR27B/ZFP36L2/CEBPB/E2F1/ADIRF/SIX1/METRNL/BMP2/IL6/FFAR4/ZBTB16/FERMT2",22
"GO:0043491","phosphatidylinositol 3-kinase/protein kinase B signal transduction","44/1869","294/18842",0.149659863945578,1.50877001415869,2.91758789507157,0.00374248465393318,0.0362486353998155,0.027906513953901,"MMP3/EGF/RRAS/MYOC/GAB1/FYN/FPR2/NTRK2/PTPN1/PECAM1/GPER1/PDK1/HCST/FGF2/PLK3/PEAR1/RAMP3/ADRA2C/FGR/KLF4/CCL19/ADTRP/PDGFB/CASS4/DAB2IP/PIK3R5/VEGFA/MIR29C/DCN/PIP5K1B/EFNA5/SEMA5A/HBEGF/PIK3IP1/GATA3/EDN1/CD19/TEK/CEACAM1/HYAL2/RGCC/FERMT2/CEP55/GAS6",44
"GO:0051047","positive regulation of secretion","44/1869","294/18842",0.149659863945578,1.50877001415869,2.91758789507157,0.00374248465393318,0.0362486353998155,0.027906513953901,"MYH10/NPR1/ECRG4/OPRK1/TACR2/RAB15/GPER1/SDC1/STX1A/KMO/GDNF/CAMP/NMU/FGR/RUFY4/SCAMP5/TFR2/RBP4/RPH3A/CD177/ANKRD1/FGA/GATA2/SYT4/EFNA5/SOX4/PRKN/SLC6A4/TNFSF11/SPP1/EDN3/RETN/BMP2/EDN1/HCAR2/ADCY8/ABCG1/TAC1/FFAR4/PLA2G1B/RGCC/IL13/BMP6/CD2AP",44
"GO:0009126","purine nucleoside monophosphate metabolic process","11/1869","45/18842",0.244444444444444,2.46432435645919,3.26344721242561,0.00375630070496891,0.0362486353998155,0.027906513953901,"ATIC/PFAS/GDA/CARD11/PAICS/AMPD3/AK1/NT5E/XDH/AK4/PPAT",11
"GO:0031670","cellular response to nutrient","11/1869","45/18842",0.244444444444444,2.46432435645919,3.26344721242561,0.00375630070496891,0.0362486353998155,0.027906513953901,"RXRA/SFRP1/LPL/KANK2/CYP24A1/PENK/COL1A1/CDKN2B/CYP27B1/KAT2B/GAS6",11
"GO:0042311","vasodilation","11/1869","45/18842",0.244444444444444,2.46432435645919,3.26344721242561,0.00375630070496891,0.0362486353998155,0.027906513953901,"EDNRB/RGS2/KLF2/GAB1/NOS1/PECAM1/GPER1/ADRB2/ADRB1/PRKG1/KAT2B",11
"GO:0085029","extracellular matrix assembly","11/1869","45/18842",0.244444444444444,2.46432435645919,3.26344721242561,0.00375630070496891,0.0362486353998155,0.027906513953901,"TGFBR3/NOTCH1/MIR27B/FBLN5/HAS1/RAMP2/TNXB/COL3A1/RGCC/LTBP4/GAS6",11
"GO:0030183","B cell differentiation","21/1869","114/18842",0.184210526315789,1.85708653656613,3.04585144898204,0.00385834022129201,0.0370697611155431,0.0285386689575615,"ZBTB7A/SFRP1/ID2/IL10/CR2/ADGRG3/ZFP36L2/LYL1/BLNK/MFNG/EZH2/SPIB/TPD52/IL6/CD19/MS4A1/CDH17/SPI1/NCAPH/KLF6/PAX5",21
"GO:0007271","synaptic transmission, cholinergic","9/1869","33/18842",0.272727272727273,2.74945279439661,3.33774892697235,0.00388189826977886,0.0370697611155431,0.0285386689575615,"CHRNG/TACR2/SLC5A7/CHRNB1/CHRNB4/CHRNA5/NQO1/TAC1/CHRNA2",9
"GO:0090102","cochlea development","9/1869","33/18842",0.272727272727273,2.74945279439661,3.33774892697235,0.00388189826977886,0.0370697611155431,0.0285386689575615,"SOBP/MYO3B/CCNA2/MCM2/KCNK3/TBX2/GATA2/NECTIN1/GATA3",9
"GO:0031646","positive regulation of nervous system process","10/1869","39/18842",0.256410256410256,2.58495561866348,3.28785878498831,0.00388915218771573,0.0370697611155431,0.0285386689575615,"QKI/SOX10/CST7/NMU/S100B/CHRNB4/TPPP/EGR2/TAC1/TENM4",10
"GO:0032330","regulation of chondrocyte differentiation","10/1869","39/18842",0.256410256410256,2.58495561866348,3.28785878498831,0.00388915218771573,0.0370697611155431,0.0285386689575615,"ZNF219/ADAMTS12/PRKG2/MDK/ACVRL1/GREM1/ZBTB16/WNT9A/SOX5/BMP6",10
"GO:0071604","transforming growth factor beta production","10/1869","39/18842",0.256410256410256,2.58495561866348,3.28785878498831,0.00388915218771573,0.0370697611155431,0.0285386689575615,"FERMT1/PTGS2/JUN/KLF15/TYROBP/GATA6/COL3A1/IL37/IL13/LAPTM4B",10
"GO:1900026","positive regulation of substrate adhesion-dependent cell spreading","10/1869","39/18842",0.256410256410256,2.58495561866348,3.28785878498831,0.00388915218771573,0.0370697611155431,0.0285386689575615,"RAC3/NEDD9/MYOC/MYADM/MDK/CASS4/FGA/CRK/APOA1/FERMT2",10
"GO:1902903","regulation of supramolecular fiber organization","52/1869","361/18842",0.14404432132964,1.45215789325472,2.87844744162435,0.00390349331598045,0.0371217318664619,0.0285786793598764,"S1PR1/MYOC/TMOD1/SFRP1/SLIT2/BMERB1/MID1IP1/ARHGEF2/BAIAP2L2/LDLR/STMN2/DLC1/PFDN4/CKAP2/MYADM/ESAM/CCN2/ARHGEF15/PAK1/LIMCH1/CDH5/PTGER4/KANK2/RDX/SORBS3/CAV3/WASF3/RHPN1/TPX2/SHANK3/KANK3/SEMA5A/SPTBN1/PRKN/ARHGAP6/ACTN2/APOA1/PRKCE/GAS2L1/ARHGAP40/SYNPO/EDN1/TAC1/RHPN2/SPTBN2/CFL2/AURKB/RGCC/FERMT2/CGNL1/CRYAB/PHLDB2",52
"GO:0045785","positive regulation of cell adhesion","61/1869","437/18842",0.139588100686499,1.4072332761557,2.85820507249883,0.00390826994802433,0.0371217318664619,0.0285786793598764,"SOX13/RAC3/NEDD9/RRAS/VSIR/MYOC/DUSP26/CD274/FYN/AGER/PLPP3/SFRP1/FOXO3/IL10/FERMT1/FRMD5/NPNT/HLA-DRA/CD55/MYADM/MDK/TNFRSF14/TGFBR2/CXCL13/FSTL3/RARA/IL7R/CARD11/HYAL1/FOXC2/MAP3K8/CLECL1/CCL19/CAV1/MIR27B/PDGFB/CASS4/CD36/SIRPB1/SELE/BCL6/VEGFA/FGA/CCL2/CITED2/SOX4/CDH13/CRK/APOA1/TNFSF11/FOXP3/HSPD1/GATA3/IL6/NR4A3/TEK/ZBTB16/FERMT2/PKP1/IBSP/EMP2",61
"GO:0002274","myeloid leukocyte activation","35/1869","222/18842",0.157657657657658,1.5893983871512,2.93138534183018,0.00396225487048602,0.0375688145049748,0.0289228721205856,"CD93/IL31RA/C5AR1/VSIG4/AGER/FPR2/LDLR/IL10/ANXA3/S100A12/IL1RL1/CXCR1/CAMP/TGFBR2/DCSTAMP/CST7/CLNK/CLEC12A/SLC11A1/FGR/STK39/CXCR2/JUND/CD177/GATA2/TYROBP/HSPD1/C1QA/IL6/HAVCR1/NR4A3/TAC1/HYAL2/SPI1/IL13",35
"GO:0071900","regulation of protein serine/threonine kinase activity","20/1869","107/18842",0.186915887850467,1.8843601706145,3.04418845653352,0.00398723491990801,0.0377398036931363,0.0290545105150456,"CDKN2A/CCNE2/CDC6/LATS2/SASH1/PTPN1/CEMIP/BLM/FGF2/S100A12/CDC25A/CDKN3/PKMYT1/BCCIP/SERTAD1/PDGFB/PIK3R5/EZH2/HMGA2/CDC25C",20
"GO:2000045","regulation of G1/S transition of mitotic cell cycle","29/1869","175/18842",0.165714285714286,1.6706198884048,2.95757324960085,0.00403815272721297,0.0381552761164315,0.0293743677138136,"CDKN2A/CCNE2/CDKN1A/CDC6/ID2/ADAMTS1/MTBP/STIL/PLK3/CCNE1/FHL1/FGF10/KANK2/KLF11/RDX/KLF4/CDKN2D/KIF14/TERT/E2F1/MIR30C2/MIR29C/FAM107A/CCL2/RRM2/SLFN11/E2F7/CDKN2B/RGCC",29
"GO:0006302","double-strand break repair","47/1869","320/18842",0.146875,1.48069489031568,2.87791441686217,0.00405018863826533,0.0382025605411381,0.0294107702829951,"PARPBP/FOXM1/SAMHD1/TONSL/ZBTB7A/C14orf39/HELB/FANCD2/RAD54B/AGER/RAD54L/BLM/HELLS/MCM2/BRCA2/MCM6/GINS4/ZNF365/ZGRF1/TRIP13/TIMELESS/UHRF1/EME1/GINS2/RMI2/FIGNL1/PSMD14/DDX11/RIF1/RADX/RAD51/RECQL4/FANCB/POLQ/CDCA5/AUNIP/FEN1/CHEK1/BRIP1/GEN1/XRCC2/CDC45/PLK1/HMGA2/MCM4/RAD51AP1/PELI1",47
"GO:0050806","positive regulation of synaptic transmission","26/1869","152/18842",0.171052631578947,1.72443749823998,2.97574275749702,0.00407307347547395,0.0383069498556358,0.0294911358424027,"PTN/MME/AGER/NTRK2/TACR2/GPER1/EPHB2/STX1A/ARC/SORCS3/KMO/GRIN2B/NMU/S100B/SLC8A3/NSG1/SHANK3/GRIA1/FAM107A/CCL2/TYROBP/CLSTN3/RETN/ADCY8/TAC1/SLC24A2",26
"GO:0022407","regulation of cell-cell adhesion","65/1869","472/18842",0.13771186440678,1.38831832485422,2.83518646253128,0.00407535744828961,0.0383069498556358,0.0294911358424027,"SOX13/CDKN2A/VSIR/CRTAM/VSIG4/CD274/FYN/AGER/PLPP3/FOXO3/IL10/MIR27A/ZC3H8/HLA-DRA/CD55/EPCAM/MYADM/MDK/TNFRSF14/TGFBR2/TBX21/SPN/CXCL13/FSTL3/NOTCH1/TNFRSF21/RARA/IL7R/CARD11/MAP3K8/CLECL1/KLF4/CCL19/CAV1/PKHD1/ADTRP/SIRPB1/ABCA12/CEBPB/SELE/BCL6/VEGFA/FGA/CCL2/CITED2/EFNA5/SOX4/ARG1/APOA1/TNFSF11/FOXP3/HSPD1/GATA3/FGL1/BMP2/IL6/PRKG1/NR4A3/CEACAM1/SPI1/MUC21/ZBTB16/RGCC/PKP1/BMP6",65
"GO:0001938","positive regulation of endothelial cell proliferation","19/1869","100/18842",0.19,1.91545211342964,3.04582526440759,0.00409692385723807,0.0383768746834042,0.0295449684394183,"EGF/AGTR1/IL10/MIR27A/FGF2/MDK/TNFSF12/ACVRL1/EGFL7/JCAD/MIR27B/PDGFB/NR4A1/VEGFA/GATA2/SEMA5A/CDH13/TEK/BMP6",19
"GO:0061351","neural precursor cell proliferation","19/1869","100/18842",0.19,1.91545211342964,3.04582526440759,0.00409692385723807,0.0383768746834042,0.0295449684394183,"WNT2/PTN/PTPRZ1/WDR62/ARHGEF2/ID2/MDK/SHCBP1/NOTCH1/CNTFR/KIF14/DIXDC1/EML1/VEGFA/GATA2/WNT3A/SLC6A4/MELK/SOX5",19
"GO:0010524","positive regulation of calcium ion transport into cytosol","5/1869","12/18842",0.416666666666667,4.20055288032816,3.68016923111218,0.00416428860479457,0.0384492264532416,0.0296006694513954,"ASPH/ADCYAP1R1/CAV1/PLA2G1B/TRPC3",5
"GO:0010716","negative regulation of extracellular matrix disassembly","5/1869","12/18842",0.416666666666667,4.20055288032816,3.68016923111218,0.00416428860479457,0.0384492264532416,0.0296006694513954,"RECK/TIMP3/CST3/FAP/MIR29C",5
"GO:0042045","epithelial fluid transport","5/1869","12/18842",0.416666666666667,4.20055288032816,3.68016923111218,0.00416428860479457,0.0384492264532416,0.0296006694513954,"EDNRB/SLC26A6/EDN1/CLDN18/PKP1",5
"GO:0060841","venous blood vessel development","5/1869","12/18842",0.416666666666667,4.20055288032816,3.68016923111218,0.00416428860479457,0.0384492264532416,0.0296006694513954,"NOTCH1/FOXF1/ACVRL1/VEGFA/CCBE1",5
"GO:0060977","coronary vasculature morphogenesis","5/1869","12/18842",0.416666666666667,4.20055288032816,3.68016923111218,0.00416428860479457,0.0384492264532416,0.0296006694513954,"FGF2/TGFBR3/NOTCH1/VEGFA/TBX5",5
"GO:0097646","calcitonin family receptor signaling pathway","5/1869","12/18842",0.416666666666667,4.20055288032816,3.68016923111218,0.00416428860479457,0.0384492264532416,0.0296006694513954,"ADM/ADM2/RAMP3/RAMP2/CALCRL",5
"GO:0071450","cellular response to oxygen radical","7/1869","22/18842",0.318181818181818,3.20769492679605,3.43809529783929,0.00417055873646397,0.0384492264532416,0.0296006694513954,"SOD3/CYGB/CD36/FBLN5/DHFR/NQO1/MB",7
"GO:0071451","cellular response to superoxide","7/1869","22/18842",0.318181818181818,3.20769492679605,3.43809529783929,0.00417055873646397,0.0384492264532416,0.0296006694513954,"SOD3/CYGB/CD36/FBLN5/DHFR/NQO1/MB",7
"GO:0051928","positive regulation of calcium ion transport","18/1869","93/18842",0.193548387096774,1.95122456376534,3.05149593868535,0.00418054630692279,0.0384492264532416,0.0296006694513954,"WFS1/CEMIP/ASPH/GPER1/TRPV2/ADCYAP1R1/TSPO/STC1/CAV1/PDGFB/CCL2/F2RL3/P2RY6/CD19/MS4A1/PLA2G1B/TRPC3/IL13",18
"GO:0048709","oligodendrocyte differentiation","15/1869","72/18842",0.208333333333333,2.10027644016408,3.10393948393292,0.00418249453964031,0.0384492264532416,0.0296006694513954,"SOX13/PTN/PTPRZ1/NTRK2/QKI/OLIG1/GPR17/MDK/ZNF365/SOX10/NOTCH1/TNFRSF21/SLC8A3/TPPP/TENM4",15
"GO:0050818","regulation of coagulation","15/1869","72/18842",0.208333333333333,2.10027644016408,3.10393948393292,0.00418249453964031,0.0384492264532416,0.0296006694513954,"PROC/EPHB2/SERPING1/THBD/PF4/CAV1/ADTRP/PDGFB/CD36/FAP/FGA/EDN1/PRKG1/CEACAM1/CPB2",15
"GO:0050819","negative regulation of coagulation","12/1869","52/18842",0.230769230769231,2.32646005679714,3.17840897509047,0.00419518784578094,0.0385007695373781,0.0296403506085153,"PROC/SERPING1/THBD/PF4/ADTRP/PDGFB/FAP/FGA/EDN1/PRKG1/CEACAM1/CPB2",12
"GO:0051057","positive regulation of small GTPase mediated signal transduction","16/1869","79/18842",0.20253164556962,2.04178772917217,3.07906575769203,0.00423438878042386,0.0387949987251987,0.0298668670234091,"ADCYAP1R1/ARHGEF15/NOTCH1/CDKL5/FGF10/HRAS/ARRB1/CCL19/NET1/CRK/DOK7/APOA1/COL3A1/TEK/MRAS/FERMT2",16
"GO:0070555","response to interleukin-1","21/1869","115/18842",0.182608695652174,1.8409379579873,3.0016226285825,0.00428967202210269,0.0392353334950908,0.0302058648440124,"KLF2/ADAMTS12/SFRP1/MIR27A/TLE5/KMO/CAMP/HYAL1/NFKBIA/LCN2/DAB2IP/CEBPB/SELE/ANKRD1/CCL2/AKAP12/EGR1/IL6/EDN1/HYAL2/GHR",21
"GO:0045471","response to ethanol","23/1869","130/18842",0.176923076923077,1.7836193768778,2.97504855444428,0.00434871843765357,0.0396419249526373,0.0305188849083103,"RGS2/DNMT3A/OPRK1/CLDN5/ADCYAP1R1/FGF2/GRIN2B/RARA/S100B/PSMD14/RBP4/FOS/GRIA1/PENK/CDK1/S100A8/CDO1/GATA3/SPI1/CLDN18/CAT/IL13/FOSB",23
"GO:0061640","cytoskeleton-dependent cytokinesis","23/1869","130/18842",0.176923076923077,1.7836193768778,2.97504855444428,0.00434871843765357,0.0396419249526373,0.0305188849083103,"MYH10/CDCA8/CENPA/RHOB/CKAP2/CIT/ZNF365/KIF20A/IQGAP3/NUSAP1/ESPL1/SPTBN1/NOX5/KIF4A/ECT2/KIF23/INCENP/ANLN/BIRC5/AURKB/CEP55/KIF20B/PLK1",23
"GO:0002695","negative regulation of leukocyte activation","29/1869","176/18842",0.164772727272727,1.66112772994795,2.92410791512507,0.00438821787888081,0.0398437079646596,0.0306742303545195,"CDKN2A/IL31RA/VSIR/CRTAM/VSIG4/CD274/FYN/SFRP1/LDLR/ID2/IL10/GPER1/MIR27A/ZC3H8/MDK/TNFRSF14/TBX21/SPN/CST7/CLNK/TNFRSF21/CLEC12A/FGR/TNFAIP3/CEBPB/TYROBP/ARG1/FOXP3/FGL1",29
"GO:2000146","negative regulation of cell motility","54/1869","380/18842",0.142105263157895,1.43260961392245,2.82700067009415,0.00441174876476366,0.0398437079646596,0.0306742303545195,"STARD13/NEDD9/NDRG4/DACH1/SFRP1/FOXO3/SLIT2/PTPN1/ALOX15B/RECK/DLC1/FRMD5/MARVELD3/CLDN5/DUSP1/RHOB/FGF2/RIN3/KRT16/TGFBR3/MMRN2/CXCL13/LIMCH1/CYGB/NOTCH1/PTGER4/PTPRR/ACVRL1/STC1/NBL1/KLF4/ADTRP/DAB2IP/ADARB1/HAS1/GREM1/MIR30C2/MIR29C/DCN/CCL2/CITED2/TBX5/CRK/PTPRM/COL3A1/GATA3/PRKG1/ANGPT4/HYAL2/RGCC/MITF/GJA1/PHLDB2/SULF1",54
"GO:0090596","sensory organ morphogenesis","26/1869","153/18842",0.169934640522876,1.71316666491815,2.93914517715155,0.00445547131699275,0.0398437079646596,0.0306742303545195,"WNT2/SOBP/MYO3B/STRA6/PITX2/MFAP2/PAX6/EPHB2/COL5A2/TFAP2A/TBX2/NKD1/RS1/RBP4/TBX3/FOXF2/VEGFA/SIX1/EFNA5/SOX4/TMIE/SIX4/PTPRM/NECTIN1/TTC39C/WNT9A",26
"GO:0002523","leukocyte migration involved in inflammatory response","6/1869","17/18842",0.352941176470588,3.55811538098385,3.50150230903651,0.00446189007110946,0.0398437079646596,0.0306742303545195,"PTN/FFAR2/MDK/TBX21/SELE/S100A8",6
"GO:0007413","axonal fasciculation","6/1869","17/18842",0.352941176470588,3.55811538098385,3.50150230903651,0.00446189007110946,0.0398437079646596,0.0306742303545195,"EPHB2/CNTN4/TNFRSF21/EPHA5/EFNA5/SEMA5A",6
"GO:0010522","regulation of calcium ion transport into cytosol","6/1869","17/18842",0.352941176470588,3.55811538098385,3.50150230903651,0.00446189007110946,0.0398437079646596,0.0306742303545195,"NOS1/ASPH/ADCYAP1R1/CAV1/PLA2G1B/TRPC3",6
"GO:0030214","hyaluronan catabolic process","6/1869","17/18842",0.352941176470588,3.55811538098385,3.50150230903651,0.00446189007110946,0.0398437079646596,0.0306742303545195,"CEMIP/HMMR/FGF2/HYAL1/HYAL2/LYVE1",6
"GO:0032332","positive regulation of chondrocyte differentiation","6/1869","17/18842",0.352941176470588,3.55811538098385,3.50150230903651,0.00446189007110946,0.0398437079646596,0.0306742303545195,"ZNF219/PRKG2/ACVRL1/ZBTB16/SOX5/BMP6",6
"GO:0055091","phospholipid homeostasis","6/1869","17/18842",0.352941176470588,3.55811538098385,3.50150230903651,0.00446189007110946,0.0398437079646596,0.0306742303545195,"HNF4A/FABP3/APOA1/ABCG1/TLCD1/ANGPTL3",6
"GO:0106030","neuron projection fasciculation","6/1869","17/18842",0.352941176470588,3.55811538098385,3.50150230903651,0.00446189007110946,0.0398437079646596,0.0306742303545195,"EPHB2/CNTN4/TNFRSF21/EPHA5/EFNA5/SEMA5A",6
"GO:1902065","response to L-glutamate","6/1869","17/18842",0.352941176470588,3.55811538098385,3.50150230903651,0.00446189007110946,0.0398437079646596,0.0306742303545195,"FYN/BCL11A/AIFM1/GRIA1/PCNA/PRKN",6
"GO:0010718","positive regulation of epithelial to mesenchymal transition","13/1869","59/18842",0.220338983050847,2.22130931976676,3.11778754386258,0.0045007053567448,0.0398437079646596,0.0306742303545195,"FOXM1/MDK/TGFBR2/NOTCH1/GLIPR2/SNAI1/EZH2/COL1A1/BMP2/IL6/RGCC/FERMT2/EMP2",13
"GO:0019229","regulation of vasoconstriction","13/1869","59/18842",0.220338983050847,2.22130931976676,3.11778754386258,0.0045007053567448,0.0398437079646596,0.0306742303545195,"ADM/AGTR1/ADRA1B/DOCK4/ADRA2C/CAV1/ACE/ADRA1D/FGA/AVPR2/EDN3/EDN1/SVEP1",13
"GO:0045600","positive regulation of fat cell differentiation","13/1869","59/18842",0.220338983050847,2.22130931976676,3.11778754386258,0.0045007053567448,0.0398437079646596,0.0306742303545195,"SOX13/SFRP1/ID2/LPL/PTGS2/ZFP36/CEBPB/ADIRF/SIX1/METRNL/BMP2/FFAR4/ZBTB16",13
"GO:0060420","regulation of heart growth","13/1869","59/18842",0.220338983050847,2.22130931976676,3.11778754386258,0.0045007053567448,0.0398437079646596,0.0306742303545195,"RGS2/CCNB1/FGF2/TGFBR3/PAK1/NOTCH1/ACACB/TBX2/CAV3/RBP4/TBX5/CDK1/EDN1",13
"GO:0097009","energy homeostasis","13/1869","59/18842",0.220338983050847,2.22130931976676,3.11778754386258,0.0045007053567448,0.0398437079646596,0.0306742303545195,"ENHO/FOXO1/ACACB/NMU/LEPR/STK39/CD36/PRKAA2/PPARGC1A/METRNL/GPBAR1/NR4A3/CCDC198",13
"GO:0061028","establishment of endothelial barrier","11/1869","46/18842",0.239130434782609,2.41075208784051,3.17888062382085,0.00450285968899337,0.0398437079646596,0.0306742303545195,"ROBO4/PECAM1/CLDN5/PROC/MYADM/DSP/CDH5/RDX/VEGFA/FOXP3/ICAM1",11
"GO:1904646","cellular response to amyloid-beta","11/1869","46/18842",0.239130434782609,2.41075208784051,3.17888062382085,0.00450285968899337,0.0398437079646596,0.0306742303545195,"FYN/AGER/FPR2/FOXO3/EPHB2/LCN2/ADRB2/CD36/TYROBP/GJA1/ICAM1",11
"GO:0040013","negative regulation of locomotion","55/1869","389/18842",0.141388174807198,1.42538041183372,2.81317090452802,0.00454715577489118,0.0401702395528191,0.0309256152196559,"STARD13/NEDD9/NDRG4/DACH1/SFRP1/FOXO3/SLIT2/PTPN1/ALOX15B/RECK/DLC1/FRMD5/MARVELD3/CLDN5/DUSP1/RHOB/FGF2/RIN3/KRT16/TGFBR3/MMRN2/CXCL13/LIMCH1/CYGB/NOTCH1/PTGER4/PTPRR/ACVRL1/STC1/NBL1/KLF4/ADTRP/DAB2IP/ADARB1/HAS1/GREM1/MIR30C2/MIR29C/DCN/CCL2/CITED2/SEMA5A/TBX5/CRK/PTPRM/COL3A1/GATA3/PRKG1/ANGPT4/HYAL2/RGCC/MITF/GJA1/PHLDB2/SULF1",55
"GO:0090066","regulation of anatomical structure size","59/1869","423/18842",0.139479905437352,1.40614252447865,2.8034508312449,0.00456348463516909,0.0402454909230016,0.0309835485291139,"EDNRB/RGS2/SEMA3G/MYO3B/KLF2/TMOD1/NPR1/GAB1/ADM/AGTR1/NOS1/ADRA1B/SLIT2/SEMA3A/BAIAP2L2/PECAM1/GPER1/TRPV2/BDNF/MYADM/MACF1/RIN3/ESAM/PAK1/DOCK4/CDKL5/KANK2/ADRA2C/BCL11A/RDX/CAV1/ADRB2/STK39/CAV3/ACE/ADRB1/VEGFA/SHANK3/ADRA1D/FGA/KANK3/EFNA5/SEMA5A/AVPR2/SPTBN1/ACTN2/SLC6A4/PRKCE/ARHGAP40/SPP1/EDN3/EDN1/PRKG1/HBB/SPTBN2/CFL2/SVEP1/KAT2B/CDHR2",59
"GO:0008016","regulation of heart contraction","33/1869","208/18842",0.158653846153846,1.59944128904803,2.88471289090382,0.0045704892139687,0.0402454909230016,0.0309835485291139,"EDNRB/RGS2/GLRX3/ADM/NOS1/ADRA1B/PTPN1/ASPH/ADM2/DSP/NMU/TBX2/STC1/SLC8A3/CAV1/ADRB2/SLC4A3/CAV3/ACE/ADRB1/RNF207/TBX5/JPH4/ATP1B1/SCN4B/EDN3/KCNE1/FXYD1/KCNH6/EDN1/TAC1/CELF2/GJA1",33
"GO:0007616","long-term memory","8/1869","28/18842",0.285714285714286,2.88037911793931,3.30416088208264,0.00467853198456807,0.0407582853137934,0.0313783303923282,"LDLR/ARC/KAT2A/LCN2/CAMK2N1/GRIA1/EGR1/TAC1",8
"GO:0045684","positive regulation of epidermis development","8/1869","28/18842",0.285714285714286,2.88037911793931,3.30416088208264,0.00467853198456807,0.0407582853137934,0.0313783303923282,"ALOX15B/SFRP4/ELAPOR2/NME2/ETV4/ZBED2/CYP27B1/PKP1",8
"GO:0048713","regulation of oligodendrocyte differentiation","8/1869","28/18842",0.285714285714286,2.88037911793931,3.30416088208264,0.00467853198456807,0.0407582853137934,0.0313783303923282,"PTN/PTPRZ1/QKI/MDK/ZNF365/NOTCH1/TNFRSF21/TENM4",8
"GO:0060402","calcium ion transport into cytosol","8/1869","28/18842",0.285714285714286,2.88037911793931,3.30416088208264,0.00467853198456807,0.0407582853137934,0.0313783303923282,"NOS1/ASPH/ADCYAP1R1/SLC8A3/CAV1/JPH4/PLA2G1B/TRPC3",8
"GO:0061383","trabecula morphogenesis","8/1869","28/18842",0.285714285714286,2.88037911793931,3.30416088208264,0.00467853198456807,0.0407582853137934,0.0313783303923282,"S1PR1/ADGRG6/TGFBR3/NOTCH1/RBP4/GREM1/HEY1/TEK",8
"GO:0072012","glomerulus vasculature development","8/1869","28/18842",0.285714285714286,2.88037911793931,3.30416088208264,0.00467853198456807,0.0407582853137934,0.0313783303923282,"PECAM1/TCF21/NOTCH1/PDGFB/EGR1/EDN1/TEK/CD34",8
"GO:0001936","regulation of endothelial cell proliferation","28/1869","169/18842",0.165680473372781,1.67027901513641,2.90448572559464,0.0046812387328929,0.0407582853137934,0.0313783303923282,"EGF/AGTR1/IL10/MIR27A/CAV2/FGF2/MDK/MMRN2/TNFSF12/ACVRL1/CAV1/EGFL7/JCAD/MIR27B/PDGFB/NR4A1/VEGFA/GATA2/MIR29C/CCL2/SEMA5A/ATOH8/CDH13/PTPRM/TEK/RGCC/BMP6/SULF1",28
"GO:0009595","detection of biotic stimulus","10/1869","40/18842",0.25,2.5203317281969,3.19406426795909,0.00473309516248928,0.0409473025761214,0.031523847949348,"CRTAM/LATS2/PAK1/TSPO/FAP/NR4A1/CLEC6A/NLRC4/PGLYRP4/CDHR2",10
"GO:0045738","negative regulation of DNA repair","10/1869","40/18842",0.25,2.5203317281969,3.19406426795909,0.00473309516248928,0.0409473025761214,0.031523847949348,"PARPBP/HELB/RMI2/RIF1/RADX/FANCB/POLQ/AUNIP/PLK1/HMGA2",10
"GO:0045740","positive regulation of DNA replication","10/1869","40/18842",0.25,2.5203317281969,3.19406426795909,0.00473309516248928,0.0409473025761214,0.031523847949348,"CDKN1A/AGER/CDT1/CDC25A/ATAD5/E2F8/CDK1/PCNA/E2F7/ENDOG",10
"GO:0046686","response to cadmium ion","10/1869","40/18842",0.25,2.5203317281969,3.19406426795909,0.00473309516248928,0.0409473025761214,0.031523847949348,"ABCB6/MT2A/MT1A/MT1E/SLC11A1/MT1M/TERT/CDK1/PCNA/CAT",10
"GO:0051896","regulation of phosphatidylinositol 3-kinase/protein kinase B signal transduction","40/1869","265/18842",0.150943396226415,1.52170972268492,2.83818954999819,0.00475900510899055,0.0410793048923752,0.0316254717605578,"MMP3/EGF/RRAS/MYOC/GAB1/FYN/FPR2/NTRK2/PTPN1/PECAM1/GPER1/HCST/FGF2/PLK3/RAMP3/ADRA2C/FGR/KLF4/CCL19/ADTRP/PDGFB/CASS4/DAB2IP/PIK3R5/VEGFA/MIR29C/DCN/PIP5K1B/EFNA5/SEMA5A/HBEGF/PIK3IP1/GATA3/CD19/TEK/CEACAM1/HYAL2/FERMT2/CEP55/GAS6",40
"GO:0007156","homophilic cell-cell adhesion","29/1869","177/18842",0.163841807909605,1.65174282751887,2.89085438451101,0.00476347544306946,0.0410793048923752,0.0316254717605578,"ROBO4/PCDHGC3/PECAM1/PTK7/PCDH10/IGSF9/ESAM/CNTN4/CDH5/PCDH7/PCDH9/CDH3/PCDHGA12/PCDHGB7/NECTIN4/CDH13/PTPRM/NECTIN1/CLSTN3/FAT2/DSCAML1/CNTN6/CEACAM1/CDH17/PCDHGB6/PCDH12/CDH19/CDHR2/CDH26",29
"GO:0040001","establishment of mitotic spindle localization","9/1869","34/18842",0.264705882352941,2.66858653573789,3.23142592685361,0.00482277119154208,0.0414590441196964,0.031917819263552,"CENPA/BCCIP/NUSAP1/ESPL1/SAPCD2/PKHD1/SPDL1/NDC80/GJA1",9
"GO:0071392","cellular response to estradiol stimulus","9/1869","34/18842",0.264705882352941,2.66858653573789,3.23142592685361,0.00482277119154208,0.0414590441196964,0.031917819263552,"CCNA2/SFRP1/SRD5A1/KIF18A/IL10/GPER1/RAMP3/SSTR1/AIFM1",9
"GO:0090181","regulation of cholesterol metabolic process","12/1869","53/18842",0.226415094339623,2.28256458402738,3.10272056946607,0.00494365500935688,0.0424310863599303,0.0326661594435801,"AGTR1/ACADL/QKI/LDLR/MIR27A/CES1/GPR146/CH25H/INSIG1/MIR27B/APOA1/ABCG1",12
"GO:0008217","regulation of blood pressure","27/1869","162/18842",0.166666666666667,1.68022115213126,2.88533685953444,0.00498890477351018,0.0427317155440458,0.0328976029842523,"EDNRB/GNA11/NPR1/ADM/AGTR1/MME/NOS1/PTPN1/KL/ID2/ADM2/KCNK3/PTGS2/NPR3/PDE1C/NMU/ACVRL1/ADRB2/MIR27B/ACE/ADRB1/AVPR2/RAMP2/EDN3/EDN1/HBB/TAC1",27
"GO:0002687","positive regulation of leukocyte migration","24/1869","139/18842",0.172661870503597,1.74066076192016,2.90836172564573,0.0049944118112404,0.0427317155440458,0.0328976029842523,"NEDD9/PTN/C5AR1/AGER/FPR2/DAPK2/MDK/TNFRSF14/XG/SPN/CXCL13/JAM3/CCL19/STK39/JAM2/VEGFA/CCL2/EDN3/IL6/EDN1/SPI1/LYVE1/GAS6/ICAM1",24
"GO:0003012","muscle system process","65/1869","477/18842",0.136268343815514,1.37376572186833,2.74372457186471,0.00518624393498399,0.0443032441804528,0.0341074660683967,"EDNRB/RGS2/SCN7A/CHRNG/TNNI2/MYOC/TMOD1/GLRX3/NOS1/ADRA1B/FOXO3/TACR2/MYLK2/ASPH/GPER1/MYL9/NPNT/CHRNB1/SGCA/GDNF/PAK1/FOXO1/SMPX/DOCK4/DSP/NOTCH1/NPR3/KLF15/ADRA2C/NMU/STC1/ARRB1/CACNA1S/KLF4/SLC8A3/CAV1/ADRB2/CAV3/PDGFB/RPL36A/JUND/ADGRD1/PROK2/RNF207/P2RX6/TNNT3/JPH4/ATP1B1/SCN4B/EDN3/MB/LMCD1/KCNE1/FXYD1/EDN1/PRKG1/NR4A3/TRPC3/MYH2/TNNC1/GJA1/CRYAB/SYNM/RPL17/SULF1",65
"GO:0090287","regulation of cellular response to growth factor stimulus","48/1869","333/18842",0.144144144144144,1.45316423968109,2.76862151949972,0.00532867696447213,0.0454485116922717,0.0349891661226748,"TMEM108/SNX25/ZBTB7A/PEG10/SMAD6/CCN1/LATS2/ADAMTS12/NREP/SLIT2/PTPN1/DKK3/FERMT1/LRRC32/TMEM204/SFRP4/FGF2/TGFBR3/MMRN2/CXCL13/FSTL3/NOTCH1/SCUBE3/CDH5/SPRY4/SOSTDC1/ACVRL1/VEPH1/NBL1/ELAPOR2/CRIM1/CAV1/JCAD/MIR27B/CDH3/DAB2IP/GREM1/VEGFA/CCBE1/DCN/CITED2/FST/BMP2/SEMA6A/CHRDL2/CDKN2B/LTBP4/SULF1",48
"GO:0090307","mitotic spindle assembly","15/1869","74/18842",0.202702702702703,2.04351221205154,2.98456964935438,0.00547209191759015,0.0465985507653092,0.0358745396294362,"CDCA8/BCCIP/UHRF1/TPX2/RCC1/KIF4A/LSM14A/KIF23/INCENP/KIF15/BIRC5/AURKB/PRC1/PLK1/KIF11",15
"GO:0007588","excretion","7/1869","23/18842",0.304347826086957,3.06822992997883,3.29337955707772,0.00548934189932,0.0465993664671962,0.0358751676088302,"EDNRB/NPR1/AGTR1/MDK/ABCG2/STC1/CHRNB4",7
"GO:0045606","positive regulation of epidermal cell differentiation","7/1869","23/18842",0.304347826086957,3.06822992997883,3.29337955707772,0.00548934189932,0.0465993664671962,0.0358751676088302,"ALOX15B/SFRP4/NME2/ETV4/ZBED2/CYP27B1/PKP1",7
"GO:1902749","regulation of cell cycle G2/M phase transition","20/1869","110/18842",0.181818181818182,1.83296852959774,2.90743612000855,0.0055021658148898,0.0466353617352516,0.0359028790644253,"CCNB1/CDKN1A/CDC6/CENPF/TICRR/BLM/ORC1/CDC25A/ATAD5/PKMYT1/FHL1/DTL/KIF14/AURKA/CDK1/CHEK1/AURKB/PLK1/CLSPN/CDC25C",20
"GO:0010817","regulation of hormone levels","66/1869","487/18842",0.135523613963039,1.36625785676382,2.71738739017281,0.00553056269229871,0.0468030328773503,0.0360319630151736,"EDNRB/AKR1B15/PNPLA2/ADM/AGTR1/MME/ECRG4/OPRK1/TACR2/ADH1B/SRD5A1/DKK3/ADH1A/FFAR2/GPER1/HNF4A/CES1/CYP3A7/STX1A/PDE8B/UGT1A6/CAMP/FOXO1/ADRA2C/NMU/TSPO/GNAZ/PRMT3/ACE/EPHA5/ABCA12/TFR2/RBP4/TBX3/RAB11FIP1/FGA/IYD/EXOC3L1/EFNA5/SOX4/EGR1/ECE2/PRKN/TNFSF11/PAPSS2/CYP27C1/SPP1/EDN3/RETN/GATA3/BMP2/IL6/EDN1/HCAR2/ADCY8/TUBB1/BCO1/TAC1/FFAR4/HSD17B2/GHR/CYP1A2/GJA1/BMP6/HNF1A/UQCC2",66
"GO:0110053","regulation of actin filament organization","38/1869","251/18842",0.151394422310757,1.52625666408736,2.78522582653772,0.005540913537106,0.0468177033391865,0.0360432572733829,"S1PR1/MYOC/TMOD1/SFRP1/SLIT2/BAIAP2L2/DLC1/MYADM/ESAM/CCN2/ARHGEF15/PAK1/LIMCH1/PTGER4/KANK2/RDX/SORBS3/WASF3/RHPN1/SHANK3/KANK3/SEMA5A/SPTBN1/PRKN/ARHGAP6/ACTN2/APOA1/PRKCE/ARHGAP40/SYNPO/TAC1/RHPN2/SPTBN2/CFL2/RGCC/FERMT2/CGNL1/PHLDB2",38
"GO:0071559","response to transforming growth factor beta","42/1869","284/18842",0.147887323943662,1.49090045893338,2.76607749231951,0.00560882540786816,0.0473179323617201,0.0364283655138314,"WNT2/SNX25/ZBTB7A/PEG10/SMAD6/LATS2/NREP/SFRP1/DKK3/FERMT1/MIR27A/ID1/CLDN5/LRRC32/TGFBR3/GDF10/JUN/TGFBR2/CDH5/ACVRL1/VEPH1/MIR27B/CDH3/ZFP36L2/FOS/ANKRD1/PENK/CITED2/COL1A1/CRK/COL3A1/BMP2/EDN1/ZYX/HYAL2/SPI1/CDKN2B/RGCC/FERMT2/MXRA5/SOX5/LTBP4",42
"GO:0002699","positive regulation of immune effector process","36/1869","235/18842",0.153191489361702,1.54437348451214,2.78657050227707,0.00563474939125554,0.0474629355700641,0.0365399982418604,"CRTAM/RASGRP4/SECTM1/FFAR2/IL10/HLA-DRA/CD55/EPHB2/CD1A/TNFRSF14/TBX21/CLNK/RARA/INAVA/FGR/CCL19/ARID5A/KLRC3/CFP/RBP4/RIF1/CD177/GATA2/TYROBP/KLRD1/ARG1/HSPD1/IL6/NR4A3/TAC1/SPI1/SH2D1B/MASP1/IL13/FCN3/IL18R1",36
"GO:0031214","biomineral tissue development","25/1869","148/18842",0.168918918918919,1.70292684337628,2.84883428196124,0.00564628399088709,0.0474864720162377,0.0365581181008931,"S1PR1/RXRA/PTN/CCN1/KL/MMP13/LGR4/ADGRG6/NOTCH1/SLC24A4/TFAP2A/DMP1/CLEC3B/CEBPB/GREM1/ODAM/HEY1/COL1A1/SPP1/NT5E/BMP2/CYP27B1/IBSP/BMP6/GAS6",25
"GO:0002703","regulation of leukocyte mediated immunity","34/1869","219/18842",0.155251141552511,1.56513751157433,2.79144252731661,0.00569061352116692,0.047779344571602,0.036783590093503,"CRTAM/RASGRP4/CD274/AGER/SECTM1/IL10/HLA-DRA/CD55/CD1A/TNFRSF14/TBX21/CLNK/FGR/CR2/ARID5A/KLRC3/RIF1/CD177/GATA2/TYROBP/KLRD1/NECTIN4/ARG1/CRK/FOXP3/HSPD1/IL6/TAC1/CEACAM1/SPI1/SH2D1B/C4BPB/IL18R1/ICAM1",34
"GO:0036297","interstrand cross-link repair","10/1869","41/18842",0.24390243902439,2.45886022263112,3.10307631498465,0.00571438581596046,0.047779344571602,0.036783590093503,"FIRRM/FANCD2/FANCA/NEIL3/FIGNL1/FANCI/HROB/RAD51/FANCB/RAD51AP1",10
"GO:1902622","regulation of neutrophil migration","10/1869","41/18842",0.24390243902439,2.45886022263112,3.10307631498465,0.00571438581596046,0.047779344571602,0.036783590093503,"RAC3/C5AR1/SLIT2/DAPK2/MDK/XG/BST1/JAM3/CCL19/EDN1",10
"GO:0071774","response to fibroblast growth factor","19/1869","103/18842",0.184466019417476,1.8596622460482,2.9030236959539,0.00571628455209668,0.047779344571602,0.036783590093503,"PTPN1/KL/IER2/FGF2/FGFR4/ZFP36/CXCL13/SHCBP1/SPRY4/FGF10/HYAL1/TBX2/ZFP36L2/NR4A1/FGF20/CCL2/COL1A1/HYAL2/SULF1",19
"GO:0046879","hormone secretion","40/1869","268/18842",0.149253731343284,1.50467565862501,2.76124126322169,0.00577450069097887,0.0480658815488131,0.0370041845535331,"AGTR1/ECRG4/OPRK1/TACR2/FFAR2/GPER1/HNF4A/STX1A/PDE8B/CAMP/FOXO1/ADRA2C/NMU/TSPO/GNAZ/EPHA5/ABCA12/TFR2/RBP4/TBX3/RAB11FIP1/FGA/EXOC3L1/EFNA5/SOX4/PRKN/TNFSF11/SPP1/EDN3/RETN/IL6/EDN1/HCAR2/ADCY8/TAC1/FFAR4/GJA1/BMP6/HNF1A/UQCC2",40
"GO:0071478","cellular response to radiation","26/1869","156/18842",0.166666666666667,1.68022115213126,2.83094596137217,0.00578730707649923,0.0480658815488131,0.0370041845535331,"MMP3/GUCY2F/CDKN1A/MME/SFRP1/BLM/BRCA2/RHOB/SLC24A4/HRAS/HYAL1/FIGNL1/LCN2/NET1/RGR/EGR1/RAD51/PCNA/ECT2/GATA3/MMP1/HYAL2/AURKB/SLC24A2/CRYAB/RAD51AP1",26
"GO:0051053","negative regulation of DNA metabolic process","23/1869","133/18842",0.172932330827068,1.743387360858,2.8549139700894,0.00579153853044927,0.0480658815488131,0.0370041845535331,"PARPBP/GMNN/HELB/CDKN1A/DACH1/CDC6/BLM/DUSP1/CDT1/TIMELESS/RMI2/RIF1/RADX/BCL6/ANKRD1/H1-10/SLFN11/FANCB/POLQ/AUNIP/PIF1/PLK1/HMGA2",23
"GO:0002347","response to tumor cell","12/1869","54/18842",0.222222222222222,2.24029486950835,3.02871822762268,0.00579480073890531,0.0480658815488131,0.0370041845535331,"CRTAM/CD274/NKG7/TNFRSF14/NOTCH1/KLF4/RBMS3/TXNIP/HSPD1/PRF1/CEACAM1/SPI1",12
"GO:0055021","regulation of cardiac muscle tissue growth","12/1869","54/18842",0.222222222222222,2.24029486950835,3.02871822762268,0.00579480073890531,0.0480658815488131,0.0370041845535331,"RGS2/CCNB1/FGF2/TGFBR3/PAK1/NOTCH1/TBX2/CAV3/RBP4/TBX5/CDK1/EDN1",12
"GO:0044344","cellular response to fibroblast growth factor stimulus","18/1869","96/18842",0.1875,1.89024879614767,2.90181702978238,0.00590726493632632,0.0488267573155514,0.0375899552995893,"PTPN1/KL/FGF2/FGFR4/ZFP36/CXCL13/SHCBP1/SPRY4/FGF10/HYAL1/TBX2/ZFP36L2/NR4A1/FGF20/CCL2/COL1A1/HYAL2/SULF1",18
"GO:0060317","cardiac epithelial to mesenchymal transition","8/1869","29/18842",0.275862068965517,2.78105570007933,3.18511261906016,0.00590868984888133,0.0488267573155514,0.0375899552995893,"TGFBR3/TGFBR2/NOTCH1/TBX3/SNAI1/HEY1/BMP2/EMP2",8
"GO:0032373","positive regulation of sterol transport","9/1869","35/18842",0.257142857142857,2.59234120614538,3.12887140011355,0.00593146692955346,0.0488267573155514,0.0375899552995893,"RXRA/CES1/ABCA8/PON1/ABCB4/CAV1/ABCA12/APOA1/ABCG1",9
"GO:0032376","positive regulation of cholesterol transport","9/1869","35/18842",0.257142857142857,2.59234120614538,3.12887140011355,0.00593146692955346,0.0488267573155514,0.0375899552995893,"RXRA/CES1/ABCA8/PON1/ABCB4/CAV1/ABCA12/APOA1/ABCG1",9
"GO:0072210","metanephric nephron development","9/1869","35/18842",0.257142857142857,2.59234120614538,3.12887140011355,0.00593146692955346,0.0488267573155514,0.0375899552995893,"LGR4/TCF21/GDNF/PDGFB/GREM1/KIF26B/EGR1/CD34/IRX1",9
"GO:1904705","regulation of vascular associated smooth muscle cell proliferation","17/1869","89/18842",0.191011235955056,1.92564671367853,2.90457242479415,0.00606509243750469,0.0498512060710484,0.0383786413611473,"CDKN1A/IL10/ADAMTS1/GPER1/MIR27A/FGF2/PAK1/JUN/MIR27B/PDGFB/TERT/EDN1/P2RY6/PRKG1/NR4A3/RGCC/GJA1",17
"GO:0006909","phagocytosis","35/1869","228/18842",0.153508771929825,1.54757211380511,2.76036308782889,0.0060744505502295,0.0498527036848895,0.0383797943199027,"CD93/SFTPA1/FYN/AGER/FPR2/PLPP4/LDLR/ICAM4/PECAM1/ANXA3/MSR1/XKR6/PAK1/RARA/MARCO/SLC11A1/FGR/LEPR/CEACAM4/CD36/SIRPB1/CFP/GATA2/CCL2/TYROBP/SRPX/APOA1/PRKCE/HAVCR1/P2RY6/MASP1/C4BPB/FCN3/NCF2/GAS6",35
